time_s,mf4_time_s,front_brake_pressure_psi,rear_brake_pressure_linear_psi,rear_brake_pressure_hold_psi
0.0,465.816454,0.0,0.0,0.0
0.009999999999990905,465.826454,0.0,0.0,0.0
0.01999999999998181,465.836454,0.0,0.0,0.0
0.029999999999972715,465.846454,0.0,0.0,0.0
0.03999999999996362,465.856454,0.0,0.0,0.0
0.049999999999954525,465.866454,0.0,0.0,0.0
0.05999999999994543,465.87645399999997,0.0,0.0,0.0
0.06999999999993634,465.88645399999996,0.0,0.0,0.0
0.07999999999992724,465.89645399999995,0.0,0.0,0.0
0.08999999999991815,465.90645399999994,0.0,0.0,0.0
0.09999999999990905,465.91645399999993,0.0,0.0,0.0
0.10999999999989996,465.9264539999999,0.0,0.0,0.0
0.11999999999989086,465.9364539999999,0.0,0.0,0.0
0.12999999999988177,465.9464539999999,0.0,0.0,0.0
0.13999999999987267,465.9564539999999,0.0,0.0,0.0
0.14999999999986358,465.9664539999999,0.0,0.0,0.0
0.15999999999985448,465.9764539999999,0.0,0.0,0.0
0.16999999999984539,465.98645399999987,0.0,0.0,0.0
0.1799999999998363,465.99645399999986,0.0,0.0,0.0
0.1899999999998272,466.00645399999985,0.0,0.0,0.0
0.1999999999998181,466.01645399999984,0.0,0.0,0.0
0.209999999999809,466.02645399999983,0.0,0.0,0.0
0.2199999999997999,466.0364539999998,0.0,0.0,0.0
0.22999999999979082,466.0464539999998,0.0,0.0,0.0
0.23999999999978172,466.0564539999998,0.0,0.0,0.0
0.24999999999977263,466.0664539999998,0.0,0.0,0.0
0.25999999999976353,466.0764539999998,0.0,0.0,0.0
0.26999999999975444,466.0864539999998,0.0,0.0,0.0
0.27999999999974534,466.09645399999977,0.0,0.0,0.0
0.28999999999973625,466.10645399999976,0.0,0.0,0.0
0.29999999999972715,466.11645399999975,0.0,0.0,0.0
0.30999999999971806,466.12645399999974,0.0,0.0,0.0
0.31999999999970896,466.13645399999973,0.0,0.0,0.0
0.32999999999969987,466.1464539999997,0.0,0.0,0.0
0.33999999999969077,466.1564539999997,0.0,0.0,0.0
0.3499999999996817,466.1664539999997,0.0,0.0,0.0
0.3599999999996726,466.1764539999997,0.0,0.0,0.0
0.3699999999996635,466.1864539999997,0.0,0.0,0.0
0.3799999999996544,466.1964539999997,0.0,0.0,0.0
0.3899999999996453,466.20645399999967,0.0,0.0,0.0
0.3999999999996362,466.21645399999966,0.0,0.0,0.0
0.4099999999996271,466.22645399999965,0.0,0.0,0.0
0.419999999999618,466.23645399999964,0.0,0.0,0.0
0.4299999999996089,466.24645399999963,0.0,0.0,0.0
0.4399999999995998,466.2564539999996,0.0,0.0,0.0
0.4499999999995907,466.2664539999996,0.0,0.0,0.0
0.45999999999958163,466.2764539999996,0.0,0.0,0.0
0.46999999999957254,466.2864539999996,0.0,0.0,0.0
0.47999999999956344,466.2964539999996,0.0,0.0,0.0
0.48999999999955435,466.3064539999996,0.0,0.0,0.0
0.49999999999954525,466.31645399999957,0.0,0.0,0.0
0.5099999999995362,466.32645399999956,0.0,0.0,0.0
0.5199999999995271,466.33645399999955,0.0,0.0,0.0
0.529999999999518,466.34645399999954,0.0,0.0,0.0
0.5399999999995089,466.35645399999953,0.0,0.0,0.0
0.5499999999994998,466.3664539999995,0.0,0.0,0.0
0.5599999999994907,466.3764539999995,0.0,0.0,0.0
0.5699999999994816,466.3864539999995,0.0,0.0,0.0
0.5799999999994725,466.3964539999995,0.0,0.0,0.0
0.5899999999994634,466.4064539999995,0.0,0.0,0.0
0.5999999999994543,466.4164539999995,0.0,0.0,0.0
0.6099999999994452,466.42645399999947,0.0,0.0,0.0
0.6199999999994361,466.43645399999946,0.0,0.0,0.0
0.629999999999427,466.44645399999945,0.0,0.0,0.0
0.6399999999994179,466.45645399999944,0.0,0.0,0.0
0.6499999999994088,466.46645399999943,0.0,0.0,0.0
0.6599999999993997,466.4764539999994,0.0,0.0,0.0
0.6699999999993906,466.4864539999994,0.0,0.0,0.0
0.6799999999993815,466.4964539999994,0.0,0.0,0.0
0.6899999999993724,466.5064539999994,0.0,0.0,0.0
0.6999999999993634,466.5164539999994,0.0,0.0,0.0
0.7099999999993543,466.5264539999994,0.0,0.0,0.0
0.7199999999993452,466.53645399999937,0.0,0.0,0.0
0.7299999999993361,466.54645399999936,0.0,0.0,0.0
0.739999999999327,466.55645399999935,0.0,0.0,0.0
0.7499999999993179,466.56645399999934,0.0,0.0,0.0
0.7599999999993088,466.57645399999933,0.0,0.0,0.0
0.7699999999992997,466.5864539999993,0.0,0.0,0.0
0.7799999999992906,466.5964539999993,0.0,0.0,0.0
0.7899999999992815,466.6064539999993,0.0,0.0,0.0
0.7999999999992724,466.6164539999993,0.0,0.0,0.0
0.8099999999992633,466.6264539999993,0.0,0.0,0.0
0.8199999999992542,466.6364539999993,0.0,0.0,0.0
0.8299999999992451,466.64645399999927,0.0,0.0,0.0
0.839999999999236,466.65645399999926,0.0,0.0,0.0
0.8499999999992269,466.66645399999925,0.0,0.0,0.0
0.8599999999992178,466.67645399999924,0.0,0.0,0.0
0.8699999999992087,466.68645399999923,0.0,0.0,0.0
0.8799999999991996,466.6964539999992,0.0,0.0,0.0
0.8899999999991905,466.7064539999992,0.0,0.0,0.0
0.8999999999991815,466.7164539999992,0.0,0.0,0.0
0.9099999999991724,466.7264539999992,0.0,0.0,0.0
0.9199999999991633,466.7364539999992,0.0,0.0,0.0
0.9299999999991542,466.7464539999992,0.0,0.0,0.0
0.9399999999991451,466.75645399999917,0.0,0.0,0.0
0.949999999999136,466.76645399999916,0.0,0.0,0.0
0.9599999999991269,466.77645399999915,0.0,0.0,0.0
0.9699999999991178,466.78645399999914,0.0,0.0,0.0
0.9799999999991087,466.79645399999913,0.0,0.0,0.0
0.9899999999990996,466.8064539999991,0.0,0.0,0.0
0.9999999999990905,466.8164539999991,0.0,0.0,0.0
1.0099999999990814,466.8264539999991,0.0,0.0,0.0
1.0199999999990723,466.8364539999991,0.0,0.0,0.0
1.0299999999990632,466.8464539999991,0.0,0.0,0.0
1.0399999999990541,466.8564539999991,0.0,0.0,0.0
1.049999999999045,466.86645399999907,0.0,0.0,0.0
1.059999999999036,466.87645399999906,0.0,0.0,0.0
1.0699999999990268,466.88645399999905,0.0,0.0,0.0
1.0799999999990177,466.89645399999904,0.0,0.0,0.0
1.0899999999990087,466.90645399999903,0.0,0.0,0.0
1.0999999999989996,466.916453999999,0.0,0.0,0.0
1.1099999999989905,466.926453999999,0.0,0.0,0.0
1.1199999999989814,466.936453999999,0.0,0.0,0.0
1.1299999999989723,466.946453999999,0.0,0.0,0.0
1.1399999999989632,466.956453999999,0.0,0.0,0.0
1.149999999998954,466.966453999999,0.0,0.0,0.0
1.159999999998945,466.97645399999897,0.0,0.0,0.0
1.169999999998936,466.98645399999896,0.0,0.0,0.0
1.1799999999989268,466.99645399999895,0.0,0.0,0.0
1.1899999999989177,467.00645399999894,0.0,0.0,0.0
1.1999999999989086,467.01645399999893,0.0,0.0,0.0
1.2099999999988995,467.0264539999989,0.0,0.0,0.0
1.2199999999988904,467.0364539999989,0.0,0.0,0.0
1.2299999999988813,467.0464539999989,0.0,0.0,0.0
1.2399999999988722,467.0564539999989,0.0,0.0,0.0
1.2499999999988631,467.0664539999989,0.0,0.0,0.0
1.259999999998854,467.0764539999989,0.0,0.0,0.0
1.269999999998845,467.08645399999887,0.0,0.0,0.0
1.2799999999988358,467.09645399999886,0.0,0.0,0.0
1.2899999999988268,467.10645399999885,0.0,0.0,0.0
1.2999999999988177,467.11645399999884,0.0,0.0,0.0
1.3099999999988086,467.12645399999883,0.0,0.0,0.0
1.3199999999987995,467.1364539999988,0.0,0.0,0.0
1.3299999999987904,467.1464539999988,0.0,0.0,0.0
1.3399999999987813,467.1564539999988,0.0,0.0,0.0
1.3499999999987722,467.1664539999988,0.0,0.0,0.0
1.359999999998763,467.1764539999988,0.0,0.0,0.0
1.369999999998754,467.1864539999988,0.0,0.0,0.0
1.379999999998745,467.19645399999877,0.0,0.0,0.0
1.3899999999987358,467.20645399999876,0.0,0.0,0.0
1.3999999999987267,467.21645399999875,0.0,0.0,0.0
1.4099999999987176,467.22645399999874,0.0,0.0,0.0
1.4199999999987085,467.23645399999873,0.0,0.0,0.0
1.4299999999986994,467.2464539999987,0.0,0.0,0.0
1.4399999999986903,467.2564539999987,0.0,0.0,0.0
1.4499999999986812,467.2664539999987,0.0,0.0,0.0
1.4599999999986721,467.2764539999987,0.0,0.0,0.0
1.469999999998663,467.2864539999987,0.0,0.0,0.0
1.479999999998654,467.2964539999987,0.0,0.0,0.0
1.4899999999986449,467.30645399999867,0.0,0.0,0.0
1.4999999999986358,467.31645399999866,0.0,0.0,0.0
1.5099999999986267,467.32645399999865,0.0,0.0,0.0
1.5199999999986176,467.33645399999864,0.0,0.0,0.0
1.5299999999986085,467.34645399999863,0.0,0.0,0.0
1.5399999999985994,467.3564539999986,0.0,0.0,0.0
1.5499999999985903,467.3664539999986,0.0,0.0,0.0
1.5599999999985812,467.3764539999986,0.0,0.0,0.0
1.569999999998572,467.3864539999986,0.0,0.0,0.0
1.579999999998563,467.3964539999986,0.0,0.0,0.0
1.589999999998554,467.4064539999986,0.0,0.0,0.0
1.5999999999985448,467.41645399999857,0.0,0.0,0.0
1.6099999999985357,467.42645399999856,0.0,0.0,0.0
1.6199999999985266,467.43645399999855,0.0,0.0,0.0
1.6299999999985175,467.44645399999854,0.0,0.0,0.0
1.6399999999985084,467.45645399999853,0.0,0.0,0.0
1.6499999999984993,467.4664539999985,0.0,0.0,0.0
1.6599999999984902,467.4764539999985,0.0,0.0,0.0
1.6699999999984811,467.4864539999985,0.0,0.0,0.0
1.679999999998472,467.4964539999985,0.0,0.0,0.0
1.689999999998463,467.5064539999985,0.0,0.0,0.0
1.6999999999984539,467.5164539999985,0.0,0.0,0.0
1.7099999999984448,467.52645399999847,0.0,0.0,0.0
1.7199999999984357,467.53645399999846,0.0,0.0,0.0
1.7299999999984266,467.54645399999845,0.0,0.0,0.0
1.7399999999984175,467.55645399999844,0.0,0.0,0.0
1.7499999999984084,467.56645399999843,0.0,0.0,0.0
1.7599999999983993,467.5764539999984,0.0,0.0,0.0
1.7699999999983902,467.5864539999984,0.0,0.0,0.0
1.779999999998381,467.5964539999984,0.0,0.0,0.0
1.789999999998372,467.6064539999984,0.0,0.0,0.0
1.799999999998363,467.6164539999984,0.0,0.0,0.0
1.8099999999983538,467.6264539999984,0.0,0.0,0.0
1.8199999999983447,467.63645399999837,0.0,0.0,0.0
1.8299999999983356,467.64645399999836,0.0,0.0,0.0
1.8399999999983265,467.65645399999835,0.0,0.0,0.0
1.8499999999983174,467.66645399999834,0.0,0.0,0.0
1.8599999999983083,467.67645399999833,0.0,0.0,0.0
1.8699999999982992,467.6864539999983,0.0,0.0,0.0
1.8799999999982901,467.6964539999983,0.0,0.0,0.0
1.889999999998281,467.7064539999983,0.0,0.0,0.0
1.899999999998272,467.7164539999983,0.0,0.0,0.0
1.9099999999982629,467.7264539999983,0.0,0.0,0.0
1.9199999999982538,467.7364539999983,0.0,0.0,0.0
1.9299999999982447,467.74645399999827,0.0,0.0,0.0
1.9399999999982356,467.75645399999826,0.0,0.0,0.0
1.9499999999982265,467.76645399999825,0.0,0.0,0.0
1.9599999999982174,467.77645399999824,0.0,0.0,0.0
1.9699999999982083,467.78645399999823,0.0,0.0,0.0
1.9799999999981992,467.7964539999982,0.0,0.0,0.0
1.98999999999819,467.8064539999982,0.0,0.0,0.0
1.999999999998181,467.8164539999982,0.0,0.0,0.0
2.009999999998172,467.8264539999982,0.0,0.0,0.0
2.019999999998163,467.8364539999982,0.0,0.0,0.0
2.0299999999981537,467.8464539999982,0.0,0.0,0.0
2.0399999999981446,467.85645399999817,0.0,0.0,0.0
2.0499999999981355,467.86645399999816,0.0,0.0,0.0
2.0599999999981264,467.87645399999815,0.0,0.0,0.0
2.0699999999981173,467.88645399999814,0.0,0.0,0.0
2.0799999999981083,467.89645399999813,0.0,0.0,0.0
2.089999999998099,467.9064539999981,0.0,0.0,0.0
2.09999999999809,467.9164539999981,0.0,0.0,0.0
2.109999999998081,467.9264539999981,0.0,0.0,0.0
2.119999999998072,467.9364539999981,0.0,0.0,0.0
2.1299999999980628,467.9464539999981,0.0,0.0,0.0
2.1399999999980537,467.9564539999981,0.0,0.0,0.0
2.1499999999980446,467.96645399999807,0.0,0.0,0.0
2.1599999999980355,467.97645399999806,0.0,0.0,0.0
2.1699999999980264,467.98645399999805,0.0,0.0,0.0
2.1799999999980173,467.99645399999804,0.0,0.0,0.0
2.189999999998008,468.00645399999803,0.0,0.0,0.0
2.199999999997999,468.016453999998,0.0,0.0,0.0
2.20999999999799,468.026453999998,0.0,0.0,0.0
2.219999999997981,468.036453999998,0.0,0.0,0.0
2.229999999997972,468.046453999998,0.0,0.0,0.0
2.2399999999979627,468.056453999998,0.0,0.0,0.0
2.2499999999979536,468.066453999998,0.0,0.0,0.0
2.2599999999979445,468.07645399999797,0.0,0.0,0.0
2.2699999999979354,468.08645399999796,0.0,0.0,0.0
2.2799999999979264,468.09645399999795,0.0,0.0,0.0
2.2899999999979173,468.10645399999794,0.0,0.0,0.0
2.299999999997908,468.11645399999793,0.0,0.0,0.0
2.309999999997899,468.1264539999979,0.0,0.0,0.0
2.31999999999789,468.1364539999979,0.0,0.0,0.0
2.329999999997881,468.1464539999979,0.0,0.0,0.0
2.339999999997872,468.1564539999979,0.0,0.0,0.0
2.3499999999978627,468.1664539999979,0.0,0.0,0.0
2.3599999999978536,468.1764539999979,0.0,0.0,0.0
2.3699999999978445,468.18645399999787,0.0,0.0,0.0
2.3799999999978354,468.19645399999786,0.0,0.0,0.0
2.3899999999978263,468.20645399999785,0.0,0.0,0.0
2.399999999997817,468.21645399999784,0.0,0.0,0.0
2.409999999997808,468.22645399999783,0.0,0.0,0.0
2.419999999997799,468.2364539999978,0.0,0.0,0.0
2.42999999999779,468.2464539999978,0.0,0.0,0.0
2.439999999997781,468.2564539999978,0.0,0.0,0.0
2.4499999999977717,468.2664539999978,0.0,0.0,0.0
2.4599999999977626,468.2764539999978,0.0,0.0,0.0
2.4699999999977535,468.2864539999978,0.0,0.0,0.0
2.4799999999977445,468.29645399999777,0.0,0.0,0.0
2.4899999999977354,468.30645399999776,0.0,0.0,0.0
2.4999999999977263,468.31645399999775,0.0,0.0,0.0
2.509999999997717,468.32645399999774,0.0,0.0,0.0
2.519999999997708,468.33645399999773,0.0,0.0,0.0
2.529999999997699,468.3464539999977,0.0,0.0,0.0
2.53999999999769,468.3564539999977,0.0,0.0,0.0
2.549999999997681,468.3664539999977,0.0,0.0,0.0
2.5599999999976717,468.3764539999977,0.0,0.0,0.0
2.5699999999976626,468.3864539999977,0.0,0.0,0.0
2.5799999999976535,468.3964539999977,0.0,0.0,0.0
2.5899999999976444,468.40645399999767,0.0,0.0,0.0
2.5999999999976353,468.41645399999766,0.0,0.0,0.0
2.609999999997626,468.42645399999765,0.0,0.0,0.0
2.619999999997617,468.43645399999764,0.0,0.0,0.0
2.629999999997608,468.44645399999763,0.0,0.0,0.0
2.639999999997599,468.4564539999976,0.0,0.0,0.0
2.64999999999759,468.4664539999976,0.0,0.0,0.0
2.6599999999975807,468.4764539999976,0.0,0.0,0.0
2.6699999999975716,468.4864539999976,0.0,0.0,0.0
2.6799999999975626,468.4964539999976,0.0,0.0,0.0
2.6899999999975535,468.5064539999976,0.0,0.0,0.0
2.6999999999975444,468.51645399999757,0.0,0.0,0.0
2.7099999999975353,468.52645399999756,0.0,0.0,0.0
2.719999999997526,468.53645399999755,0.0,0.0,0.0
2.729999999997517,468.54645399999754,0.0,0.0,0.0
2.739999999997508,468.55645399999753,0.0,0.0,0.0
2.749999999997499,468.5664539999975,0.0,0.0,0.0
2.75999999999749,468.5764539999975,0.0,0.0,0.0
2.7699999999974807,468.5864539999975,0.0,0.0,0.0
2.7799999999974716,468.5964539999975,0.0,0.0,0.0
2.7899999999974625,468.6064539999975,0.0,0.0,0.0
2.7999999999974534,468.6164539999975,0.0,0.0,0.0
2.8099999999974443,468.62645399999747,0.0,0.0,0.0
2.8199999999974352,468.63645399999746,0.0,0.0,0.0
2.829999999997426,468.64645399999745,0.0,0.0,0.0
2.839999999997417,468.65645399999744,0.0,0.0,0.0
2.849999999997408,468.66645399999743,0.0,0.0,0.0
2.859999999997399,468.6764539999974,0.0,0.0,0.0
2.8699999999973898,468.6864539999974,0.0,0.0,0.0
2.8799999999973807,468.6964539999974,0.0,0.0,0.0
2.8899999999973716,468.7064539999974,0.0,0.0,0.0
2.8999999999973625,468.7164539999974,0.0,0.0,0.0
2.9099999999973534,468.7264539999974,0.0,0.0,0.0
2.9199999999973443,468.73645399999737,0.0,0.0,0.0
2.929999999997335,468.74645399999736,0.0,0.0,0.0
2.939999999997326,468.75645399999735,0.0,0.0,0.0
2.949999999997317,468.76645399999734,0.0,0.0,0.0
2.959999999997308,468.77645399999733,0.0,0.0,0.0
2.969999999997299,468.7864539999973,0.0,0.0,0.0
2.9799999999972897,468.7964539999973,0.0,0.0,0.0
2.9899999999972806,468.8064539999973,0.0,0.0,0.0
2.9999999999972715,468.8164539999973,0.0,0.0,0.0
3.0099999999972624,468.8264539999973,0.0,0.0,0.0
3.0199999999972533,468.8364539999973,0.0,0.0,0.0
3.0299999999972442,468.84645399999727,0.0,0.0,0.0
3.039999999997235,468.85645399999726,0.0,0.0,0.0
3.049999999997226,468.86645399999725,0.0,0.0,0.0
3.059999999997217,468.87645399999724,0.0,0.0,0.0
3.069999999997208,468.88645399999723,0.0,0.0,0.0
3.0799999999971988,468.8964539999972,0.0,0.0,0.0
3.0899999999971897,468.9064539999972,0.0,0.0,0.0
3.0999999999971806,468.9164539999972,0.0,0.0,0.0
3.1099999999971715,468.9264539999972,0.0,0.0,0.0
3.1199999999971624,468.9364539999972,0.0,0.0,0.0
3.1299999999971533,468.9464539999972,0.0,0.0,0.0
3.139999999997144,468.95645399999717,0.0,0.0,0.0
3.149999999997135,468.96645399999716,0.0,0.0,0.0
3.159999999997126,468.97645399999715,0.0,0.0,0.0
3.169999999997117,468.98645399999714,0.0,0.0,0.0
3.179999999997108,468.99645399999713,0.0,0.0,0.0
3.1899999999970987,469.0064539999971,0.0,0.0,0.0
3.1999999999970896,469.0164539999971,0.0,0.0,0.0
3.2099999999970805,469.0264539999971,0.0,0.0,0.0
3.2199999999970714,469.0364539999971,0.0,0.0,0.0
3.2299999999970623,469.0464539999971,0.0,0.0,0.0
3.2399999999970532,469.0564539999971,0.0,0.0,0.0
3.249999999997044,469.06645399999707,0.0,0.0,0.0
3.259999999997035,469.07645399999706,0.0,0.0,0.0
3.269999999997026,469.08645399999705,0.0,0.0,0.0
3.279999999997017,469.09645399999704,0.0,0.0,0.0
3.2899999999970078,469.10645399999703,0.0,0.0,0.0
3.2999999999969987,469.116453999997,0.0,0.0,0.0
3.3099999999969896,469.126453999997,0.0,0.0,0.0
3.3199999999969805,469.136453999997,0.0,0.0,0.0
3.3299999999969714,469.146453999997,0.0,0.0,0.0
3.3399999999969623,469.156453999997,0.0,0.0,0.0
3.349999999996953,469.166453999997,0.0,0.0,0.0
3.359999999996944,469.17645399999697,0.0,0.0,0.0
3.369999999996935,469.18645399999696,0.0,0.0,0.0
3.379999999996926,469.19645399999695,0.0,0.0,0.0
3.389999999996917,469.20645399999694,0.0,0.0,0.0
3.3999999999969077,469.21645399999693,0.0,0.0,0.0
3.4099999999968986,469.2264539999969,0.0,0.0,0.0
3.4199999999968895,469.2364539999969,0.0,0.0,0.0
3.4299999999968804,469.2464539999969,0.0,0.0,0.0
3.4399999999968713,469.2564539999969,0.0,0.0,0.0
3.4499999999968622,469.2664539999969,0.0,0.0,0.0
3.459999999996853,469.2764539999969,0.0,0.0,0.0
3.469999999996844,469.28645399999687,0.0,0.0,0.0
3.479999999996835,469.29645399999686,0.0,0.0,0.0
3.489999999996826,469.30645399999685,0.0,0.0,0.0
3.4999999999968168,469.31645399999684,0.0,0.0,0.0
3.5099999999968077,469.32645399999683,0.0,0.0,0.0
3.5199999999967986,469.3364539999968,0.0,0.0,0.0
3.5299999999967895,469.3464539999968,0.0,0.0,0.0
3.5399999999967804,469.3564539999968,0.0,0.0,0.0
3.5499999999967713,469.3664539999968,0.0,0.0,0.0
3.559999999996762,469.3764539999968,0.0,0.0,0.0
3.569999999996753,469.3864539999968,0.0,0.0,0.0
3.579999999996744,469.39645399999677,0.0,0.0,0.0
3.589999999996735,469.40645399999676,0.0,0.0,0.0
3.599999999996726,469.41645399999675,0.0,0.0,0.0
3.6099999999967167,469.42645399999674,0.0,0.0,0.0
3.6199999999967076,469.43645399999673,0.0,0.0,0.0
3.6299999999966985,469.4464539999967,0.0,0.0,0.0
3.6399999999966894,469.4564539999967,0.0,0.0,0.0
3.6499999999966803,469.4664539999967,0.0,0.0,0.0
3.6599999999966712,469.4764539999967,0.0,0.0,0.0
3.669999999996662,469.4864539999967,0.0,0.0,0.0
3.679999999996653,469.4964539999967,0.0,0.0,0.0
3.689999999996644,469.50645399999667,0.0,0.0,0.0
3.699999999996635,469.51645399999666,0.0,0.0,0.0
3.7099999999966258,469.52645399999665,0.0,0.0,0.0
3.7199999999966167,469.53645399999664,0.0,0.0,0.0
3.7299999999966076,469.54645399999663,0.0,0.0,0.0
3.7399999999965985,469.5564539999966,0.0,0.0,0.0
3.7499999999965894,469.5664539999966,0.0,0.0,0.0
3.7599999999965803,469.5764539999966,0.0,0.0,0.0
3.769999999996571,469.5864539999966,0.0,0.0,0.0
3.779999999996562,469.5964539999966,0.0,0.0,0.0
3.789999999996553,469.6064539999966,0.0,0.0,0.0
3.799999999996544,469.61645399999657,0.0,0.0,0.0
3.809999999996535,469.62645399999656,0.0,0.0,0.0
3.8199999999965257,469.63645399999655,0.0,0.0,0.0
3.8299999999965166,469.64645399999654,0.0,0.0,0.0
3.8399999999965075,469.65645399999653,0.0,0.0,0.0
3.8499999999964984,469.6664539999965,0.0,0.0,0.0
3.8599999999964894,469.6764539999965,0.0,0.0,0.0
3.8699999999964803,469.6864539999965,0.0,0.0,0.0
3.879999999996471,469.6964539999965,0.0,0.0,0.0
3.889999999996462,469.7064539999965,0.0,0.0,0.0
3.899999999996453,469.7164539999965,0.0,0.0,0.0
3.909999999996444,469.72645399999647,0.0,0.0,0.0
3.919999999996435,469.73645399999646,0.0,0.0,0.0
3.9299999999964257,469.74645399999645,0.0,0.0,0.0
3.9399999999964166,469.75645399999644,0.0,0.0,0.0
3.9499999999964075,469.76645399999643,0.0,0.0,0.0
3.9599999999963984,469.7764539999964,0.0,0.0,0.0
3.9699999999963893,469.7864539999964,0.0,0.0,0.0
3.97999999999638,469.7964539999964,0.0,0.0,0.0
3.989999999996371,469.8064539999964,0.0,0.0,0.0
3.999999999996362,469.8164539999964,0.0,0.0,0.0
4.009999999996353,469.8264539999964,0.0,0.0,0.0
4.019999999996344,469.83645399999637,0.0,0.0,0.0
4.029999999996335,469.84645399999636,0.0,0.0,0.0
4.039999999996326,469.85645399999635,0.0,0.0,0.0
4.0499999999963165,469.86645399999634,0.0,0.0,0.0
4.0599999999963075,469.87645399999633,0.0,0.0,0.0
4.069999999996298,469.8864539999963,0.0,0.0,0.0
4.079999999996289,469.8964539999963,0.0,0.0,0.0
4.08999999999628,469.9064539999963,0.0,0.0,0.0
4.099999999996271,469.9164539999963,0.0,0.0,0.0
4.109999999996262,469.9264539999963,0.0,0.0,0.0
4.119999999996253,469.9364539999963,0.0,0.0,0.0
4.129999999996244,469.94645399999627,0.0,0.0,0.0
4.139999999996235,469.95645399999626,0.0,0.0,0.0
4.149999999996226,469.96645399999625,0.0,0.0,0.0
4.1599999999962165,469.97645399999624,0.0,0.0,0.0
4.169999999996207,469.98645399999623,0.0,0.0,0.0
4.179999999996198,469.9964539999962,0.0,0.0,0.0
4.189999999996189,470.0064539999962,0.0,0.0,0.0
4.19999999999618,470.0164539999962,0.0,0.0,0.0
4.209999999996171,470.0264539999962,0.0,0.0,0.0
4.219999999996162,470.0364539999962,0.0,0.0,0.0
4.229999999996153,470.0464539999962,0.0,0.0,0.0
4.239999999996144,470.05645399999617,0.0,0.0,0.0
4.249999999996135,470.06645399999616,0.0,0.0,0.0
4.2599999999961256,470.07645399999615,0.0,0.0,0.0
4.2699999999961165,470.08645399999614,0.0,0.0,0.0
4.279999999996107,470.09645399999613,0.0,0.0,0.0
4.289999999996098,470.1064539999961,0.0,0.0,0.0
4.299999999996089,470.1164539999961,0.0,0.0,0.0
4.30999999999608,470.1264539999961,0.0,0.0,0.0
4.319999999996071,470.1364539999961,0.0,0.0,0.0
4.329999999996062,470.1464539999961,0.0,0.0,0.0
4.339999999996053,470.1564539999961,0.0,0.0,0.0
4.349999999996044,470.16645399999607,0.0,0.0,0.0
4.359999999996035,470.17645399999606,0.0,0.0,0.0
4.3699999999960255,470.18645399999605,0.0,0.0,0.0
4.379999999996016,470.19645399999604,0.0,0.0,0.0
4.389999999996007,470.20645399999603,0.0,0.0,0.0
4.399999999995998,470.216453999996,0.0,0.0,0.0
4.409999999995989,470.226453999996,0.0,0.0,0.0
4.41999999999598,470.236453999996,0.0,0.0,0.0
4.429999999995971,470.246453999996,0.0,0.0,0.0
4.439999999995962,470.256453999996,0.0,0.0,0.0
4.449999999995953,470.266453999996,0.0,0.0,0.0
4.459999999995944,470.27645399999597,0.0,0.0,0.0
4.469999999995935,470.28645399999596,0.0,0.0,0.0
4.4799999999959255,470.29645399999595,0.0,0.0,0.0
4.489999999995916,470.30645399999594,0.0,0.0,0.0
4.499999999995907,470.31645399999593,0.0,0.0,0.0
4.509999999995898,470.3264539999959,0.0,0.0,0.0
4.519999999995889,470.3364539999959,0.0,0.0,0.0
4.52999999999588,470.3464539999959,0.0,0.0,0.0
4.539999999995871,470.3564539999959,0.0,0.0,0.0
4.549999999995862,470.3664539999959,0.0,0.0,0.0
4.559999999995853,470.3764539999959,0.0,0.0,0.0
4.569999999995844,470.38645399999587,0.0,0.0,0.0
4.5799999999958345,470.39645399999586,0.0,0.0,0.0
4.589999999995825,470.40645399999585,0.0,0.0,0.0
4.599999999995816,470.41645399999584,0.0,0.0,0.0
4.609999999995807,470.42645399999583,0.0,0.0,0.0
4.619999999995798,470.4364539999958,0.0,0.0,0.0
4.629999999995789,470.4464539999958,0.0,0.0,0.0
4.63999999999578,470.4564539999958,0.0,0.0,0.0
4.649999999995771,470.4664539999958,0.0,0.0,0.0
4.659999999995762,470.4764539999958,0.0,0.0,0.0
4.669999999995753,470.4864539999958,0.0,0.0,0.0
4.679999999995744,470.49645399999577,0.0,0.0,0.0
4.6899999999957345,470.50645399999576,0.0,0.0,0.0
4.699999999995725,470.51645399999575,0.0,0.0,0.0
4.709999999995716,470.52645399999574,0.0,0.0,0.0
4.719999999995707,470.53645399999573,0.0,0.0,0.0
4.729999999995698,470.5464539999957,0.0,0.0,0.0
4.739999999995689,470.5564539999957,0.0,0.0,0.0
4.74999999999568,470.5664539999957,0.0,0.0,0.0
4.759999999995671,470.5764539999957,0.0,0.0,0.0
4.769999999995662,470.5864539999957,0.0,0.0,0.0
4.779999999995653,470.5964539999957,0.0,0.0,0.0
4.7899999999956435,470.60645399999567,0.0,0.0,0.0
4.799999999995634,470.61645399999566,0.0,0.0,0.0
4.809999999995625,470.62645399999565,0.0,0.0,0.0
4.819999999995616,470.63645399999564,0.0,0.0,0.0
4.829999999995607,470.64645399999563,0.0,0.0,0.0
4.839999999995598,470.6564539999956,0.0,0.0,0.0
4.849999999995589,470.6664539999956,0.0,0.0,0.0
4.85999999999558,470.6764539999956,0.0,0.0,0.0
4.869999999995571,470.6864539999956,0.0,0.0,0.0
4.879999999995562,470.6964539999956,0.0,0.0,0.0
4.889999999995553,470.7064539999956,0.0,0.0,0.0
4.8999999999955435,470.71645399999557,0.0,0.0,0.0
4.909999999995534,470.72645399999556,0.0,0.0,0.0
4.919999999995525,470.73645399999555,0.0,0.0,0.0
4.929999999995516,470.74645399999554,0.0,0.0,0.0
4.939999999995507,470.75645399999553,0.0,0.0,0.0
4.949999999995498,470.7664539999955,0.0,0.0,0.0
4.959999999995489,470.7764539999955,0.0,0.0,0.0
4.96999999999548,470.7864539999955,0.0,0.0,0.0
4.979999999995471,470.7964539999955,0.0,0.0,0.0
4.989999999995462,470.8064539999955,0.0,0.0,0.0
4.9999999999954525,470.8164539999955,0.0,0.0,0.0
5.009999999995443,470.82645399999546,0.0,0.0,0.0
5.019999999995434,470.83645399999546,0.0,0.0,0.0
5.029999999995425,470.84645399999545,0.0,0.0,0.0
5.039999999995416,470.85645399999544,0.0,0.0,0.0
5.049999999995407,470.86645399999543,0.0,0.0,0.0
5.059999999995398,470.8764539999954,0.0,0.0,0.0
5.069999999995389,470.8864539999954,0.0,0.0,0.0
5.07999999999538,470.8964539999954,0.0,0.0,0.0
5.089999999995371,470.9064539999954,0.0,0.0,0.0
5.099999999995362,470.9164539999954,0.0,0.0,0.0
5.1099999999953525,470.9264539999954,0.0,0.0,0.0
5.119999999995343,470.93645399999536,0.0,0.0,0.0
5.129999999995334,470.94645399999536,0.0,0.0,0.0
5.139999999995325,470.95645399999535,0.0,0.0,0.0
5.149999999995316,470.96645399999534,0.0,0.0,0.0
5.159999999995307,470.97645399999533,0.0,0.0,0.0
5.169999999995298,470.9864539999953,0.0,0.0,0.0
5.179999999995289,470.9964539999953,0.0,0.0,0.0
5.18999999999528,471.0064539999953,0.0,0.0,0.0
5.199999999995271,471.0164539999953,0.0,0.0,0.0
5.2099999999952615,471.0264539999953,0.0,0.0,0.0
5.219999999995252,471.0364539999953,0.0,0.0,0.0
5.229999999995243,471.04645399999526,0.0,0.0,0.0
5.239999999995234,471.05645399999526,0.0,0.0,0.0
5.249999999995225,471.06645399999525,0.0,0.0,0.0
5.259999999995216,471.07645399999524,0.0,0.0,0.0
5.269999999995207,471.08645399999523,0.0,0.0,0.0
5.279999999995198,471.0964539999952,0.0,0.0,0.0
5.289999999995189,471.1064539999952,0.0,0.0,0.0
5.29999999999518,471.1164539999952,0.0,0.0,0.0
5.309999999995171,471.1264539999952,0.0,0.0,0.0
5.3199999999951615,471.1364539999952,0.0,0.0,0.0
5.329999999995152,471.1464539999952,0.0,0.0,0.0
5.339999999995143,471.15645399999516,0.0,0.0,0.0
5.349999999995134,471.16645399999516,0.0,0.0,0.0
5.359999999995125,471.17645399999515,0.0,0.0,0.0
5.369999999995116,471.18645399999514,0.0,0.0,0.0
5.379999999995107,471.19645399999513,0.0,0.0,0.0
5.389999999995098,471.2064539999951,0.0,0.0,0.0
5.399999999995089,471.2164539999951,0.0,0.0,0.0
5.40999999999508,471.2264539999951,0.0,0.0,0.0
5.4199999999950705,471.2364539999951,0.0,0.0,0.0
5.429999999995061,471.2464539999951,0.0,0.0,0.0
5.439999999995052,471.2564539999951,0.0,0.0,0.0
5.449999999995043,471.26645399999506,0.0,0.0,0.0
5.459999999995034,471.27645399999506,0.0,0.0,0.0
5.469999999995025,471.28645399999505,0.0,0.0,0.0
5.479999999995016,471.29645399999504,0.0,0.0,0.0
5.489999999995007,471.30645399999503,0.0,0.0,0.0
5.499999999994998,471.316453999995,0.0,0.0,0.0
5.509999999994989,471.326453999995,0.0,0.0,0.0
5.51999999999498,471.336453999995,0.0,0.0,0.0
5.5299999999949705,471.346453999995,0.0,0.0,0.0
5.539999999994961,471.356453999995,0.0,0.0,0.0
5.549999999994952,471.366453999995,0.0,0.0,0.0
5.559999999994943,471.37645399999496,0.0,0.0,0.0
5.569999999994934,471.38645399999496,0.0,0.0,0.0
5.579999999994925,471.39645399999495,0.0,0.0,0.0
5.589999999994916,471.40645399999494,0.0,0.0,0.0
5.599999999994907,471.4164539999949,0.0,0.0,0.0
5.609999999994898,471.4264539999949,0.0,0.0,0.0
5.619999999994889,471.4364539999949,0.0,0.0,0.0
5.6299999999948795,471.4464539999949,0.0,0.0,0.0
5.6399999999948704,471.4564539999949,0.0,0.0,0.0
5.649999999994861,471.4664539999949,0.0,0.0,0.0
5.659999999994852,471.4764539999949,0.0,0.0,0.0
5.669999999994843,471.48645399999486,0.0,0.0,0.0
5.679999999994834,471.49645399999486,0.0,0.0,0.0
5.689999999994825,471.50645399999485,0.0,0.0,0.0
5.699999999994816,471.51645399999484,0.0,0.0,0.0
5.709999999994807,471.5264539999948,0.0,0.0,0.0
5.719999999994798,471.5364539999948,0.0,0.0,0.0
5.729999999994789,471.5464539999948,0.0,0.0,0.0
5.7399999999947795,471.5564539999948,0.0,0.0,0.0
5.74999999999477,471.5664539999948,0.0,0.0,0.0
5.759999999994761,471.5764539999948,0.0,0.0,0.0
5.769999999994752,471.5864539999948,0.0,0.0,0.0
5.779999999994743,471.59645399999476,0.0,0.0,0.0
5.789999999994734,471.60645399999476,0.0,0.0,0.0
5.799999999994725,471.61645399999475,0.0,0.0,0.0
5.809999999994716,471.62645399999474,0.0,0.0,0.0
5.819999999994707,471.6364539999947,0.0,0.0,0.0
5.829999999994698,471.6464539999947,0.0,0.0,0.0
5.8399999999946886,471.6564539999947,0.0,0.0,0.0
5.8499999999946795,471.6664539999947,0.0,0.0,0.0
5.85999999999467,471.6764539999947,0.0,0.0,0.0
5.869999999994661,471.6864539999947,0.0,0.0,0.0
5.879999999994652,471.6964539999947,0.0,0.0,0.0
5.889999999994643,471.70645399999466,0.0,0.0,0.0
5.899999999994634,471.71645399999466,0.0,0.0,0.0
5.909999999994625,471.72645399999465,0.0,0.0,0.0
5.919999999994616,471.73645399999464,0.0,0.0,0.0
5.929999999994607,471.7464539999946,0.0,0.0,0.0
5.939999999994598,471.7564539999946,0.0,0.0,0.0
5.9499999999945885,471.7664539999946,0.0,0.0,0.0
5.959999999994579,471.7764539999946,0.0,0.0,0.0
5.96999999999457,471.7864539999946,0.0,0.0,0.0
5.979999999994561,471.7964539999946,0.0,0.0,0.0
5.989999999994552,471.8064539999946,0.0,0.0,0.0
5.999999999994543,471.81645399999456,0.0,0.0,0.0
6.009999999994534,471.82645399999456,0.0,0.0,0.0
6.019999999994525,471.83645399999455,0.0,0.0,0.0
6.029999999994516,471.84645399999454,0.0,0.0,0.0
6.039999999994507,471.8564539999945,0.0,0.0,0.0
6.049999999994498,471.8664539999945,0.0,0.0,0.0
6.0599999999944885,471.8764539999945,0.0,0.0,0.0
6.069999999994479,471.8864539999945,0.0,0.0,0.0
6.07999999999447,471.8964539999945,0.0,0.0,0.0
6.089999999994461,471.9064539999945,0.0,0.0,0.0
6.099999999994452,471.9164539999945,0.0,0.0,0.0
6.109999999994443,471.92645399999446,0.0,0.0,0.0
6.119999999994434,471.93645399999446,0.0,0.0,0.0
6.129999999994425,471.94645399999445,0.0,0.0,0.0
6.139999999994416,471.95645399999444,0.0,0.0,0.0
6.149999999994407,471.9664539999944,0.0,0.0,0.0
6.1599999999943975,471.9764539999944,0.0,0.0,0.0
6.169999999994388,471.9864539999944,0.0,0.0,0.0
6.179999999994379,471.9964539999944,0.0,0.0,0.0
6.18999999999437,472.0064539999944,0.0,0.0,0.0
6.199999999994361,472.0164539999944,0.0,0.0,0.0
6.209999999994352,472.0264539999944,0.0,0.0,0.0
6.219999999994343,472.03645399999436,0.0,0.0,0.0
6.229999999994334,472.04645399999436,0.0,0.0,0.0
6.239999999994325,472.05645399999435,0.0,0.0,0.0
6.249999999994316,472.06645399999434,0.0,0.0,0.0
6.259999999994307,472.0764539999943,0.0,0.0,0.0
6.2699999999942975,472.0864539999943,0.0,0.0,0.0
6.279999999994288,472.0964539999943,0.0,0.0,0.0
6.289999999994279,472.1064539999943,0.0,0.0,0.0
6.29999999999427,472.1164539999943,0.0,0.0,0.0
6.309999999994261,472.1264539999943,0.0,0.0,0.0
6.319999999994252,472.1364539999943,0.0,0.0,0.0
6.329999999994243,472.14645399999426,0.0,0.0,0.0
6.339999999994234,472.15645399999426,0.0,0.0,0.0
6.349999999994225,472.16645399999425,0.0,0.0,0.0
6.359999999994216,472.17645399999424,0.0,0.0,0.0
6.3699999999942065,472.1864539999942,0.0,0.0,0.0
6.379999999994197,472.1964539999942,0.0,0.0,0.0
6.389999999994188,472.2064539999942,0.0,0.0,0.0
6.399999999994179,472.2164539999942,0.0,0.0,0.0
6.40999999999417,472.2264539999942,0.0,0.0,0.0
6.419999999994161,472.2364539999942,0.0,0.0,0.0
6.429999999994152,472.2464539999942,0.0,0.0,0.0
6.439999999994143,472.25645399999416,0.0,0.0,0.0
6.449999999994134,472.26645399999416,0.0,0.0,0.0
6.459999999994125,472.27645399999415,0.0,0.0,0.0
6.469999999994116,472.28645399999414,0.0,0.0,0.0
6.4799999999941065,472.2964539999941,0.0,0.0,0.0
6.489999999994097,472.3064539999941,0.0,0.0,0.0
6.499999999994088,472.3164539999941,0.0,0.0,0.0
6.509999999994079,472.3264539999941,0.0,0.0,0.0
6.51999999999407,472.3364539999941,0.0,0.0,0.0
6.529999999994061,472.3464539999941,0.0,0.0,0.0
6.539999999994052,472.3564539999941,0.0,0.0,0.0
6.549999999994043,472.36645399999406,0.0,0.0,0.0
6.559999999994034,472.37645399999406,0.0,0.0,0.0
6.569999999994025,472.38645399999405,0.0,0.0,0.0
6.5799999999940155,472.39645399999404,0.0,0.0,0.0
6.589999999994006,472.406453999994,0.0,0.0,0.0
6.599999999993997,472.416453999994,0.0,0.0,0.0
6.609999999993988,472.426453999994,0.0,0.0,0.0
6.619999999993979,472.436453999994,0.0,0.0,0.0
6.62999999999397,472.446453999994,0.0,0.0,0.0
6.639999999993961,472.456453999994,0.0,0.0,0.0
6.649999999993952,472.466453999994,0.0,0.0,0.0
6.659999999993943,472.47645399999396,0.0,0.0,0.0
6.669999999993934,472.48645399999396,0.0,0.0,0.0
6.679999999993925,472.49645399999395,0.0,0.0,0.0
6.6899999999939155,472.50645399999394,0.0,0.0,0.0
6.699999999993906,472.5164539999939,0.0,0.0,0.0
6.709999999993897,472.5264539999939,0.0,0.0,0.0
6.719999999993888,472.5364539999939,0.0,0.0,0.0
6.729999999993879,472.5464539999939,0.0,0.0,0.0
6.73999999999387,472.5564539999939,0.0,0.0,0.0
6.749999999993861,472.5664539999939,0.0,0.0,0.0
6.759999999993852,472.5764539999939,0.0,0.0,0.0
6.769999999993843,472.58645399999386,0.0,0.0,0.0
6.779999999993834,472.59645399999386,0.0,0.0,0.0
6.7899999999938245,472.60645399999385,0.0,0.0,0.0
6.799999999993815,472.61645399999384,0.0,0.0,0.0
6.809999999993806,472.6264539999938,0.0,0.0,0.0
6.819999999993797,472.6364539999938,0.0,0.0,0.0
6.829999999993788,472.6464539999938,0.0,0.0,0.0
6.839999999993779,472.6564539999938,0.0,0.0,0.0
6.84999999999377,472.6664539999938,0.0,0.0,0.0
6.859999999993761,472.6764539999938,0.0,0.0,0.0
6.869999999993752,472.6864539999938,0.0,0.0,0.0
6.879999999993743,472.69645399999376,0.0,0.0,0.0
6.889999999993734,472.70645399999376,0.0,0.0,0.0
6.8999999999937245,472.71645399999375,0.0,0.0,0.0
6.909999999993715,472.72645399999374,0.0,0.0,0.0
6.919999999993706,472.7364539999937,0.0,0.0,0.0
6.929999999993697,472.7464539999937,0.0,0.0,0.0
6.939999999993688,472.7564539999937,0.0,0.0,0.0
6.949999999993679,472.7664539999937,0.0,0.0,0.0
6.95999999999367,472.7764539999937,0.0,0.0,0.0
6.969999999993661,472.7864539999937,0.0,0.0,0.0
6.979999999993652,472.7964539999937,0.0,0.0,0.0
6.989999999993643,472.80645399999366,0.0,0.0,0.0
6.9999999999936335,472.81645399999366,0.0,0.0,0.0
7.009999999993624,472.82645399999365,0.0,0.0,0.0
7.019999999993615,472.83645399999364,0.0,0.0,0.0
7.029999999993606,472.8464539999936,0.0,0.0,0.0
7.039999999993597,472.8564539999936,0.0,0.0,0.0
7.049999999993588,472.8664539999936,0.0,0.0,0.0
7.059999999993579,472.8764539999936,0.0,0.0,0.0
7.06999999999357,472.8864539999936,0.0,0.0,0.0
7.079999999993561,472.8964539999936,0.0,0.0,0.0
7.089999999993552,472.9064539999936,0.0,0.0,0.0
7.099999999993543,472.91645399999356,0.0,0.0,0.0
7.1099999999935335,472.92645399999356,0.0,0.0,0.0
7.119999999993524,472.93645399999355,0.0,0.0,0.0
7.129999999993515,472.94645399999354,0.0,0.0,0.0
7.139999999993506,472.9564539999935,0.0,0.0,0.0
7.149999999993497,472.9664539999935,0.0,0.0,0.0
7.159999999993488,472.9764539999935,0.0,0.0,0.0
7.169999999993479,472.9864539999935,0.0,0.0,0.0
7.17999999999347,472.9964539999935,0.0,0.0,0.0
7.189999999993461,473.0064539999935,0.0,0.0,0.0
7.199999999993452,473.0164539999935,0.0,0.0,0.0
7.2099999999934425,473.02645399999346,0.0,0.0,0.0
7.2199999999934334,473.03645399999345,0.0,0.0,0.0
7.229999999993424,473.04645399999345,0.0,0.0,0.0
7.239999999993415,473.05645399999344,0.0,0.0,0.0
7.249999999993406,473.0664539999934,0.0,0.0,0.0
7.259999999993397,473.0764539999934,0.0,0.0,0.0
7.269999999993388,473.0864539999934,0.0,0.0,0.0
7.279999999993379,473.0964539999934,0.0,0.0,0.0
7.28999999999337,473.1064539999934,0.0,0.0,0.0
7.299999999993361,473.1164539999934,0.0,0.0,0.0
7.309999999993352,473.1264539999934,0.0,0.0,0.0
7.3199999999933425,473.13645399999336,0.0,0.0,0.0
7.329999999993333,473.14645399999335,0.0,0.0,0.0
7.339999999993324,473.15645399999335,0.0,0.0,0.0
7.349999999993315,473.16645399999334,0.0,0.0,0.0
7.359999999993306,473.1764539999933,0.0,0.0,0.0
7.369999999993297,473.1864539999933,0.0,0.0,0.0
7.379999999993288,473.1964539999933,0.0,0.0,0.0
7.389999999993279,473.2064539999933,0.0,0.0,0.0
7.39999999999327,473.2164539999933,0.0,0.0,0.0
7.409999999993261,473.2264539999933,0.0,0.0,0.0
7.4199999999932515,473.2364539999933,0.0,0.0,0.0
7.4299999999932425,473.24645399999326,0.0,0.0,0.0
7.439999999993233,473.25645399999325,0.0,0.0,0.0
7.449999999993224,473.26645399999325,0.0,0.0,0.0
7.459999999993215,473.27645399999324,0.0,0.0,0.0
7.469999999993206,473.2864539999932,0.0,0.0,0.0
7.479999999993197,473.2964539999932,0.0,0.0,0.0
7.489999999993188,473.3064539999932,0.0,0.0,0.0
7.499999999993179,473.3164539999932,0.0,0.0,0.0
7.50999999999317,473.3264539999932,0.0,0.0,0.0
7.519999999993161,473.3364539999932,0.0,0.0,0.0
7.5299999999931515,473.3464539999932,0.0,0.0,0.0
7.539999999993142,473.35645399999316,0.0,0.0,0.0
7.549999999993133,473.36645399999315,0.0,0.0,0.0
7.559999999993124,473.37645399999315,0.0,0.0,0.0
7.569999999993115,473.38645399999314,0.0,0.0,0.0
7.579999999993106,473.3964539999931,0.0,0.0,0.0
7.589999999993097,473.4064539999931,0.0,0.0,0.0
7.599999999993088,473.4164539999931,0.0,0.0,0.0
7.609999999993079,473.4264539999931,0.0,0.0,0.0
7.61999999999307,473.4364539999931,0.0,0.0,0.0
7.6299999999930606,473.4464539999931,0.0,0.0,0.0
7.6399999999930515,473.4564539999931,0.0,0.0,0.0
7.649999999993042,473.46645399999306,0.0,0.0,0.0
7.659999999993033,473.47645399999305,0.0,0.0,0.0
7.669999999993024,473.48645399999305,0.0,0.0,0.0
7.679999999993015,473.49645399999304,0.0,0.0,0.0
7.689999999993006,473.506453999993,0.0,0.0,0.0
7.699999999992997,473.516453999993,0.0,0.0,0.0
7.709999999992988,473.526453999993,0.0,0.0,0.0
7.719999999992979,473.536453999993,0.0,0.0,0.0
7.72999999999297,473.546453999993,0.0,0.0,0.0
7.7399999999929605,473.556453999993,0.0,0.0,0.0
7.749999999992951,473.566453999993,0.0,0.0,0.0
7.759999999992942,473.57645399999296,0.0,0.0,0.0
7.769999999992933,473.58645399999295,0.0,0.0,0.0
7.779999999992924,473.59645399999295,0.0,0.0,0.0
7.789999999992915,473.60645399999294,0.0,0.0,0.0
7.799999999992906,473.6164539999929,0.0,0.0,0.0
7.809999999992897,473.6264539999929,0.0,0.0,0.0
7.819999999992888,473.6364539999929,0.0,0.0,0.0
7.829999999992879,473.6464539999929,0.0,0.0,0.0
7.83999999999287,473.6564539999929,0.0,0.0,0.0
7.8499999999928605,473.6664539999929,0.0,0.0,0.0
7.859999999992851,473.6764539999929,0.0,0.0,0.0
7.869999999992842,473.68645399999286,0.0,0.0,0.0
7.879999999992833,473.69645399999285,0.0,0.0,0.0
7.889999999992824,473.70645399999285,0.0,0.0,0.0
7.899999999992815,473.71645399999284,0.0,0.0,0.0
7.909999999992806,473.7264539999928,0.0,0.0,0.0
7.919999999992797,473.7364539999928,0.0,0.0,0.0
7.929999999992788,473.7464539999928,0.0,0.0,0.0
7.939999999992779,473.7564539999928,0.0,0.0,0.0
7.9499999999927695,473.7664539999928,0.0,0.0,0.0
7.95999999999276,473.7764539999928,0.0,0.0,0.0
7.969999999992751,473.7864539999928,0.0,0.0,0.0
7.979999999992742,473.79645399999276,0.0,0.0,0.0
7.989999999992733,473.80645399999275,0.0,0.0,0.0
7.999999999992724,473.81645399999275,0.0,0.0,0.0
8.009999999992715,473.82645399999274,0.0,0.0,0.0
8.019999999992706,473.8364539999927,0.0,0.0,0.0
8.029999999992697,473.8464539999927,0.0,0.0,0.0
8.039999999992688,473.8564539999927,0.0,0.0,0.0
8.049999999992679,473.8664539999927,0.0,0.0,0.0
8.05999999999267,473.8764539999927,0.0,0.0,0.0
8.06999999999266,473.8864539999927,0.0,0.0,0.0
8.079999999992651,473.8964539999927,0.0,0.0,0.0
8.089999999992642,473.90645399999266,0.0,0.0,0.0
8.099999999992633,473.91645399999265,0.0,0.0,0.0
8.109999999992624,473.92645399999265,0.0,0.0,0.0
8.119999999992615,473.93645399999264,0.0,0.0,0.0
8.129999999992606,473.9464539999926,0.0,0.0,0.0
8.139999999992597,473.9564539999926,0.0,0.0,0.0
8.149999999992588,473.9664539999926,0.0,0.0,0.0
8.159999999992579,473.9764539999926,0.0,0.0,0.0
8.16999999999257,473.9864539999926,0.0,0.0,0.0
8.17999999999256,473.9964539999926,0.0,0.0,0.0
8.189999999992551,474.0064539999926,0.0,0.0,0.0
8.199999999992542,474.01645399999256,0.0,0.0,0.0
8.209999999992533,474.02645399999255,0.0,0.0,0.0
8.219999999992524,474.03645399999255,0.0,0.0,0.0
8.229999999992515,474.04645399999254,0.0,0.0,0.0
8.239999999992506,474.0564539999925,0.0,0.0,0.0
8.249999999992497,474.0664539999925,0.0,0.0,0.0
8.259999999992488,474.0764539999925,0.0,0.0,0.0
8.269999999992478,474.0864539999925,0.0,0.0,0.0
8.27999999999247,474.0964539999925,0.0,0.0,0.0
8.28999999999246,474.1064539999925,0.0,0.0,0.0
8.299999999992451,474.1164539999925,0.0,0.0,0.0
8.309999999992442,474.12645399999246,0.0,0.0,0.0
8.319999999992433,474.13645399999245,0.0,0.0,0.0
8.329999999992424,474.14645399999245,0.0,0.0,0.0
8.339999999992415,474.15645399999244,0.0,0.0,0.0
8.349999999992406,474.1664539999924,0.0,0.0,0.0
8.359999999992397,474.1764539999924,0.0,0.0,0.0
8.369999999992388,474.1864539999924,0.0,0.0,0.0
8.379999999992378,474.1964539999924,0.0,0.0,0.0
8.38999999999237,474.2064539999924,0.0,0.0,0.0
8.39999999999236,474.2164539999924,0.0,0.0,0.0
8.409999999992351,474.2264539999924,0.0,0.0,0.0
8.419999999992342,474.23645399999236,0.0,0.0,0.0
8.429999999992333,474.24645399999235,0.0,0.0,0.0
8.439999999992324,474.25645399999235,0.0,0.0,0.0
8.449999999992315,474.26645399999234,0.0,0.0,0.0
8.459999999992306,474.2764539999923,0.0,0.0,0.0
8.469999999992297,474.2864539999923,0.0,0.0,0.0
8.479999999992287,474.2964539999923,0.0,0.0,0.0
8.489999999992278,474.3064539999923,0.0,0.0,0.0
8.49999999999227,474.3164539999923,0.0,0.0,0.0
8.50999999999226,474.3264539999923,0.0,0.0,0.0
8.519999999992251,474.3364539999923,0.0,0.0,0.0
8.529999999992242,474.34645399999226,0.0,0.0,0.0
8.539999999992233,474.35645399999225,0.0,0.0,0.0
8.549999999992224,474.36645399999225,0.0,0.0,0.0
8.559999999992215,474.37645399999224,0.0,0.0,0.0
8.569999999992206,474.3864539999922,0.0,0.0,0.0
8.579999999992197,474.3964539999922,0.0,0.0,0.0
8.589999999992187,474.4064539999922,0.0,0.0,0.0
8.599999999992178,474.4164539999922,0.0,0.0,0.0
8.60999999999217,474.4264539999922,0.0,0.0,0.0
8.61999999999216,474.4364539999922,0.0,0.0,0.0
8.629999999992151,474.4464539999922,0.0,0.0,0.0
8.639999999992142,474.45645399999216,0.0,0.0,0.0
8.649999999992133,474.46645399999215,0.0,0.0,0.0
8.659999999992124,474.47645399999215,0.0,0.0,0.0
8.669999999992115,474.48645399999214,0.0,0.0,0.0
8.679999999992106,474.4964539999921,0.0,0.0,0.0
8.689999999992096,474.5064539999921,0.0,0.0,0.0
8.699999999992087,474.5164539999921,0.0,0.0,0.0
8.709999999992078,474.5264539999921,0.0,0.0,0.0
8.71999999999207,474.5364539999921,0.0,0.0,0.0
8.72999999999206,474.5464539999921,0.0,0.0,0.0
8.739999999992051,474.5564539999921,0.0,0.0,0.0
8.749999999992042,474.56645399999206,0.0,0.0,0.0
8.759999999992033,474.57645399999205,0.0,0.0,0.0
8.769999999992024,474.58645399999205,0.0,0.0,0.0
8.779999999992015,474.59645399999204,0.0,0.0,0.0
8.789999999992006,474.606453999992,0.0,0.0,0.0
8.799999999991996,474.616453999992,0.0,0.0,0.0
8.809999999991987,474.626453999992,0.0,0.0,0.0
8.819999999991978,474.636453999992,0.0,0.0,0.0
8.82999999999197,474.646453999992,0.0,0.0,0.0
8.83999999999196,474.656453999992,0.0,0.0,0.0
8.849999999991951,474.666453999992,0.0,0.0,0.0
8.859999999991942,474.67645399999196,0.0,0.0,0.0
8.869999999991933,474.68645399999195,0.0,0.0,0.0
8.879999999991924,474.69645399999195,0.0,0.0,0.0
8.889999999991915,474.70645399999194,0.0,0.0,0.0
8.899999999991905,474.7164539999919,0.0,0.0,0.0
8.909999999991896,474.7264539999919,0.0,0.0,0.0
8.919999999991887,474.7364539999919,0.0,0.0,0.0
8.929999999991878,474.7464539999919,0.0,0.0,0.0
8.93999999999187,474.7564539999919,0.0,0.0,0.0
8.94999999999186,474.7664539999919,0.0,0.0,0.0
8.959999999991851,474.7764539999919,0.0,0.0,0.0
8.969999999991842,474.78645399999186,0.0,0.0,0.0
8.979999999991833,474.79645399999185,0.0,0.0,0.0
8.989999999991824,474.80645399999185,0.0,0.0,0.0
8.999999999991815,474.81645399999184,0.0,0.0,0.0
9.009999999991805,474.8264539999918,0.0,0.0,0.0
9.019999999991796,474.8364539999918,0.0,0.0,0.0
9.029999999991787,474.8464539999918,0.0,0.0,0.0
9.039999999991778,474.8564539999918,0.0,0.0,0.0
9.049999999991769,474.8664539999918,0.0,0.0,0.0
9.05999999999176,474.8764539999918,0.0,0.0,0.0
9.06999999999175,474.8864539999918,0.0,0.0,0.0
9.079999999991742,474.89645399999176,0.0,0.0,0.0
9.089999999991733,474.90645399999175,0.0,0.0,0.0
9.099999999991724,474.91645399999175,0.0,0.0,0.0
9.109999999991715,474.92645399999174,0.0,0.0,0.0
9.119999999991705,474.9364539999917,0.0,0.0,0.0
9.129999999991696,474.9464539999917,0.0,0.0,0.0
9.139999999991687,474.9564539999917,0.0,0.0,0.0
9.149999999991678,474.9664539999917,0.0,0.0,0.0
9.159999999991669,474.9764539999917,0.0,0.0,0.0
9.16999999999166,474.9864539999917,0.0,0.0,0.0
9.17999999999165,474.9964539999917,0.0,0.0,0.0
9.189999999991642,475.00645399999166,0.0,0.0,0.0
9.199999999991633,475.01645399999165,0.0,0.0,0.0
9.209999999991624,475.02645399999165,0.0,0.0,0.0
9.219999999991614,475.03645399999164,0.0,0.0,0.0
9.229999999991605,475.0464539999916,0.0,0.0,0.0
9.239999999991596,475.0564539999916,0.0,0.0,0.0
9.249999999991587,475.0664539999916,0.0,0.0,0.0
9.259999999991578,475.0764539999916,0.0,0.0,0.0
9.269999999991569,475.0864539999916,0.0,0.0,0.0
9.27999999999156,475.0964539999916,0.0,0.0,0.0
9.28999999999155,475.1064539999916,0.0,0.0,0.0
9.299999999991542,475.11645399999156,0.0,0.0,0.0
9.309999999991533,475.12645399999155,0.0,0.0,0.0
9.319999999991524,475.13645399999155,0.0,0.0,0.0
9.329999999991514,475.14645399999154,0.0,0.0,0.0
9.339999999991505,475.1564539999915,0.0,0.0,0.0
9.349999999991496,475.1664539999915,0.0,0.0,0.0
9.359999999991487,475.1764539999915,0.0,0.0,0.0
9.369999999991478,475.1864539999915,0.0,0.0,0.0
9.379999999991469,475.1964539999915,0.0,0.0,0.0
9.38999999999146,475.2064539999915,0.0,0.0,0.0
9.39999999999145,475.2164539999915,0.0,0.0,0.0
9.409999999991442,475.22645399999146,0.0,0.0,0.0
9.419999999991433,475.23645399999145,0.0,0.0,0.0
9.429999999991423,475.24645399999145,0.0,0.0,0.0
9.439999999991414,475.25645399999144,0.0,0.0,0.0
9.449999999991405,475.2664539999914,0.0,0.0,0.0
9.459999999991396,475.2764539999914,0.0,0.0,0.0
9.469999999991387,475.2864539999914,0.0,0.0,0.0
9.479999999991378,475.2964539999914,0.0,0.0,0.0
9.489999999991369,475.3064539999914,0.0,0.0,0.0
9.49999999999136,475.3164539999914,0.0,0.0,0.0
9.50999999999135,475.3264539999914,0.0,0.0,0.0
9.519999999991342,475.33645399999136,0.0,0.0,0.0
9.529999999991333,475.34645399999135,0.0,0.0,0.0
9.539999999991323,475.35645399999134,0.0,0.0,0.0
9.549999999991314,475.36645399999134,0.0,0.0,0.0
9.559999999991305,475.3764539999913,0.0,0.0,0.0
9.569999999991296,475.3864539999913,0.0,0.0,0.0
9.579999999991287,475.3964539999913,0.0,0.0,0.0
9.589999999991278,475.4064539999913,0.0,0.0,0.0
9.599999999991269,475.4164539999913,0.0,0.0,0.0
9.60999999999126,475.4264539999913,0.0,0.0,0.0
9.61999999999125,475.4364539999913,0.0,0.0,0.0
9.629999999991242,475.44645399999126,0.0,0.0,0.0
9.639999999991232,475.45645399999125,0.0,0.0,0.0
9.649999999991223,475.46645399999124,0.0,0.0,0.0
9.659999999991214,475.47645399999124,0.0,0.0,0.0
9.669999999991205,475.4864539999912,0.0,0.0,0.0
9.679999999991196,475.4964539999912,0.0,0.0,0.0
9.689999999991187,475.5064539999912,0.0,0.0,0.0
9.699999999991178,475.5164539999912,0.0,0.0,0.0
9.709999999991169,475.5264539999912,0.0,0.0,0.0
9.71999999999116,475.5364539999912,0.0,0.0,0.0
9.72999999999115,475.5464539999912,0.0,0.0,0.0
9.739999999991142,475.55645399999116,0.0,0.0,0.0
9.749999999991132,475.56645399999115,0.0,0.0,0.0
9.759999999991123,475.57645399999114,0.0,0.0,0.0
9.769999999991114,475.58645399999114,0.0,0.0,0.0
9.779999999991105,475.5964539999911,0.0,0.0,0.0
9.789999999991096,475.6064539999911,0.0,0.0,0.0
9.799999999991087,475.6164539999911,0.0,0.0,0.0
9.809999999991078,475.6264539999911,0.0,0.0,0.0
9.819999999991069,475.6364539999911,0.0,0.0,0.0
9.82999999999106,475.6464539999911,0.0,0.0,0.0
9.83999999999105,475.6564539999911,0.0,0.0,0.0
9.849999999991041,475.66645399999106,0.0,0.0,0.0
9.859999999991032,475.67645399999105,0.0,0.0,0.0
9.869999999991023,475.68645399999104,0.0,0.0,0.0
9.879999999991014,475.69645399999104,0.0,0.0,0.0
9.889999999991005,475.706453999991,0.0,0.0,0.0
9.899999999990996,475.716453999991,0.0,0.0,0.0
9.909999999990987,475.726453999991,0.0,0.0,0.0
9.919999999990978,475.736453999991,0.0,0.0,0.0
9.929999999990969,475.746453999991,0.0,0.0,0.0
9.93999999999096,475.756453999991,0.0,0.0,0.0
9.94999999999095,475.766453999991,0.0,0.0,0.0
9.959999999990941,475.77645399999096,0.0,0.0,0.0
9.969999999990932,475.78645399999095,0.0,0.0,0.0
9.979999999990923,475.79645399999094,0.0,0.0,0.0
9.989999999990914,475.80645399999094,0.0,0.0,0.0
9.999999999990905,475.8164539999909,0.0,0.0,0.0
10.009999999990896,475.8264539999909,0.0,0.0,0.0
10.019999999990887,475.8364539999909,0.0,0.0,0.0
10.029999999990878,475.8464539999909,0.0,0.0,0.0
10.039999999990869,475.8564539999909,0.0,0.0,0.0
10.04999999999086,475.8664539999909,0.0,0.0,0.0
10.05999999999085,475.8764539999909,0.0,0.0,0.0
10.069999999990841,475.88645399999086,0.0,0.0,0.0
10.079999999990832,475.89645399999085,0.0,0.0,0.0
10.089999999990823,475.90645399999084,0.0,0.0,0.0
10.099999999990814,475.91645399999084,0.0,0.0,0.0
10.109999999990805,475.9264539999908,0.0,0.0,0.0
10.119999999990796,475.9364539999908,0.0,0.0,0.0
10.129999999990787,475.9464539999908,0.0,0.0,0.0
10.139999999990778,475.9564539999908,0.0,0.0,0.0
10.149999999990769,475.9664539999908,0.0,0.0,0.0
10.15999999999076,475.9764539999908,0.0,0.0,0.0
10.16999999999075,475.9864539999908,0.0,0.0,0.0
10.179999999990741,475.99645399999076,0.0,0.0,0.0
10.189999999990732,476.00645399999075,0.0,0.0,0.0
10.199999999990723,476.01645399999074,0.0,0.0,0.0
10.209999999990714,476.02645399999074,0.0,0.0,0.0
10.219999999990705,476.0364539999907,0.0,0.0,0.0
10.229999999990696,476.0464539999907,0.0,0.0,0.0
10.239999999990687,476.0564539999907,0.0,0.0,0.0
10.249999999990678,476.0664539999907,0.0,0.0,0.0
10.259999999990669,476.0764539999907,0.0,0.0,0.0
10.26999999999066,476.0864539999907,0.0,0.0,0.0
10.27999999999065,476.0964539999907,0.0,0.0,0.0
10.289999999990641,476.10645399999066,0.0,0.0,0.0
10.299999999990632,476.11645399999065,0.0,0.0,0.0
10.309999999990623,476.12645399999064,0.0,0.0,0.0
10.319999999990614,476.13645399999064,0.0,0.0,0.0
10.329999999990605,476.1464539999906,0.0,0.0,0.0
10.339999999990596,476.1564539999906,0.0,0.0,0.0
10.349999999990587,476.1664539999906,0.0,0.0,0.0
10.359999999990578,476.1764539999906,0.0,0.0,0.0
10.369999999990569,476.1864539999906,0.0,0.0,0.0
10.37999999999056,476.1964539999906,0.0,0.0,0.0
10.38999999999055,476.2064539999906,0.0,0.0,0.0
10.399999999990541,476.21645399999056,0.0,0.0,0.0
10.409999999990532,476.22645399999055,0.0,0.0,0.0
10.419999999990523,476.23645399999054,0.0,0.0,0.0
10.429999999990514,476.24645399999054,0.0,0.0,0.0
10.439999999990505,476.2564539999905,0.0,0.0,0.0
10.449999999990496,476.2664539999905,0.0,0.0,0.0
10.459999999990487,476.2764539999905,0.0,0.0,0.0
10.469999999990478,476.2864539999905,0.0,0.0,0.0
10.479999999990468,476.2964539999905,0.0,0.0,0.0
10.48999999999046,476.3064539999905,0.0,0.0,0.0
10.49999999999045,476.3164539999905,0.0,0.0,0.0
10.509999999990441,476.32645399999046,0.0,0.0,0.0
10.519999999990432,476.33645399999045,0.0,0.0,0.0
10.529999999990423,476.34645399999044,0.0,0.0,0.0
10.539999999990414,476.35645399999044,0.0,0.0,0.0
10.549999999990405,476.3664539999904,0.0,0.0,0.0
10.559999999990396,476.3764539999904,0.0,0.0,0.0
10.569999999990387,476.3864539999904,0.0,0.0,0.0
10.579999999990378,476.3964539999904,0.0,0.0,0.0
10.589999999990368,476.4064539999904,0.0,0.0,0.0
10.59999999999036,476.4164539999904,0.0,0.0,0.0
10.60999999999035,476.4264539999904,0.0,0.0,0.0
10.619999999990341,476.43645399999036,0.0,0.0,0.0
10.629999999990332,476.44645399999035,0.0,0.0,0.0
10.639999999990323,476.45645399999034,0.0,0.0,0.0
10.649999999990314,476.46645399999034,0.0,0.0,0.0
10.659999999990305,476.4764539999903,0.0,0.0,0.0
10.669999999990296,476.4864539999903,0.0,0.0,0.0
10.679999999990287,476.4964539999903,0.0,0.0,0.0
10.689999999990278,476.5064539999903,0.0,0.0,0.0
10.699999999990268,476.5164539999903,0.0,0.0,0.0
10.70999999999026,476.5264539999903,0.0,0.0,0.0
10.71999999999025,476.5364539999903,0.0,0.0,0.0
10.729999999990241,476.54645399999026,0.0,0.0,0.0
10.739999999990232,476.55645399999025,0.0,0.0,0.0
10.749999999990223,476.56645399999024,0.0,0.0,0.0
10.759999999990214,476.57645399999024,0.0,0.0,0.0
10.769999999990205,476.5864539999902,0.0,0.0,0.0
10.779999999990196,476.5964539999902,0.0,0.0,0.0
10.789999999990187,476.6064539999902,0.0,0.0,0.0
10.799999999990177,476.6164539999902,0.0,0.0,0.0
10.809999999990168,476.6264539999902,0.0,0.0,0.0
10.81999999999016,476.6364539999902,0.0,0.0,0.0
10.82999999999015,476.6464539999902,0.0,0.0,0.0
10.839999999990141,476.65645399999016,0.0,0.0,0.0
10.849999999990132,476.66645399999015,0.0,0.0,0.0
10.859999999990123,476.67645399999014,0.0,0.0,0.0
10.869999999990114,476.68645399999014,0.0,0.0,0.0
10.879999999990105,476.6964539999901,0.0,0.0,0.0
10.889999999990096,476.7064539999901,0.0,1.0012139144500773,0.0
10.899999999990087,476.7164539999901,3.8868965471836336,2.185521834508183,0.0
10.909999999990077,476.7264539999901,13.813012033925837,3.3698297545662887,0.0
10.919999999990068,476.7364539999901,27.855260101870705,4.5541376746243944,0.0
10.92999999999006,476.7464539999901,39.70794257234985,5.7384455946825,0.0
10.93999999999005,476.7564539999901,47.02869109324946,6.922753514740607,0.0
10.949999999990041,476.76645399999006,53.097889441253244,8.107061434798712,0.0
10.959999999990032,476.77645399999005,57.270769226948175,9.291369354856817,0.0
10.969999999990023,476.78645399999004,63.06499999379643,10.475677274914924,0.0
10.979999999990014,476.79645399999004,69.22175437984961,11.659985194973029,0.0
10.989999999990005,476.80645399999,74.08869564784771,12.844293115031135,0.0
10.999999999989996,476.81645399999,77.52255318830596,14.028601035089242,0.0
11.009999999989986,476.82645399999,78.0,15.212908955147347,0.0
11.019999999989977,476.83645399999,76.34235294313207,16.39721687520545,0.0
11.029999999989968,476.84645399999,74.31551020611612,17.581524795263558,0.0
11.03999999998996,476.85645399999,73.15035175979683,18.765832715321665,0.0
11.04999999998995,476.86645399999,73.0,19.95014063537977,0.0
11.059999999989941,476.87645399998996,72.18844444555998,21.134448555437874,0.0
11.069999999989932,476.88645399998995,69.8616309038713,22.31875647549598,0.0
11.079999999989923,476.89645399998994,65.03928572025661,23.503064395554087,0.0
11.089999999989914,476.90645399998994,58.45626866345499,23.31058648968659,24.0
11.099999999989905,476.9164539999899,48.17406251416105,22.12276169384497,24.0
11.109999999989896,476.9264539999899,40.990222228188074,20.934936898003354,24.0
11.119999999989886,476.9364539999899,32.37843972772548,19.747112102161736,24.0
11.129999999989877,476.9464539999899,26.062064061953343,18.55928730632012,24.0
11.139999999989868,476.9564539999899,18.870714296516486,17.3714625104785,24.0
11.14999999998986,476.9664539999899,12.072238811986963,16.183637714636884,24.0
11.15999999998985,476.9764539999899,6.898000005061281,14.995812918795266,24.0
11.169999999989841,476.98645399998986,3.538800003039831,13.807988122953649,24.0
11.179999999989832,476.99645399998985,3.0,12.620163327112031,24.0
11.189999999989823,477.00645399998984,2.180338984194953,11.432338531270414,24.0
11.199999999989814,477.01645399998984,0.3601951239261052,10.244513735428797,24.0
11.209999999989805,477.0264539999898,0.0,9.056688939587179,24.0
11.219999999989795,477.0364539999898,0.0,7.8688641437455615,24.0
11.229999999989786,477.0464539999898,0.0,6.681039347903944,24.0
11.239999999989777,477.0564539999898,0.0,5.493214552062327,24.0
11.249999999989768,477.0664539999898,0.0,4.305389756220709,24.0
11.259999999989759,477.0764539999898,0.0,3.1175649603790916,24.0
11.26999999998975,477.08645399998977,0.0,1.9297401645374777,24.0
11.279999999989741,477.09645399998976,0.0,0.7419153686958602,24.0
11.289999999989732,477.10645399998975,0.0,0.0,0.0
11.299999999989723,477.11645399998974,0.0,0.0,0.0
11.309999999989714,477.12645399998974,0.0,0.0,0.0
11.319999999989705,477.1364539999897,0.0,0.0,0.0
11.329999999989695,477.1464539999897,0.0,0.0,0.0
11.339999999989686,477.1564539999897,0.0,0.0,0.0
11.349999999989677,477.1664539999897,0.0,0.0,0.0
11.359999999989668,477.1764539999897,0.0,0.0,0.0
11.369999999989659,477.1864539999897,0.0,0.0,0.0
11.37999999998965,477.19645399998967,0.0,0.0,0.0
11.38999999998964,477.20645399998966,0.0,0.0,0.0
11.399999999989632,477.21645399998965,0.0,0.0,0.0
11.409999999989623,477.22645399998964,0.0,0.0,0.0
11.419999999989614,477.23645399998964,0.0,0.0,0.0
11.429999999989604,477.2464539999896,0.0,0.0,0.0
11.439999999989595,477.2564539999896,0.0,0.0,0.0
11.449999999989586,477.2664539999896,0.0,0.0,0.0
11.459999999989577,477.2764539999896,0.0,0.0,0.0
11.469999999989568,477.2864539999896,0.0,0.0,0.0
11.479999999989559,477.2964539999896,0.0,0.0,0.0
11.48999999998955,477.30645399998957,0.0,0.0,0.0
11.49999999998954,477.31645399998956,0.0,0.0,0.0
11.509999999989532,477.32645399998955,0.0,0.0,0.0
11.519999999989523,477.33645399998954,0.0,0.0,0.0
11.529999999989514,477.34645399998954,0.0,0.0,0.0
11.539999999989504,477.3564539999895,0.0,0.0,0.0
11.549999999989495,477.3664539999895,0.0,0.0,0.0
11.559999999989486,477.3764539999895,0.0,0.0,0.0
11.569999999989477,477.3864539999895,0.0,0.0,0.0
11.579999999989468,477.3964539999895,0.0,0.0,0.0
11.589999999989459,477.4064539999895,0.0,0.0,0.0
11.59999999998945,477.41645399998947,0.0,0.0,0.0
11.60999999998944,477.42645399998946,0.0,0.0,0.0
11.619999999989432,477.43645399998945,0.0,0.0,0.0
11.629999999989423,477.44645399998944,0.0,0.0,0.0
11.639999999989413,477.45645399998944,0.0,0.0,0.0
11.649999999989404,477.4664539999894,0.0,0.0,0.0
11.659999999989395,477.4764539999894,0.0,0.0,0.0
11.669999999989386,477.4864539999894,0.0,0.0,0.0
11.679999999989377,477.4964539999894,0.0,0.0,0.0
11.689999999989368,477.5064539999894,0.0,0.0,0.0
11.699999999989359,477.5164539999894,0.0,0.0,0.0
11.70999999998935,477.52645399998937,0.0,0.0,0.0
11.71999999998934,477.53645399998936,0.0,0.0,0.0
11.729999999989332,477.54645399998935,0.0,0.0,0.0
11.739999999989323,477.55645399998934,0.0,0.0,0.0
11.749999999989313,477.56645399998933,0.0,0.0,0.0
11.759999999989304,477.5764539999893,0.0,0.0,0.0
11.769999999989295,477.5864539999893,0.0,0.0,0.0
11.779999999989286,477.5964539999893,0.0,0.0,0.0
11.789999999989277,477.6064539999893,0.0,0.0,0.0
11.799999999989268,477.6164539999893,0.0,0.0,0.0
11.809999999989259,477.6264539999893,0.0,0.0,0.0
11.81999999998925,477.63645399998927,0.0,0.0,0.0
11.82999999998924,477.64645399998926,0.0,0.0,0.0
11.839999999989232,477.65645399998925,0.0,0.0,0.0
11.849999999989222,477.66645399998924,0.0,0.0,0.0
11.859999999989213,477.67645399998923,0.0,0.0,0.0
11.869999999989204,477.6864539999892,0.0,0.0,0.0
11.879999999989195,477.6964539999892,0.0,0.0,0.0
11.889999999989186,477.7064539999892,0.0,0.0,0.0
11.899999999989177,477.7164539999892,0.0,0.0,0.0
11.909999999989168,477.7264539999892,0.0,0.0,0.0
11.919999999989159,477.7364539999892,0.0,0.0,0.0
11.92999999998915,477.74645399998917,0.0,0.0,0.0
11.93999999998914,477.75645399998916,0.0,0.0,0.0
11.949999999989132,477.76645399998915,0.0,0.0,0.0
11.959999999989122,477.77645399998914,0.0,0.0,0.0
11.969999999989113,477.78645399998913,0.0,0.0,0.0
11.979999999989104,477.7964539999891,0.0,0.0,0.0
11.989999999989095,477.8064539999891,0.0,0.0,0.0
11.999999999989086,477.8164539999891,0.0,0.0,0.0
12.009999999989077,477.8264539999891,0.0,0.0,0.0
12.019999999989068,477.8364539999891,0.0,0.0,0.0
12.029999999989059,477.8464539999891,0.0,0.0,0.0
12.03999999998905,477.85645399998907,0.0,0.0,0.0
12.04999999998904,477.86645399998906,0.0,0.0,0.0
12.059999999989031,477.87645399998905,0.0,0.0,0.0
12.069999999989022,477.88645399998904,0.0,0.0,0.0
12.079999999989013,477.89645399998903,0.0,0.0,0.0
12.089999999989004,477.906453999989,0.0,0.0,0.0
12.099999999988995,477.916453999989,0.0,0.0,0.0
12.109999999988986,477.926453999989,0.0,0.0,0.0
12.119999999988977,477.936453999989,0.0,0.0,0.0
12.129999999988968,477.946453999989,0.0,0.0,0.0
12.139999999988959,477.956453999989,0.0,0.0,0.0
12.14999999998895,477.96645399998897,0.0,0.0,0.0
12.15999999998894,477.97645399998896,0.0,0.0,0.0
12.169999999988931,477.98645399998895,0.0,0.0,0.0
12.179999999988922,477.99645399998894,0.0,0.0,0.0
12.189999999988913,478.00645399998893,0.0,0.0,0.0
12.199999999988904,478.0164539999889,0.0,0.0,0.0
12.209999999988895,478.0264539999889,0.0,0.0,0.0
12.219999999988886,478.0364539999889,0.0,0.0,0.0
12.229999999988877,478.0464539999889,0.0,0.0,0.0
12.239999999988868,478.0564539999889,0.0,0.0,0.0
12.249999999988859,478.0664539999889,0.0,0.0,0.0
12.25999999998885,478.07645399998887,0.0,0.0,0.0
12.26999999998884,478.08645399998886,0.0,0.0,0.0
12.279999999988831,478.09645399998885,0.0,0.0,0.0
12.289999999988822,478.10645399998884,0.0,0.0,0.0
12.299999999988813,478.11645399998883,0.0,0.0,0.0
12.309999999988804,478.1264539999888,0.0,0.0,0.0
12.319999999988795,478.1364539999888,0.0,0.0,0.0
12.329999999988786,478.1464539999888,0.0,0.0,0.0
12.339999999988777,478.1564539999888,0.0,0.0,0.0
12.349999999988768,478.1664539999888,0.0,0.0,0.0
12.359999999988759,478.1764539999888,0.0,0.0,0.0
12.36999999998875,478.18645399998877,0.0,0.0,0.0
12.37999999998874,478.19645399998876,0.0,0.0,0.0
12.389999999988731,478.20645399998875,0.0,0.0,0.0
12.399999999988722,478.21645399998874,0.0,0.0,0.0
12.409999999988713,478.22645399998873,0.0,0.0,0.0
12.419999999988704,478.2364539999887,0.0,0.0,0.0
12.429999999988695,478.2464539999887,0.0,0.0,0.0
12.439999999988686,478.2564539999887,0.0,0.0,0.0
12.449999999988677,478.2664539999887,0.0,0.0,0.0
12.459999999988668,478.2764539999887,0.0,0.0,0.0
12.469999999988659,478.2864539999887,0.0,0.0,0.0
12.47999999998865,478.29645399998867,0.0,0.0,0.0
12.48999999998864,478.30645399998866,0.0,0.0,0.0
12.499999999988631,478.31645399998865,0.0,0.0,0.0
12.509999999988622,478.32645399998864,0.0,0.0,0.0
12.519999999988613,478.33645399998863,0.0,0.0,0.0
12.529999999988604,478.3464539999886,0.0,0.0,0.0
12.539999999988595,478.3564539999886,0.0,0.0,0.0
12.549999999988586,478.3664539999886,0.0,0.0,0.0
12.559999999988577,478.3764539999886,0.0,0.0,0.0
12.569999999988568,478.3864539999886,0.0,0.0,0.0
12.579999999988559,478.3964539999886,0.0,0.0,0.0
12.58999999998855,478.40645399998857,0.0,0.0,0.0
12.59999999998854,478.41645399998856,0.0,0.0,0.0
12.609999999988531,478.42645399998855,0.0,0.0,0.0
12.619999999988522,478.43645399998854,0.0,0.0,0.0
12.629999999988513,478.44645399998853,0.0,0.0,0.0
12.639999999988504,478.4564539999885,0.0,0.0,0.0
12.649999999988495,478.4664539999885,0.0,0.0,0.0
12.659999999988486,478.4764539999885,0.0,0.0,0.0
12.669999999988477,478.4864539999885,0.0,0.0,0.0
12.679999999988468,478.4964539999885,0.0,0.0,0.0
12.689999999988459,478.5064539999885,0.0,0.0,0.0
12.69999999998845,478.51645399998847,0.0,0.0,0.0
12.70999999998844,478.52645399998846,0.0,0.0,0.0
12.719999999988431,478.53645399998845,0.0,0.0,0.0
12.729999999988422,478.54645399998844,0.0,0.0,0.0
12.739999999988413,478.55645399998843,0.0,0.0,0.0
12.749999999988404,478.5664539999884,0.0,0.0,0.0
12.759999999988395,478.5764539999884,0.0,0.0,0.0
12.769999999988386,478.5864539999884,0.0,0.0,0.0
12.779999999988377,478.5964539999884,0.0,0.0,0.0
12.789999999988368,478.6064539999884,0.0,0.0,0.0
12.799999999988358,478.6164539999884,0.0,0.0,0.0
12.80999999998835,478.62645399998837,0.0,0.0,0.0
12.81999999998834,478.63645399998836,0.0,0.0,0.0
12.829999999988331,478.64645399998835,0.0,0.0,0.0
12.839999999988322,478.65645399998834,0.0,0.0,0.0
12.849999999988313,478.66645399998833,0.0,0.0,0.0
12.859999999988304,478.6764539999883,0.0,0.0,0.0
12.869999999988295,478.6864539999883,0.0,0.0,0.0
12.879999999988286,478.6964539999883,0.0,0.0,0.0
12.889999999988277,478.7064539999883,0.0,0.0,0.0
12.899999999988268,478.7164539999883,0.0,0.0,0.0
12.909999999988258,478.7264539999883,0.0,0.0,0.0
12.91999999998825,478.73645399998827,0.0,0.0,0.0
12.92999999998824,478.74645399998826,0.0,0.0,0.0
12.939999999988231,478.75645399998825,0.0,0.0,0.0
12.949999999988222,478.76645399998824,0.0,0.0,0.0
12.959999999988213,478.77645399998823,0.0,0.0,0.0
12.969999999988204,478.7864539999882,0.0,0.0,0.0
12.979999999988195,478.7964539999882,0.0,0.0,0.0
12.989999999988186,478.8064539999882,0.0,0.0,0.0
12.999999999988177,478.8164539999882,0.0,0.0,0.0
13.009999999988167,478.8264539999882,0.0,0.0,0.0
13.019999999988158,478.8364539999882,0.0,0.0,0.0
13.02999999998815,478.84645399998817,0.0,0.0,0.0
13.03999999998814,478.85645399998816,0.0,0.0,0.0
13.049999999988131,478.86645399998815,0.0,0.0,0.0
13.059999999988122,478.87645399998814,0.0,0.0,0.0
13.069999999988113,478.88645399998813,0.0,0.0,0.0
13.079999999988104,478.8964539999881,0.0,0.0,0.0
13.089999999988095,478.9064539999881,0.0,0.0,0.0
13.099999999988086,478.9164539999881,0.0,0.0,0.0
13.109999999988077,478.9264539999881,0.0,0.0,0.0
13.119999999988067,478.9364539999881,0.0,0.0,0.0
13.129999999988058,478.9464539999881,0.0,0.0,0.0
13.13999999998805,478.95645399998807,0.0,0.0,0.0
13.14999999998804,478.96645399998806,0.0,0.0,0.0
13.159999999988031,478.97645399998805,0.0,0.0,0.0
13.169999999988022,478.98645399998804,0.0,0.0,0.0
13.179999999988013,478.99645399998803,0.0,0.0,0.0
13.189999999988004,479.006453999988,0.0,0.0,0.0
13.199999999987995,479.016453999988,0.0,0.0,0.0
13.209999999987986,479.026453999988,0.0,0.0,0.0
13.219999999987976,479.036453999988,0.0,0.0,0.0
13.229999999987967,479.046453999988,0.0,0.0,0.0
13.239999999987958,479.056453999988,0.0,0.0,0.0
13.24999999998795,479.06645399998797,0.0,0.0,0.0
13.25999999998794,479.07645399998796,0.0,0.0,0.0
13.269999999987931,479.08645399998795,0.0,0.0,0.0
13.279999999987922,479.09645399998794,0.0,0.0,0.0
13.289999999987913,479.10645399998793,0.0,0.0,0.0
13.299999999987904,479.1164539999879,0.0,0.0,0.0
13.309999999987895,479.1264539999879,0.0,0.0,0.0
13.319999999987886,479.1364539999879,0.0,0.0,0.0
13.329999999987876,479.1464539999879,0.0,0.0,0.0
13.339999999987867,479.1564539999879,0.0,0.0,0.0
13.349999999987858,479.1664539999879,0.0,0.0,0.0
13.35999999998785,479.17645399998787,0.0,0.0,0.0
13.36999999998784,479.18645399998786,0.0,0.0,0.0
13.379999999987831,479.19645399998785,0.0,0.0,0.0
13.389999999987822,479.20645399998784,0.0,0.0,0.0
13.399999999987813,479.21645399998783,0.0,0.0,0.0
13.409999999987804,479.2264539999878,0.0,0.0,0.0
13.419999999987795,479.2364539999878,0.0,0.0,0.0
13.429999999987785,479.2464539999878,0.0,0.0,0.0
13.439999999987776,479.2564539999878,0.0,0.0,0.0
13.449999999987767,479.2664539999878,0.0,0.0,0.0
13.459999999987758,479.2764539999878,0.0,0.0,0.0
13.469999999987749,479.28645399998777,0.0,0.0,0.0
13.47999999998774,479.29645399998776,0.0,0.0,0.0
13.489999999987731,479.30645399998775,0.0,0.0,0.0
13.499999999987722,479.31645399998774,0.0,0.0,0.0
13.509999999987713,479.32645399998773,0.0,0.0,0.0
13.519999999987704,479.3364539999877,0.0,0.0,0.0
13.529999999987695,479.3464539999877,0.0,0.0,0.0
13.539999999987685,479.3564539999877,0.0,0.0,0.0
13.549999999987676,479.3664539999877,0.0,0.0,0.0
13.559999999987667,479.3764539999877,0.0,0.0,0.0
13.569999999987658,479.3864539999877,0.0,0.0,0.0
13.579999999987649,479.39645399998767,0.0,0.0,0.0
13.58999999998764,479.40645399998766,0.0,0.0,0.0
13.59999999998763,479.41645399998765,0.0,0.0,0.0
13.609999999987622,479.42645399998764,0.0,0.0,0.0
13.619999999987613,479.43645399998763,0.0,0.0,0.0
13.629999999987604,479.4464539999876,0.0,0.0,0.0
13.639999999987594,479.4564539999876,0.0,0.0,0.0
13.649999999987585,479.4664539999876,0.0,0.0,0.0
13.659999999987576,479.4764539999876,0.0,0.0,0.0
13.669999999987567,479.4864539999876,0.0,0.0,0.0
13.679999999987558,479.4964539999876,0.0,0.0,0.0
13.689999999987549,479.50645399998757,0.0,0.0,0.0
13.69999999998754,479.51645399998756,0.0,0.0,0.0
13.70999999998753,479.52645399998755,0.0,0.0,0.0
13.719999999987522,479.53645399998754,0.0,3.343069302310331,0.0
13.729999999987513,479.54645399998753,0.0,7.055940589435701,0.0
13.739999999987504,479.5564539999875,0.0,10.76881187656107,0.0
13.749999999987494,479.5664539999875,0.0,14.481683163686439,0.0
13.759999999987485,479.5764539999875,0.636317990588884,18.194554450811808,0.0
13.769999999987476,479.5864539999875,10.833043456566951,21.907425737937178,0.0
13.779999999987467,479.5964539999875,24.6317333175205,25.62029702506255,0.0
13.789999999987458,479.6064539999875,45.04727267428318,29.333168312187915,0.0
13.799999999987449,479.61645399998747,66.82084940154904,33.04603959931329,0.0
13.80999999998744,479.62645399998746,85.26327269995605,36.758910886438656,0.0
13.81999999998743,479.63645399998745,106.43028899125727,40.47178217356402,0.0
13.829999999987422,479.64645399998744,124.77176468375461,44.1846534606894,0.0
13.839999999987413,479.65645399998743,141.16639997993494,47.897524747814764,0.0
13.849999999987403,479.6664539999874,154.31102039281384,51.61039603494013,0.0
13.859999999987394,479.6764539999874,162.94590475232943,55.323267322065504,0.0
13.869999999987385,479.6864539999874,168.764948447117,59.03613860919087,0.0
13.879999999987376,479.6964539999874,173.1036734642481,62.74900989631624,0.0
13.889999999987367,479.7064539999874,176.26202898185207,66.4618811834416,0.0
13.899999999987358,479.7164539999874,177.75675126775613,70.17475247056699,0.0
13.909999999987349,479.72645399998737,178.63631799057634,73.88762375769235,0.0
13.91999999998734,479.73645399998736,179.6730952365925,74.48169709022872,75.0
13.92999999998733,479.74645399998735,182.13352940805044,73.74168722343114,75.0
13.939999999987322,479.75645399998734,185.2877837796832,73.00167735663356,75.0
13.949999999987313,479.76645399998733,186.0,72.26166748983599,75.0
13.959999999987303,479.7764539999873,183.79425414784032,71.52165762303841,75.0
13.969999999987294,479.7864539999873,181.10688796995527,70.78164775624084,75.0
13.979999999987285,479.7964539999873,177.98036364097453,70.04163788944327,75.0
13.989999999987276,479.8064539999873,175.8719691139295,69.30162802264569,75.0
13.999999999987267,479.8164539999873,174.34030303222616,68.56161815584811,75.0
14.009999999987258,479.8264539999873,173.4441577070044,67.82160828905053,75.0
14.019999999987249,479.83645399998727,171.78272000406713,67.08159842225295,75.0
14.02999999998724,479.84645399998726,167.14591837382318,66.34158855545537,75.0
14.03999999998723,479.85645399998725,162.3076190536788,65.60157868865781,75.0
14.049999999987222,479.86645399998724,156.51298969860883,64.86156882186023,75.0
14.059999999987213,479.87645399998723,151.1261538526974,64.12155895506265,75.0
14.069999999987203,479.8864539999872,146.95453659034416,63.381549088265075,75.0
14.079999999987194,479.8964539999872,140.71220000892887,62.6415392214675,75.0
14.089999999987185,479.9064539999872,132.1672361924508,61.90152935466992,75.0
14.099999999987176,479.9164539999872,121.18376813076782,61.16151948787234,75.0
14.109999999987167,479.9264539999872,108.27814434706198,60.42150962107477,75.0
14.119999999987158,479.9364539999872,95.79715737599702,58.72000000380649,60.0
14.129999999987149,479.94645399998717,83.89182267524065,55.74602230864197,60.0
14.13999999998714,479.95645399998716,74.65694657565388,52.77204461347745,60.0
14.14999999998713,479.96645399998715,60.693134355135186,49.79806691831293,60.0
14.159999999987122,479.97645399998714,46.435594729502554,46.824089223148405,60.0
14.169999999987112,479.98645399998713,32.59299436918503,43.850111527983884,60.0
14.179999999987103,479.9964539999871,20.11294119159556,40.87613383281936,60.0
14.189999999987094,480.0064539999871,10.2883333440419,37.90215613765484,60.0
14.199999999987085,480.0164539999871,5.121428576535456,34.92817844249032,60.0
14.209999999987076,480.0264539999871,2.325507248241892,31.9542007473258,60.0
14.219999999987067,480.0364539999871,0.825151517105017,28.98022305216128,60.0
14.229999999987058,480.0464539999871,0.0,26.006245356996757,60.0
14.239999999987049,480.05645399998707,0.0,23.032267661832236,60.0
14.24999999998704,480.06645399998706,0.0,20.058289966667715,60.0
14.25999999998703,480.07645399998705,0.0,17.084312271503194,60.0
14.269999999987022,480.08645399998704,0.0,14.110334576338673,60.0
14.279999999987012,480.09645399998703,0.0,11.136356881174152,60.0
14.289999999987003,480.106453999987,0.0,8.16237918600963,60.0
14.299999999986994,480.116453999987,1.4897777748982726,5.188401490845109,60.0
14.309999999986985,480.126453999987,0.4894117672487699,2.214423795680588,60.0
14.319999999986976,480.136453999987,0.0,0.0,0.0
14.329999999986967,480.146453999987,0.0,0.0,0.0
14.339999999986958,480.156453999987,0.0,0.0,0.0
14.349999999986949,480.16645399998697,0.0,0.0,0.0
14.35999999998694,480.17645399998696,1.4981005557488094,0.0,0.0
14.36999999998693,480.18645399998695,2.0,0.0,0.0
14.379999999986921,480.19645399998694,2.0,0.0,0.0
14.389999999986912,480.20645399998693,2.0,0.0,0.0
14.399999999986903,480.2164539999869,2.0,0.0,0.0
14.409999999986894,480.2264539999869,2.0,0.0,0.0
14.419999999986885,480.2364539999869,2.0,0.0,0.0
14.429999999986876,480.2464539999869,2.0,0.0,0.0
14.439999999986867,480.2564539999869,2.0,0.0,0.0
14.449999999986858,480.2664539999869,2.0,0.0,0.0
14.459999999986849,480.27645399998687,2.0,0.0,0.0
14.46999999998684,480.28645399998686,2.0,0.0,0.0
14.47999999998683,480.29645399998685,2.0,0.0,0.0
14.489999999986821,480.30645399998684,2.0,0.0,0.0
14.499999999986812,480.31645399998683,2.0,0.0,0.0
14.509999999986803,480.3264539999868,2.0,0.0,0.0
14.519999999986794,480.3364539999868,2.0,0.0,0.0
14.529999999986785,480.3464539999868,2.0,0.0,0.0
14.539999999986776,480.3564539999868,2.0,0.0,0.0
14.549999999986767,480.3664539999868,2.0,0.0,0.0
14.559999999986758,480.3764539999868,2.0,0.0,0.0
14.569999999986749,480.38645399998677,2.0,0.0,0.0
14.57999999998674,480.39645399998676,2.0,0.0,0.0
14.58999999998673,480.40645399998675,2.0,0.0,0.0
14.599999999986721,480.41645399998674,2.0,0.0,0.0
14.609999999986712,480.42645399998673,2.0,0.0,0.0
14.619999999986703,480.4364539999867,2.0,0.0,0.0
14.629999999986694,480.4464539999867,2.0,0.0,0.0
14.639999999986685,480.4564539999867,2.0,0.0,0.0
14.649999999986676,480.4664539999867,2.0,0.0,0.0
14.659999999986667,480.4764539999867,2.0,0.0,0.0
14.669999999986658,480.4864539999867,2.0,0.0,0.0
14.679999999986649,480.49645399998667,0.5122513116909428,0.0,0.0
14.68999999998664,480.50645399998666,0.0,0.0,0.0
14.69999999998663,480.51645399998665,0.0,0.0,0.0
14.709999999986621,480.52645399998664,0.0,0.0,0.0
14.719999999986612,480.53645399998663,0.0,0.0,0.0
14.729999999986603,480.5464539999866,0.0,0.0,0.0
14.739999999986594,480.5564539999866,0.0,0.0,0.0
14.749999999986585,480.5664539999866,0.0,0.0,0.0
14.759999999986576,480.5764539999866,0.0,0.0,0.0
14.769999999986567,480.5864539999866,0.0,0.0,0.0
14.779999999986558,480.5964539999866,0.0,0.0,0.0
14.789999999986549,480.60645399998657,0.0,0.0,0.0
14.79999999998654,480.61645399998656,0.0,0.0,0.0
14.80999999998653,480.62645399998655,0.0,0.0,0.0
14.819999999986521,480.63645399998654,0.0,0.0,0.0
14.829999999986512,480.64645399998653,0.0,0.0,0.0
14.839999999986503,480.6564539999865,0.0,0.0,0.0
14.849999999986494,480.6664539999865,0.0,0.0,0.0
14.859999999986485,480.6764539999865,0.0,0.0,0.0
14.869999999986476,480.6864539999865,0.0,0.0,0.0
14.879999999986467,480.6964539999865,0.0,0.0,0.0
14.889999999986458,480.7064539999865,0.0,0.0,0.0
14.899999999986449,480.71645399998647,0.0,0.0,0.0
14.90999999998644,480.72645399998646,0.0,0.0,0.0
14.91999999998643,480.73645399998645,0.0,0.0,0.0
14.929999999986421,480.74645399998644,0.0,0.3478303740855392,0.0
14.939999999986412,480.75645399998643,0.0,0.8409270210279696,0.0
14.949999999986403,480.7664539999864,0.0,1.3340236679703998,0.0
14.959999999986394,480.7764539999864,0.0,1.8271203149128303,0.0
14.969999999986385,480.7864539999864,0.0,2.3202169618552606,0.0
14.979999999986376,480.7964539999864,0.0,2.813313608797691,0.0
14.989999999986367,480.8064539999864,0.0,3.306410255740121,0.0
14.999999999986358,480.8164539999864,0.0,3.799506902682552,0.0
15.009999999986348,480.82645399998637,0.0,4.292603549624982,0.0
15.01999999998634,480.83645399998636,0.0,4.785700196567412,0.0
15.02999999998633,480.84645399998635,0.0,5.278796843509843,0.0
15.039999999986321,480.85645399998634,0.0,5.771893490452273,0.0
15.049999999986312,480.86645399998633,0.0,6.264990137394704,0.0
15.059999999986303,480.8764539999863,0.0,6.7580867843371335,0.0
15.069999999986294,480.8864539999863,0.0,7.251183431279564,0.0
15.079999999986285,480.8964539999863,0.0,7.744280078221994,0.0
15.089999999986276,480.9064539999863,0.0,8.237376725164426,0.0
15.099999999986267,480.9164539999863,0.0,8.730473372106855,0.0
15.109999999986258,480.9264539999863,0.0,9.223570019049285,0.0
15.119999999986248,480.93645399998627,0.0,9.716666665991715,0.0
15.12999999998624,480.94645399998626,0.0,9.789197225653973,10.0
15.13999999998623,480.95645399998625,0.0,9.293657086903305,10.0
15.149999999986221,480.96645399998624,0.0,8.798116948152636,10.0
15.159999999986212,480.97645399998623,0.0,8.302576809401966,10.0
15.169999999986203,480.9864539999862,0.0,7.807036670651296,10.0
15.179999999986194,480.9964539999862,0.0,7.311496531900627,10.0
15.189999999986185,481.0064539999862,0.0,6.815956393149958,10.0
15.199999999986176,481.0164539999862,0.0,6.320416254399289,10.0
15.209999999986167,481.0264539999862,0.0,5.824876115648619,10.0
15.219999999986157,481.0364539999862,0.0,5.32933597689795,10.0
15.229999999986148,481.04645399998617,0.0,4.833795838147281,10.0
15.23999999998614,481.05645399998616,0.0,4.338255699396611,10.0
15.24999999998613,481.06645399998615,0.0,3.8427155606459413,10.0
15.259999999986121,481.07645399998614,0.0,3.3471754218952725,10.0
15.269999999986112,481.08645399998613,0.0,2.851635283144603,10.0
15.279999999986103,481.0964539999861,0.0,2.356095144393934,10.0
15.289999999986094,481.1064539999861,0.0,1.8605550056432634,10.0
15.299999999986085,481.1164539999861,0.0,1.3650148668925954,10.0
15.309999999986076,481.1264539999861,0.0,0.8694747281419257,10.0
15.319999999986067,481.1364539999861,0.0,0.373934589391256,10.0
15.329999999986057,481.1464539999861,0.0,0.0,0.0
15.339999999986048,481.15645399998607,0.0,0.0,0.0
15.34999999998604,481.16645399998606,0.0,0.0,0.0
15.35999999998603,481.17645399998605,0.0,0.0,0.0
15.369999999986021,481.18645399998604,0.0,0.0,0.0
15.379999999986012,481.19645399998603,0.0,0.0,0.0
15.389999999986003,481.206453999986,0.0,0.0,0.0
15.399999999985994,481.216453999986,0.0,0.0,0.0
15.409999999985985,481.226453999986,0.0,0.0,0.0
15.419999999985976,481.236453999986,0.0,0.0,0.0
15.429999999985966,481.246453999986,0.0,0.0,0.0
15.439999999985957,481.256453999986,0.0,0.0,0.0
15.449999999985948,481.26645399998597,0.0,0.0,0.0
15.45999999998594,481.27645399998596,0.0,0.0,0.0
15.46999999998593,481.28645399998595,0.0,0.0,0.0
15.479999999985921,481.29645399998594,0.0,0.0,0.0
15.489999999985912,481.30645399998593,0.0,0.0,0.0
15.499999999985903,481.3164539999859,0.0,0.0,0.0
15.509999999985894,481.3264539999859,0.0,0.0,0.0
15.519999999985885,481.3364539999859,0.0,0.0,0.0
15.529999999985876,481.3464539999859,0.0,0.0,0.0
15.539999999985866,481.3564539999859,0.0,0.0,0.0
15.549999999985857,481.3664539999859,0.0,0.0,0.0
15.559999999985848,481.37645399998587,0.0,0.0,0.0
15.56999999998584,481.38645399998586,0.0,0.0,0.0
15.57999999998583,481.39645399998585,0.0,0.0,0.0
15.589999999985821,481.40645399998584,0.0,0.0,0.0
15.599999999985812,481.41645399998583,0.0,0.0,0.0
15.609999999985803,481.4264539999858,0.0,0.0,0.0
15.619999999985794,481.4364539999858,0.0,0.0,0.0
15.629999999985785,481.4464539999858,0.0,0.0,0.0
15.639999999985776,481.4564539999858,0.0,0.0,0.0
15.649999999985766,481.4664539999858,0.0,0.0,0.0
15.659999999985757,481.4764539999858,0.0,0.0,0.0
15.669999999985748,481.48645399998577,0.0,0.0,0.0
15.67999999998574,481.49645399998576,0.0,0.0,0.0
15.68999999998573,481.50645399998575,0.0,0.0,0.0
15.699999999985721,481.51645399998574,0.0,0.0,0.0
15.709999999985712,481.52645399998573,0.0,0.0,0.0
15.719999999985703,481.5364539999857,0.0,0.0,0.0
15.729999999985694,481.5464539999857,0.0,0.0,0.0
15.739999999985685,481.5564539999857,0.0,0.0,0.0
15.749999999985675,481.5664539999857,0.0,0.0,0.0
15.759999999985666,481.5764539999857,0.0,0.0,0.0
15.769999999985657,481.5864539999857,0.0,0.0,0.0
15.779999999985648,481.59645399998567,0.0,0.0,0.0
15.789999999985639,481.60645399998566,0.0,0.0,0.0
15.79999999998563,481.61645399998565,0.0,0.0,0.0
15.809999999985621,481.62645399998564,0.0,0.0,0.0
15.819999999985612,481.63645399998563,0.0,0.0,0.0
15.829999999985603,481.6464539999856,0.0,0.0,0.0
15.839999999985594,481.6564539999856,0.0,0.0,0.0
15.849999999985585,481.6664539999856,0.0,0.0,0.0
15.859999999985575,481.6764539999856,0.0,0.0,0.0
15.869999999985566,481.6864539999856,0.0,0.0,0.0
15.879999999985557,481.6964539999856,0.0,0.0,0.0
15.889999999985548,481.70645399998557,0.0,0.0,0.0
15.899999999985539,481.71645399998556,0.0,0.0,0.0
15.90999999998553,481.72645399998555,0.0,0.0,0.0
15.91999999998552,481.73645399998554,0.0,0.0,0.0
15.929999999985512,481.74645399998553,0.0,0.0,0.0
15.939999999985503,481.7564539999855,0.0,0.9391767295804266,0.0
15.949999999985494,481.7664539999855,0.0,2.3195070228992756,0.0
15.959999999985484,481.7764539999855,0.0,3.6998373162181246,0.0
15.969999999985475,481.7864539999855,0.0,5.080167609536974,0.0
15.979999999985466,481.7964539999855,0.0,6.460497902855823,0.0
15.989999999985457,481.8064539999855,1.360799997099876,7.840828196174672,0.0
15.999999999985448,481.81645399998547,3.4399999969274475,9.22115848949352,0.0
16.00999999998544,481.82645399998546,6.775094334136343,10.60148878281237,0.0
16.01999999998543,481.83645399998545,12.2212499909154,11.981819076131218,0.0
16.02999999998542,481.84645399998544,19.109999989624047,13.362149369450067,0.0
16.03999999998541,481.85645399998543,24.676999992737752,14.742479662768917,0.0
16.049999999985403,481.8664539999854,28.68639268874674,16.122809956087767,0.0
16.059999999985394,481.8764539999854,32.56159999417156,17.503140249406616,0.0
16.069999999985384,481.8864539999854,35.13345132485308,18.883470542725465,0.0
16.079999999985375,481.8964539999854,39.346885236341784,20.263800836044314,0.0
16.089999999985366,481.9064539999854,46.233955545182376,21.644131129363164,0.0
16.099999999985357,481.9164539999854,55.72108106330418,23.024461422682013,0.0
16.109999999985348,481.92645399998537,63.37692883018202,24.40479171600086,0.0
16.11999999998534,481.93645399998536,69.95074625774302,25.78512200931971,0.0
16.12999999998533,481.94645399998535,75.64522612330538,27.16545230263856,0.0
16.13999999998532,481.95645399998534,79.48646808012381,29.2145058166564,28.0
16.14999999998531,481.96645399998533,85.68409637317748,32.28609362938615,28.0
16.159999999985303,481.9764539999853,93.83236179724291,35.357681442115904,28.0
16.169999999985293,481.9864539999853,102.41326827979452,38.42926925484566,28.0
16.179999999985284,481.9964539999853,111.51138460183297,41.50085706757541,28.0
16.189999999985275,482.0064539999853,119.87256280225793,44.57244488030516,28.0
16.199999999985266,482.0164539999853,126.85641508462598,47.644032693034916,28.0
16.209999999985257,482.0264539999853,132.25493975194107,50.71562050576467,28.0
16.219999999985248,482.03645399998527,138.03098590512695,53.78720831849442,28.0
16.22999999998524,482.04645399998526,144.96827585191167,56.858796131224175,28.0
16.23999999998523,482.05645399998525,151.31877550118648,59.93038394395393,28.0
16.24999999998522,482.06645399998524,158.10331657254756,63.00197175668368,28.0
16.25999999998521,482.07645399998523,164.11492956915785,66.07355956941343,28.0
16.269999999985203,482.0864539999852,170.9551063719775,69.1451473821432,28.0
16.279999999985193,482.0964539999852,178.50936707738316,72.21673519487294,28.0
16.289999999985184,482.1064539999852,188.4718562697182,75.28832300760268,28.0
16.299999999985175,482.1164539999852,197.1198386989555,78.35991082033244,28.0
16.309999999985166,482.1264539999852,204.54108694528094,81.4314986330622,28.0
16.319999999985157,482.1364539999852,209.94785713756852,84.50308644579195,28.0
16.329999999985148,482.14645399998517,214.43085713439913,87.5746742585217,28.0
16.33999999998514,482.15645399998516,218.1761999955525,90.46952640383716,90.0
16.34999999998513,482.16645399998515,221.8447058765312,92.70111579138751,90.0
16.35999999998512,482.17645399998514,226.59897958426404,94.93270517893784,90.0
16.36999999998511,482.18645399998513,230.9015999940638,97.16429456648818,90.0
16.379999999985102,482.1964539999851,234.83082926250282,99.39588395403851,90.0
16.389999999985093,482.2064539999851,236.62535714153032,101.62747334158885,90.0
16.399999999985084,482.2164539999851,237.0,103.8590627291392,90.0
16.409999999985075,482.2264539999851,237.0,106.09065211668953,90.0
16.419999999985066,482.2364539999851,237.0,108.32224150423987,90.0
16.429999999985057,482.2464539999851,238.439591833694,110.5538308917902,90.0
16.439999999985048,482.25645399998507,241.83082926248065,112.78542027934054,90.0
16.44999999998504,482.26645399998506,246.57346938013904,115.01700966689089,90.0
16.45999999998503,482.27645399998505,251.6201004949996,117.24859905444121,90.0
16.46999999998502,482.28645399998504,257.1060377273985,119.48018844199156,90.0
16.47999999998501,482.29645399998503,262.5393616941789,121.71177782954189,90.0
16.489999999985002,482.306453999985,267.40031249299506,123.94336721709223,90.0
16.499999999984993,482.316453999985,272.3914093879498,126.17495660464257,90.0
16.509999999984984,482.326453999985,276.4068728470875,128.4065459921929,90.0
16.519999999984975,482.336453999985,281.49559320507944,130.63813537974323,90.0
16.529999999984966,482.346453999985,287.0561568580381,132.86972476729358,90.0
16.539999999984957,482.356453999985,291.2881202917339,135.0135018582895,135.0
16.549999999984948,482.36645399998497,293.71899497336733,135.31089962780592,135.0
16.55999999998494,482.37645399998496,294.0,135.6082973973224,135.0
16.56999999998493,482.38645399998495,294.0,135.90569516683885,135.0
16.57999999998492,482.39645399998494,292.93200000501315,136.2030929363553,135.0
16.58999999998491,482.40645399998493,291.29717073317573,136.50049070587175,135.0
16.599999999984902,482.4164539999849,291.7132307676868,136.7978884753882,135.0
16.609999999984893,482.4264539999849,292.0,137.09528624490466,135.0
16.619999999984884,482.4364539999849,292.67643192346844,137.3926840144211,135.0
16.629999999984875,482.4464539999849,293.0,137.69008178393756,135.0
16.639999999984866,482.4564539999849,291.9041269865207,137.987479553454,135.0
16.649999999984857,482.4664539999849,290.41442177076067,138.28487732297046,135.0
16.659999999984848,482.47645399998487,289.2904081648063,138.58227509248692,135.0
16.66999999998484,482.48645399998486,288.2810050266441,138.87967286200336,135.0
16.67999999998483,482.49645399998485,288.66703703563604,139.17707063151983,135.0
16.68999999998482,482.50645399998484,289.6923243226863,139.47446840103626,135.0
16.69999999998481,482.51645399998483,290.608851062539,139.77186617055273,135.0
16.709999999984802,482.5264539999848,291.639526625424,140.06926394006916,135.0
16.719999999984793,482.5364539999848,292.0,140.36666170958563,135.0
16.729999999984784,482.5464539999848,291.37695364439224,140.66405947910206,135.0
16.739999999984775,482.5564539999848,290.4700740751981,140.96145724861853,135.0
16.749999999984766,482.5664539999848,289.4378461561852,140.48267459228586,141.0
16.759999999984757,482.5764539999848,288.28460000152137,139.88832095187027,141.0
16.769999999984748,482.58645399998477,288.0,139.29396731145465,141.0
16.77999999998474,482.59645399998476,287.2904081648179,138.69961367103906,141.0
16.78999999998473,482.60645399998475,286.28460000152137,138.10526003062344,141.0
16.79999999998472,482.61645399998474,285.30204878197554,137.51090639020782,141.0
16.80999999998471,482.62645399998473,282.87569231239036,136.91655274979223,141.0
16.819999999984702,482.6364539999847,281.3121153860846,136.3221991093766,141.0
16.829999999984693,482.6464539999847,279.628629444725,135.72784546896102,141.0
16.839999999984684,482.6564539999847,277.7504072425843,135.1334918285454,141.0
16.849999999984675,482.6664539999847,275.6619428606325,134.5391381881298,141.0
16.859999999984666,482.6764539999847,274.3035294132649,133.9447845477142,141.0
16.869999999984657,482.6864539999847,271.88653061693367,133.3504309072986,141.0
16.879999999984648,482.69645399998467,270.28603015229385,132.75607726688298,141.0
16.88999999998464,482.70645399998466,267.9656872081453,132.1617236264674,141.0
16.89999999998463,482.71645399998465,265.1570232600915,131.56736998605177,141.0
16.90999999998462,482.72645399998464,264.0,130.97301634563618,141.0
16.91999999998461,482.73645399998463,262.1323255867456,130.37866270522056,141.0
16.929999999984602,482.7464539999846,260.441818183088,129.78430906480497,141.0
16.939999999984593,482.7564539999846,258.48239130935985,129.18995542438935,141.0
16.949999999984584,482.7664539999846,254.57600000683132,125.24514413264455,129.0
16.959999999984575,482.7764539999846,248.44732395665665,119.72654349209736,129.0
16.969999999984566,482.7864539999846,237.43236182759443,114.20794285155017,129.0
16.979999999984557,482.7964539999846,223.5307317298244,108.68934221100298,129.0
16.989999999984548,482.80645399998457,204.20571431874328,103.17074157045579,129.0
16.99999999998454,482.81645399998456,179.5296000401136,97.6521409299086,129.0
17.00999999998453,482.82645399998455,155.08571432243002,92.1335402893614,129.0
17.01999999998452,482.83645399998454,129.89119174983924,86.61493964881421,129.0
17.02999999998451,482.84645399998453,107.54118815089491,81.09633900826702,129.0
17.039999999984502,482.8564539999845,88.66280002783084,75.57773836771983,129.0
17.049999999984493,482.8664539999845,72.03360002476714,70.05913772717264,129.0
17.059999999984484,482.8764539999845,59.68906668315962,64.54053708662543,129.0
17.069999999984475,482.8864539999845,49.1625000161211,59.02193644607824,129.0
17.079999999984466,482.8964539999845,40.30413409031936,53.50333580553105,129.0
17.089999999984457,482.9064539999845,35.233725496265635,47.98473516498386,129.0
17.099999999984448,482.91645399998447,33.32803921720432,42.46613452443667,129.0
17.10999999998444,482.92645399998446,30.920625004848823,36.94753388388948,129.0
17.11999999998443,482.93645399998445,30.0,31.428933243342286,129.0
17.12999999998442,482.94645399998444,29.499473686253733,25.910332602795094,129.0
17.13999999998441,482.95645399998443,29.0,20.391731962247903,129.0
17.149999999984402,482.9664539999844,29.0,16.923550706978013,17.0
17.159999999984393,482.9764539999844,29.0,16.725187205862426,17.0
17.169999999984384,482.9864539999844,29.0,16.52682370474684,17.0
17.179999999984375,482.9964539999844,28.46357414567229,16.328460203631256,17.0
17.189999999984366,483.0064539999844,28.55375886303636,16.13009670251567,17.0
17.199999999984357,483.0164539999844,29.699387753511388,15.931733201400084,17.0
17.209999999984348,483.02645399998437,30.0,15.733369700284499,17.0
17.21999999998434,483.03645399998436,30.0,15.535006199168912,17.0
17.22999999998433,483.04645399998435,29.348114287500348,15.336642698053327,17.0
17.23999999998432,483.05645399998434,29.0,15.138279196937741,17.0
17.24999999998431,483.06645399998433,29.672205126601476,14.939915695822156,17.0
17.259999999984302,483.0764539999843,30.0,14.741552194706571,17.0
17.269999999984293,483.0864539999843,30.0,14.543188693590984,17.0
17.279999999984284,483.0964539999843,28.63236181219377,14.3448251924754,17.0
17.289999999984275,483.1064539999843,26.60832487627941,14.146461691359814,17.0
17.299999999984266,483.1164539999843,26.0,13.948098190244227,17.0
17.309999999984257,483.1264539999843,26.0,13.749734689128642,17.0
17.319999999984248,483.13645399998427,26.0,13.551371188013057,17.0
17.32999999998424,483.14645399998426,26.0,13.353007686897472,17.0
17.33999999998423,483.15645399998425,26.0,13.154644185781887,17.0
17.34999999998422,483.16645399998424,26.0,12.858053010674318,13.0
17.35999999998421,483.17645399998423,26.571042942855268,12.21401040477937,13.0
17.369999999984202,483.1864539999842,27.483568772062785,11.56996779888442,13.0
17.379999999984193,483.1964539999842,27.495206614175505,10.925925192989473,13.0
17.389999999984184,483.2064539999842,26.45281250123168,10.281882587094525,13.0
17.399999999984175,483.2164539999842,25.4540259760762,9.637839981199576,13.0
17.409999999984166,483.2264539999842,24.356039605525776,8.993797375304627,13.0
17.419999999984157,483.2364539999842,24.0,8.34975476940968,13.0
17.429999999984148,483.24645399998417,24.0,7.705712163514732,13.0
17.43999999998414,483.25645399998416,24.0,7.061669557619783,13.0
17.44999999998413,483.26645399998415,24.0,6.417626951724835,13.0
17.45999999998412,483.27645399998414,24.658926827722087,5.773584345829887,13.0
17.46999999998411,483.28645399998413,25.0,5.129541739934938,13.0
17.479999999984102,483.2964539999841,25.0,4.485499134039991,13.0
17.489999999984093,483.3064539999841,25.0,3.8414565281450415,13.0
17.499999999984084,483.3164539999841,23.614564105816676,3.197413922250094,13.0
17.509999999984075,483.3264539999841,22.38561403648135,2.553371316355145,13.0
17.519999999984066,483.3364539999841,21.390869566944474,1.9093287104601977,13.0
17.529999999984057,483.3464539999841,19.65884817086445,1.2652861045652486,13.0
17.539999999984047,483.35645399998407,17.770582962495105,0.6212434986703013,13.0
17.54999999998404,483.36645399998406,15.088044698072748,0.0,0.0
17.55999999998403,483.37645399998405,11.921846158748561,0.0,0.0
17.56999999998402,483.38645399998404,9.078773010051126,0.0,0.0
17.57999999998401,483.39645399998403,7.523063831144141,0.0,0.0
17.589999999984002,483.406453999984,6.441449277672922,0.0,0.0
17.599999999983993,483.416453999984,4.370156253738126,0.0,0.0
17.609999999983984,483.426453999984,1.3159459524142183,0.0,0.0
17.619999999983975,483.436453999984,0.0,0.0,0.0
17.629999999983966,483.446453999984,0.0,0.0,0.0
17.639999999983957,483.456453999984,0.0,0.0,0.0
17.649999999983947,483.46645399998397,0.0,0.0,0.0
17.65999999998394,483.47645399998396,0.0,0.0,0.0
17.66999999998393,483.48645399998395,0.0,0.0,0.0
17.67999999998392,483.49645399998394,0.0,0.0,0.0
17.68999999998391,483.50645399998393,0.0,0.0,0.0
17.699999999983902,483.5164539999839,0.0,0.0,0.0
17.709999999983893,483.5264539999839,0.0,0.0,0.0
17.719999999983884,483.5364539999839,0.0,0.0,0.0
17.729999999983875,483.5464539999839,0.0,0.0,0.0
17.739999999983866,483.5564539999839,0.0,0.0,0.0
17.749999999983856,483.5664539999839,0.0,0.0,0.0
17.759999999983847,483.57645399998387,0.0,0.0,0.0
17.76999999998384,483.58645399998386,0.0,0.0,0.0
17.77999999998383,483.59645399998385,0.0,0.0,0.0
17.78999999998382,483.60645399998384,0.0,0.0,0.0
17.79999999998381,483.61645399998383,0.0,0.0,0.0
17.809999999983802,483.6264539999838,0.0,0.0,0.0
17.819999999983793,483.6364539999838,0.0,0.0,0.0
17.829999999983784,483.6464539999838,0.0,0.0,0.0
17.839999999983775,483.6564539999838,0.0,0.0,0.0
17.849999999983766,483.6664539999838,0.0,0.0,0.0
17.859999999983756,483.6764539999838,0.0,0.0,0.0
17.869999999983747,483.68645399998377,0.0,0.0,0.0
17.87999999998374,483.69645399998376,0.0,0.0,0.0
17.88999999998373,483.70645399998375,0.0,0.0,0.0
17.89999999998372,483.71645399998374,0.0,0.0,0.0
17.90999999998371,483.72645399998373,0.0,0.0,0.0
17.919999999983702,483.7364539999837,0.0,0.0,0.0
17.929999999983693,483.7464539999837,0.0,0.0,0.0
17.939999999983684,483.7564539999837,0.0,0.0,0.0
17.949999999983675,483.7664539999837,0.0,0.0,0.0
17.959999999983665,483.7764539999837,0.0,0.0,0.0
17.969999999983656,483.7864539999837,0.0,0.0,0.0
17.979999999983647,483.79645399998367,0.0,0.0,0.0
17.989999999983638,483.80645399998366,1.1686956481179547,0.0,0.0
17.99999999998363,483.81645399998365,2.0,0.0,0.0
18.00999999998362,483.82645399998364,2.0,0.0,0.0
18.01999999998361,483.83645399998363,0.9332295745285699,0.0,0.0
18.029999999983602,483.8464539999836,0.0,0.0,0.0
18.039999999983593,483.8564539999836,0.0,0.0,0.0
18.049999999983584,483.8664539999836,0.0,0.0,0.0
18.059999999983575,483.8764539999836,0.0,0.0,0.0
18.069999999983565,483.8864539999836,0.0,0.0,0.0
18.079999999983556,483.8964539999836,0.0,0.0,0.0
18.089999999983547,483.90645399998357,0.0,0.0,0.0
18.099999999983538,483.91645399998356,0.0,0.0,0.0
18.10999999998353,483.92645399998355,0.0,0.0,0.0
18.11999999998352,483.93645399998354,0.0,0.0,0.0
18.12999999998351,483.94645399998353,0.0,0.0,0.0
18.1399999999835,483.9564539999835,0.0,0.0,0.0
18.149999999983493,483.9664539999835,0.0,0.0,0.0
18.159999999983484,483.9764539999835,0.0,0.0,0.0
18.169999999983474,483.9864539999835,0.0,0.0,0.0
18.179999999983465,483.9964539999835,0.0,0.0,0.0
18.189999999983456,484.0064539999835,0.0,0.0,0.0
18.199999999983447,484.01645399998347,0.0,0.0,0.0
18.209999999983438,484.02645399998346,0.0,0.0,0.0
18.21999999998343,484.03645399998345,0.0,0.0,0.0
18.22999999998342,484.04645399998344,0.0,0.0,0.0
18.23999999998341,484.05645399998343,0.0,0.0,0.0
18.2499999999834,484.0664539999834,0.0,0.0,0.0
18.259999999983393,484.0764539999834,0.0,0.0,0.0
18.269999999983384,484.0864539999834,0.0,0.0,0.0
18.279999999983374,484.0964539999834,0.0,0.0,0.0
18.289999999983365,484.1064539999834,0.0,0.0,0.0
18.299999999983356,484.1164539999834,0.0,0.0,0.0
18.309999999983347,484.12645399998337,0.0,0.0,0.0
18.319999999983338,484.13645399998336,0.0,0.0,0.0
18.32999999998333,484.14645399998335,0.0,0.0,0.0
18.33999999998332,484.15645399998334,0.0,0.0,0.0
18.34999999998331,484.16645399998333,0.0,0.0,0.0
18.3599999999833,484.1764539999833,0.0,0.0,0.0
18.369999999983293,484.1864539999833,0.0,0.0,0.0
18.379999999983283,484.1964539999833,0.0,0.0,0.0
18.389999999983274,484.2064539999833,0.0,0.0,0.0
18.399999999983265,484.2164539999833,0.0,0.0,0.0
18.409999999983256,484.2264539999833,0.0,0.0,0.0
18.419999999983247,484.23645399998327,0.0,0.0,0.0
18.429999999983238,484.24645399998326,0.0,0.0,0.0
18.43999999998323,484.25645399998325,0.0,0.0,0.0
18.44999999998322,484.26645399998324,0.0,0.0,0.0
18.45999999998321,484.27645399998323,0.0,0.0,0.0
18.4699999999832,484.2864539999832,0.0,0.0,0.0
18.479999999983193,484.2964539999832,0.0,0.0,0.0
18.489999999983183,484.3064539999832,0.0,0.0,0.0
18.499999999983174,484.3164539999832,0.0,0.0,0.0
18.509999999983165,484.3264539999832,0.0,0.0,0.0
18.519999999983156,484.3364539999832,0.0,0.0,0.0
18.529999999983147,484.34645399998317,0.0,0.0,0.0
18.539999999983138,484.35645399998316,0.0,0.0,0.0
18.54999999998313,484.36645399998315,0.0,0.0,0.0
18.55999999998312,484.37645399998314,0.0,0.0,0.0
18.56999999998311,484.38645399998313,0.0,0.0,0.0
18.5799999999831,484.3964539999831,0.0,0.0,0.0
18.589999999983092,484.4064539999831,0.0,0.0,0.0
18.599999999983083,484.4164539999831,0.0,0.0,0.0
18.609999999983074,484.4264539999831,0.0,0.0,0.0
18.619999999983065,484.4364539999831,0.0,0.0,0.0
18.629999999983056,484.4464539999831,0.0,0.0,0.0
18.639999999983047,484.45645399998307,0.0,0.0,0.0
18.649999999983038,484.46645399998306,0.0,0.0,0.0
18.65999999998303,484.47645399998305,0.0,0.0,0.0
18.66999999998302,484.48645399998304,0.0,0.0,0.0
18.67999999998301,484.49645399998303,0.0,0.0,0.0
18.689999999983,484.506453999983,0.0,0.0,0.0
18.699999999982992,484.516453999983,0.0,0.0,0.0
18.709999999982983,484.526453999983,0.0,0.0,0.0
18.719999999982974,484.536453999983,0.0,0.0,0.0
18.729999999982965,484.546453999983,0.0,0.0,0.0
18.739999999982956,484.556453999983,0.0,0.0,0.0
18.749999999982947,484.56645399998297,0.0,0.0,0.0
18.759999999982938,484.57645399998296,0.0,0.0,0.0
18.76999999998293,484.58645399998295,0.0,0.0,0.0
18.77999999998292,484.59645399998294,0.0,0.0,0.0
18.78999999998291,484.60645399998293,0.0,0.0,0.0
18.7999999999829,484.6164539999829,0.0,0.0,0.0
18.809999999982892,484.6264539999829,0.0,0.0,0.0
18.819999999982883,484.6364539999829,0.0,0.0,0.0
18.829999999982874,484.6464539999829,0.0,0.0,0.0
18.839999999982865,484.6564539999829,0.0,0.0,0.0
18.849999999982856,484.6664539999829,0.0,0.0,0.0
18.859999999982847,484.67645399998287,0.0,0.0,0.0
18.869999999982838,484.68645399998286,0.0,0.0,0.0
18.87999999998283,484.69645399998285,0.0,0.0,0.0
18.88999999998282,484.70645399998284,0.0,0.0,0.0
18.89999999998281,484.71645399998283,0.0,0.0,0.0
18.9099999999828,484.7264539999828,0.0,0.0,0.0
18.919999999982792,484.7364539999828,0.0,0.0,0.0
18.929999999982783,484.7464539999828,0.0,0.0,0.0
18.939999999982774,484.7564539999828,0.0,0.0,0.0
18.949999999982765,484.7664539999828,0.0,0.0,0.0
18.959999999982756,484.7764539999828,0.0,0.0,0.0
18.969999999982747,484.78645399998277,0.0,0.0,0.0
18.979999999982738,484.79645399998276,0.0,0.0,0.0
18.98999999998273,484.80645399998275,0.0,0.0,0.0
18.99999999998272,484.81645399998274,0.0,0.0,0.0
19.00999999998271,484.82645399998273,0.0,0.0,0.0
19.0199999999827,484.8364539999827,0.0,0.0,0.0
19.029999999982692,484.8464539999827,0.0,0.0,0.0
19.039999999982683,484.8564539999827,0.0,0.0,0.0
19.049999999982674,484.8664539999827,0.0,0.0,0.0
19.059999999982665,484.8764539999827,0.0,0.0,0.0
19.069999999982656,484.8864539999827,0.0,0.0,0.0
19.079999999982647,484.89645399998267,0.0,0.0,0.0
19.089999999982638,484.90645399998266,0.0,0.0,0.0
19.09999999998263,484.91645399998265,0.0,0.0,0.0
19.10999999998262,484.92645399998264,0.0,0.0,0.0
19.11999999998261,484.93645399998263,0.0,0.0,0.0
19.1299999999826,484.9464539999826,0.0,0.0,0.0
19.139999999982592,484.9564539999826,0.0,0.0,0.0
19.149999999982583,484.9664539999826,0.0,0.0,0.0
19.159999999982574,484.9764539999826,0.0,0.0,0.0
19.169999999982565,484.9864539999826,0.0,0.0,0.0
19.179999999982556,484.9964539999826,0.0,0.0,0.0
19.189999999982547,485.00645399998257,0.0,0.0,0.0
19.199999999982538,485.01645399998256,0.0,0.0,0.0
19.20999999998253,485.02645399998255,0.0,0.0,0.0
19.21999999998252,485.03645399998254,0.0,0.0,0.0
19.22999999998251,485.04645399998253,0.0,0.0,0.0
19.2399999999825,485.0564539999825,0.0,0.0,0.0
19.249999999982492,485.0664539999825,0.0,0.0,0.0
19.259999999982483,485.0764539999825,0.0,0.0,0.0
19.269999999982474,485.0864539999825,0.0,0.0,0.0
19.279999999982465,485.0964539999825,0.0,0.0,0.0
19.289999999982456,485.1064539999825,0.0,0.0,0.0
19.299999999982447,485.11645399998247,0.0,0.0,0.0
19.309999999982438,485.12645399998246,0.0,0.0,0.0
19.31999999998243,485.13645399998245,0.0,0.0,0.0
19.32999999998242,485.14645399998244,0.0,0.0,0.0
19.33999999998241,485.15645399998243,0.0,0.0,0.0
19.3499999999824,485.1664539999824,0.0,0.0,0.0
19.359999999982392,485.1764539999824,0.0,0.0,0.0
19.369999999982383,485.1864539999824,0.0,0.0,0.0
19.379999999982374,485.1964539999824,0.0,0.0,0.0
19.389999999982365,485.2064539999824,0.0,0.0,0.0
19.399999999982356,485.2164539999824,0.0,0.0,0.0
19.409999999982347,485.22645399998237,0.0,0.0,0.0
19.419999999982338,485.23645399998236,0.0,0.0,0.0
19.42999999998233,485.24645399998235,0.0,0.0,0.0
19.43999999998232,485.25645399998234,0.0,0.0,0.0
19.44999999998231,485.26645399998233,0.0,0.0,0.0
19.4599999999823,485.2764539999823,0.0,0.0,0.0
19.469999999982292,485.2864539999823,0.0,0.0,0.0
19.479999999982283,485.2964539999823,0.0,0.0,0.0
19.489999999982274,485.3064539999823,0.0,0.0,0.0
19.499999999982265,485.3164539999823,0.0,0.0,0.0
19.509999999982256,485.3264539999823,0.0,0.0,0.0
19.519999999982247,485.33645399998227,0.0,0.0,0.0
19.529999999982238,485.34645399998226,0.0,0.0,0.0
19.53999999998223,485.35645399998225,0.0,0.0,0.0
19.54999999998222,485.36645399998224,0.0,0.0,0.0
19.55999999998221,485.37645399998223,0.0,0.0,0.0
19.5699999999822,485.3864539999822,0.0,0.0,0.0
19.579999999982192,485.3964539999822,0.0,0.0,0.0
19.589999999982183,485.4064539999822,0.0,0.0,0.0
19.599999999982174,485.4164539999822,0.0,0.0,0.0
19.609999999982165,485.4264539999822,0.0,0.0,0.0
19.619999999982156,485.4364539999822,0.0,0.0,0.0
19.629999999982147,485.44645399998217,0.0,0.0,0.0
19.639999999982138,485.45645399998216,0.0,0.0,0.0
19.64999999998213,485.46645399998215,0.0,0.0,0.0
19.65999999998212,485.47645399998214,0.0,0.0,0.0
19.66999999998211,485.48645399998213,0.0,0.0,0.0
19.6799999999821,485.4964539999821,0.0,0.0,0.0
19.689999999982092,485.5064539999821,0.0,0.0,0.0
19.699999999982083,485.5164539999821,0.0,0.0,0.0
19.709999999982074,485.5264539999821,0.0,0.0,0.0
19.719999999982065,485.5364539999821,0.0,0.0,0.0
19.729999999982056,485.5464539999821,0.0,0.0,0.0
19.739999999982047,485.55645399998207,0.0,0.0,0.0
19.749999999982037,485.56645399998206,0.0,0.0,0.0
19.75999999998203,485.57645399998205,0.0,0.0,0.0
19.76999999998202,485.58645399998204,0.0,0.0,0.0
19.77999999998201,485.59645399998203,0.0,0.0,0.0
19.789999999982,485.606453999982,0.0,0.0,0.0
19.799999999981992,485.616453999982,0.0,0.0,0.0
19.809999999981983,485.626453999982,0.0,0.0,0.0
19.819999999981974,485.636453999982,0.0,0.0,0.0
19.829999999981965,485.646453999982,0.0,0.0,0.0
19.839999999981956,485.656453999982,0.0,0.0,0.0
19.849999999981947,485.66645399998197,0.0,0.0,0.0
19.859999999981937,485.67645399998196,0.0,0.0,0.0
19.86999999998193,485.68645399998195,0.0,0.0,0.0
19.87999999998192,485.69645399998194,0.0,0.0,0.0
19.88999999998191,485.70645399998193,0.0,0.0,0.0
19.8999999999819,485.7164539999819,0.0,0.0,0.0
19.909999999981892,485.7264539999819,0.0,0.0,0.0
19.919999999981883,485.7364539999819,0.0,0.0,0.0
19.929999999981874,485.7464539999819,0.0,0.0,0.0
19.939999999981865,485.7564539999819,0.0,0.0,0.0
19.949999999981856,485.7664539999819,0.0,0.0,0.0
19.959999999981846,485.77645399998187,0.0,0.0,0.0
19.969999999981837,485.78645399998186,0.0,0.0,0.0
19.97999999998183,485.79645399998185,0.0,0.0,0.0
19.98999999998182,485.80645399998184,0.0,0.0,0.0
19.99999999998181,485.81645399998183,0.0,0.0,0.0
20.0099999999818,485.8264539999818,0.0,0.0,0.0
20.019999999981792,485.8364539999818,0.0,0.0,0.0
20.029999999981783,485.8464539999818,0.0,0.0,0.0
20.039999999981774,485.8564539999818,0.0,0.0,0.0
20.049999999981765,485.8664539999818,0.0,0.0,0.0
20.059999999981756,485.8764539999818,0.0,0.0,0.0
20.069999999981746,485.88645399998177,0.0,0.0,0.0
20.079999999981737,485.89645399998176,0.0,0.0,0.0
20.08999999998173,485.90645399998175,0.0,0.0,0.0
20.09999999998172,485.91645399998174,0.0,0.0,0.0
20.10999999998171,485.92645399998173,0.0,0.0,0.0
20.1199999999817,485.9364539999817,0.0,0.0,0.0
20.129999999981692,485.9464539999817,0.0,0.0,0.0
20.139999999981683,485.9564539999817,0.0,0.0,0.0
20.149999999981674,485.9664539999817,0.0,0.0,0.0
20.159999999981665,485.9764539999817,0.0,0.0,0.0
20.169999999981655,485.9864539999817,0.0,0.0,0.0
20.179999999981646,485.99645399998167,0.0,0.0,0.0
20.189999999981637,486.00645399998166,0.0,0.0,0.0
20.199999999981628,486.01645399998165,0.0,0.0,0.0
20.20999999998162,486.02645399998164,0.0,0.0,0.0
20.21999999998161,486.03645399998163,0.0,0.0,0.0
20.2299999999816,486.0464539999816,0.0,0.0,0.0
20.239999999981592,486.0564539999816,0.0,0.0,0.0
20.249999999981583,486.0664539999816,0.0,0.0,0.0
20.259999999981574,486.0764539999816,0.0,0.0,0.0
20.269999999981565,486.0864539999816,0.0,0.0,0.0
20.279999999981555,486.0964539999816,0.0,0.0,0.0
20.289999999981546,486.10645399998157,0.0,0.0,0.0
20.299999999981537,486.11645399998156,0.0,0.0,0.0
20.309999999981528,486.12645399998155,0.0,0.0,0.0
20.31999999998152,486.13645399998154,0.0,0.0,0.0
20.32999999998151,486.14645399998153,0.0,0.0,0.0
20.3399999999815,486.1564539999815,0.0,0.0,0.0
20.349999999981492,486.1664539999815,0.0,0.0,0.0
20.359999999981483,486.1764539999815,0.0,0.0,0.0
20.369999999981474,486.1864539999815,0.0,0.0,0.0
20.379999999981464,486.1964539999815,0.0,0.0,0.0
20.389999999981455,486.2064539999815,0.0,0.0,0.0
20.399999999981446,486.21645399998147,0.0,0.0,0.0
20.409999999981437,486.22645399998146,0.0,0.0,0.0
20.419999999981428,486.23645399998145,0.0,0.0,0.0
20.42999999998142,486.24645399998144,0.0,0.0,0.0
20.43999999998141,486.25645399998143,0.0,0.0,0.0
20.4499999999814,486.2664539999814,0.0,0.0,0.0
20.45999999998139,486.2764539999814,0.0,0.0,0.0
20.469999999981383,486.2864539999814,0.0,0.0,0.0
20.479999999981374,486.2964539999814,0.0,0.0,0.0
20.489999999981364,486.3064539999814,0.0,0.0,0.0
20.499999999981355,486.3164539999814,0.0,0.0,0.0
20.509999999981346,486.32645399998137,0.0,0.0,0.0
20.519999999981337,486.33645399998136,0.0,0.0,0.0
20.529999999981328,486.34645399998135,0.0,0.0,0.0
20.53999999998132,486.35645399998134,0.0,0.0,0.0
20.54999999998131,486.36645399998133,0.0,0.0,0.0
20.5599999999813,486.3764539999813,0.0,0.0,0.0
20.56999999998129,486.3864539999813,0.0,0.0,0.0
20.579999999981283,486.3964539999813,0.0,0.0,0.0
20.589999999981274,486.4064539999813,0.0,0.0,0.0
20.599999999981264,486.4164539999813,0.0,0.0,0.0
20.609999999981255,486.4264539999813,0.0,0.0,0.0
20.619999999981246,486.43645399998127,0.0,0.0,0.0
20.629999999981237,486.44645399998126,0.0,0.0,0.0
20.639999999981228,486.45645399998125,0.0,0.0,0.0
20.64999999998122,486.46645399998124,0.0,0.0,0.0
20.65999999998121,486.47645399998123,0.0,0.0,0.0
20.6699999999812,486.4864539999812,0.0,0.0,0.0
20.67999999998119,486.4964539999812,0.0,0.0,0.0
20.689999999981183,486.5064539999812,0.0,0.0,0.0
20.699999999981173,486.5164539999812,0.0,0.0,0.0
20.709999999981164,486.5264539999812,0.0,0.0,0.0
20.719999999981155,486.5364539999812,0.0,0.0,0.0
20.729999999981146,486.54645399998117,0.0,0.0,0.0
20.739999999981137,486.55645399998116,0.0,0.0,0.0
20.749999999981128,486.56645399998115,0.0,0.0,0.0
20.75999999998112,486.57645399998114,0.0,0.0,0.0
20.76999999998111,486.58645399998113,0.0,0.0,0.0
20.7799999999811,486.5964539999811,0.0,0.0,0.0
20.78999999998109,486.6064539999811,0.0,0.0,0.0
20.799999999981083,486.6164539999811,0.0,0.0,0.0
20.809999999981073,486.6264539999811,0.0,0.0,0.0
20.819999999981064,486.6364539999811,0.0,0.0,0.0
20.829999999981055,486.6464539999811,0.0,0.0,0.0
20.839999999981046,486.65645399998107,0.0,0.0,0.0
20.849999999981037,486.66645399998106,0.0,0.0,0.0
20.859999999981028,486.67645399998105,0.0,0.0,0.0
20.86999999998102,486.68645399998104,0.0,0.0,0.0
20.87999999998101,486.69645399998103,0.0,0.0,0.0
20.889999999981,486.706453999981,0.0,0.0,0.0
20.89999999998099,486.716453999981,0.0,0.0,0.0
20.909999999980982,486.726453999981,0.0,0.0,0.0
20.919999999980973,486.736453999981,0.0,0.0,0.0
20.929999999980964,486.746453999981,0.0,0.0,0.0
20.939999999980955,486.756453999981,0.0,0.0,0.0
20.949999999980946,486.76645399998097,0.0,0.0,0.0
20.959999999980937,486.77645399998096,0.0,0.0,0.0
20.969999999980928,486.78645399998095,0.0,0.0,0.0
20.97999999998092,486.79645399998094,0.0,0.0,0.0
20.98999999998091,486.80645399998093,0.0,0.0,0.0
20.9999999999809,486.8164539999809,0.0,0.0,0.0
21.00999999998089,486.8264539999809,0.0,0.0,0.0
21.019999999980882,486.8364539999809,0.0,0.0,0.0
21.029999999980873,486.8464539999809,0.0,0.0,0.0
21.039999999980864,486.8564539999809,0.0,0.0,0.0
21.049999999980855,486.8664539999809,0.0,0.0,0.0
21.059999999980846,486.87645399998087,0.0,0.0,0.0
21.069999999980837,486.88645399998086,0.0,0.0,0.0
21.079999999980828,486.89645399998085,0.0,0.0,0.0
21.08999999998082,486.90645399998084,0.0,0.0,0.0
21.09999999998081,486.91645399998083,0.0,0.0,0.0
21.1099999999808,486.9264539999808,0.0,0.0,0.0
21.11999999998079,486.9364539999808,0.0,0.0,0.0
21.129999999980782,486.9464539999808,0.0,0.0,0.0
21.139999999980773,486.9564539999808,0.0,0.0,0.0
21.149999999980764,486.9664539999808,0.0,0.0,0.0
21.159999999980755,486.9764539999808,0.0,0.0,0.0
21.169999999980746,486.98645399998077,0.0,0.0,0.0
21.179999999980737,486.99645399998076,0.0,0.0,0.0
21.189999999980728,487.00645399998075,0.0,0.0,0.0
21.19999999998072,487.01645399998074,0.0,0.0,0.0
21.20999999998071,487.02645399998073,0.0,0.0,0.0
21.2199999999807,487.0364539999807,0.0,0.0,0.0
21.22999999998069,487.0464539999807,0.0,0.0,0.0
21.239999999980682,487.0564539999807,0.0,0.0,0.0
21.249999999980673,487.0664539999807,0.0,0.0,0.0
21.259999999980664,487.0764539999807,0.0,0.0,0.0
21.269999999980655,487.0864539999807,0.0,0.0,0.0
21.279999999980646,487.09645399998067,0.0,0.0,0.0
21.289999999980637,487.10645399998066,0.0,0.0,0.0
21.299999999980628,487.11645399998065,0.0,0.0,0.0
21.30999999998062,487.12645399998064,0.0,0.0,0.0
21.31999999998061,487.13645399998063,0.0,0.0,0.0
21.3299999999806,487.1464539999806,0.0,0.0,0.0
21.33999999998059,487.1564539999806,0.0,0.0,0.0
21.349999999980582,487.1664539999806,0.0,0.0,0.0
21.359999999980573,487.1764539999806,0.0,0.0,0.0
21.369999999980564,487.1864539999806,0.0,0.0,0.0
21.379999999980555,487.1964539999806,0.0,0.0,0.0
21.389999999980546,487.20645399998057,0.0,0.0,0.0
21.399999999980537,487.21645399998056,0.0,0.0,0.0
21.409999999980528,487.22645399998055,0.0,0.0,0.0
21.41999999998052,487.23645399998054,0.0,0.0,0.0
21.42999999998051,487.24645399998053,0.0,0.0,0.0
21.4399999999805,487.2564539999805,0.0,0.0,0.0
21.44999999998049,487.2664539999805,0.0,0.0,0.0
21.459999999980482,487.2764539999805,0.0,0.0,0.0
21.469999999980473,487.2864539999805,0.0,0.0,0.0
21.479999999980464,487.2964539999805,0.0,0.0,0.0
21.489999999980455,487.3064539999805,0.0,0.0,0.0
21.499999999980446,487.31645399998047,0.0,0.0,0.0
21.509999999980437,487.32645399998046,0.0,0.0,0.0
21.519999999980428,487.33645399998045,0.0,0.0,0.0
21.52999999998042,487.34645399998044,0.0,0.0,0.0
21.53999999998041,487.35645399998043,0.0,0.0,0.0
21.5499999999804,487.3664539999804,0.0,0.0,0.0
21.55999999998039,487.3764539999804,0.0,0.0,0.0
21.569999999980382,487.3864539999804,0.0,0.0,0.0
21.579999999980373,487.3964539999804,0.0,0.0,0.0
21.589999999980364,487.4064539999804,0.0,0.0,0.0
21.599999999980355,487.4164539999804,0.0,0.0,0.0
21.609999999980346,487.42645399998037,0.0,0.0,0.0
21.619999999980337,487.43645399998036,0.0,0.0,0.0
21.629999999980328,487.44645399998035,0.0,0.0,0.0
21.63999999998032,487.45645399998034,0.0,0.0,0.0
21.64999999998031,487.46645399998033,0.0,0.0,0.0
21.6599999999803,487.4764539999803,0.0,0.0,0.0
21.66999999998029,487.4864539999803,0.0,0.0,0.0
21.679999999980282,487.4964539999803,0.0,0.0,0.0
21.689999999980273,487.5064539999803,0.0,0.0,0.0
21.699999999980264,487.5164539999803,0.0,0.0,0.0
21.709999999980255,487.5264539999803,0.0,0.0,0.0
21.719999999980246,487.53645399998027,0.0,0.0,0.0
21.729999999980237,487.54645399998026,0.0,0.0,0.0
21.739999999980228,487.55645399998025,0.0,0.0,0.0
21.74999999998022,487.56645399998024,0.0,0.0,0.0
21.75999999998021,487.57645399998023,0.0,0.0,0.0
21.7699999999802,487.5864539999802,0.0,0.0,0.0
21.77999999998019,487.5964539999802,0.0,0.0,0.0
21.789999999980182,487.6064539999802,0.0,0.0,0.0
21.799999999980173,487.6164539999802,0.0,0.0,0.0
21.809999999980164,487.6264539999802,0.0,0.0,0.0
21.819999999980155,487.6364539999802,0.0,0.0,0.0
21.829999999980146,487.64645399998017,0.0,0.0,0.0
21.839999999980137,487.65645399998016,0.0,0.0,0.0
21.849999999980128,487.66645399998015,0.0,0.0,0.0
21.85999999998012,487.67645399998014,0.0,0.0,0.0
21.86999999998011,487.68645399998013,0.0,0.0,0.0
21.8799999999801,487.6964539999801,0.0,0.0,0.0
21.88999999998009,487.7064539999801,0.0,0.0,0.0
21.899999999980082,487.7164539999801,0.0,0.0,0.0
21.909999999980073,487.7264539999801,0.0,0.0,0.0
21.919999999980064,487.7364539999801,0.0,0.0,0.0
21.929999999980055,487.7464539999801,0.0,0.0,0.0
21.939999999980046,487.75645399998007,0.0,0.0,0.0
21.949999999980037,487.76645399998006,0.0,0.0,0.0
21.959999999980027,487.77645399998005,0.0,0.0,0.0
21.96999999998002,487.78645399998004,0.0,0.0,0.0
21.97999999998001,487.79645399998003,0.0,0.0,0.0
21.98999999998,487.80645399998,0.0,0.0,0.0
21.99999999997999,487.81645399998,0.0,0.0,0.0
22.009999999979982,487.82645399998,0.0,0.0,0.0
22.019999999979973,487.83645399998,0.0,0.0,0.0
22.029999999979964,487.84645399998,0.0,0.0,0.0
22.039999999979955,487.85645399998,0.0,0.0,0.0
22.049999999979946,487.86645399997997,0.0,0.0,0.0
22.059999999979937,487.87645399997996,0.0,0.0,0.0
22.069999999979927,487.88645399997995,0.0,0.0,0.0
22.07999999997992,487.89645399997994,0.0,0.0,0.0
22.08999999997991,487.90645399997993,0.0,0.0,0.0
22.0999999999799,487.9164539999799,0.0,0.0,0.0
22.10999999997989,487.9264539999799,0.0,0.0,0.0
22.119999999979882,487.9364539999799,0.0,0.0,0.0
22.129999999979873,487.9464539999799,0.0,0.0,0.0
22.139999999979864,487.9564539999799,0.0,0.0,0.0
22.149999999979855,487.9664539999799,0.0,0.0,0.0
22.159999999979846,487.97645399997987,0.0,0.0,0.0
22.169999999979837,487.98645399997986,0.0,0.0,0.0
22.179999999979827,487.99645399997985,0.0,0.0,0.0
22.18999999997982,488.00645399997984,0.0,0.0,0.0
22.19999999997981,488.01645399997983,0.0,0.0,0.0
22.2099999999798,488.0264539999798,0.0,0.0,0.0
22.21999999997979,488.0364539999798,0.0,0.0,0.0
22.229999999979782,488.0464539999798,0.0,0.0,0.0
22.239999999979773,488.0564539999798,0.0,0.0,0.0
22.249999999979764,488.0664539999798,0.0,0.0,0.0
22.259999999979755,488.0764539999798,0.0,0.0,0.0
22.269999999979746,488.08645399997977,0.0,0.0,0.0
22.279999999979736,488.09645399997976,0.0,0.0,0.0
22.289999999979727,488.10645399997975,0.0,0.0,0.0
22.29999999997972,488.11645399997974,0.0,0.0,0.0
22.30999999997971,488.12645399997973,0.0,0.0,0.0
22.3199999999797,488.1364539999797,0.0,0.0,0.0
22.32999999997969,488.1464539999797,0.0,0.0,0.0
22.339999999979682,488.1564539999797,0.0,0.0,0.0
22.349999999979673,488.1664539999797,0.0,0.0,0.0
22.359999999979664,488.1764539999797,0.0,0.0,0.0
22.369999999979655,488.1864539999797,0.0,0.0,0.0
22.379999999979646,488.19645399997967,0.0,0.0,0.0
22.389999999979636,488.20645399997966,0.0,0.0,0.0
22.399999999979627,488.21645399997965,0.0,0.0,0.0
22.40999999997962,488.22645399997964,0.0,0.0,0.0
22.41999999997961,488.23645399997963,0.0,0.0,0.0
22.4299999999796,488.2464539999796,0.0,0.0,0.0
22.43999999997959,488.2564539999796,0.0,0.0,0.0
22.449999999979582,488.2664539999796,0.0,0.0,0.0
22.459999999979573,488.2764539999796,0.0,0.0,0.0
22.469999999979564,488.2864539999796,0.0,0.0,0.0
22.479999999979555,488.2964539999796,0.0,0.0,0.0
22.489999999979545,488.30645399997957,0.0,0.0,0.0
22.499999999979536,488.31645399997956,0.0,0.0,0.0
22.509999999979527,488.32645399997955,0.0,0.0,0.0
22.519999999979518,488.33645399997954,0.0,0.0,0.0
22.52999999997951,488.34645399997953,0.0,0.0,0.0
22.5399999999795,488.3564539999795,0.0,0.0,0.0
22.54999999997949,488.3664539999795,0.0,0.0,0.0
22.559999999979482,488.3764539999795,0.0,0.0,0.0
22.569999999979473,488.3864539999795,0.0,0.0,0.0
22.579999999979464,488.3964539999795,0.0,0.0,0.0
22.589999999979455,488.4064539999795,0.0,0.0,0.0
22.599999999979445,488.41645399997947,0.0,0.0,0.0
22.609999999979436,488.42645399997946,0.0,0.0,0.0
22.619999999979427,488.43645399997945,0.0,0.0,0.0
22.629999999979418,488.44645399997944,0.0,0.0,0.0
22.63999999997941,488.45645399997943,0.0,0.0,0.0
22.6499999999794,488.4664539999794,0.0,0.0,0.0
22.65999999997939,488.4764539999794,0.0,0.0,0.0
22.66999999997938,488.4864539999794,0.0,0.0,0.0
22.679999999979373,488.4964539999794,0.0,0.0,0.0
22.689999999979364,488.5064539999794,0.0,0.0,0.0
22.699999999979354,488.5164539999794,0.0,0.0,0.0
22.709999999979345,488.52645399997937,0.0,0.0,0.0
22.719999999979336,488.53645399997936,0.0,0.0,0.0
22.729999999979327,488.54645399997935,0.0,0.0,0.0
22.739999999979318,488.55645399997934,0.0,0.0,0.0
22.74999999997931,488.56645399997933,0.0,0.0,0.0
22.7599999999793,488.5764539999793,0.0,0.0,0.0
22.76999999997929,488.5864539999793,0.0,0.0,0.0
22.77999999997928,488.5964539999793,0.0,0.0,0.0
22.789999999979273,488.6064539999793,0.0,0.0,0.0
22.799999999979264,488.6164539999793,0.0,0.0,0.0
22.809999999979254,488.6264539999793,0.0,0.0,0.0
22.819999999979245,488.63645399997927,0.0,0.0,0.0
22.829999999979236,488.64645399997926,0.0,0.0,0.0
22.839999999979227,488.65645399997925,0.0,0.0,0.0
22.849999999979218,488.66645399997924,0.0,0.0,0.0
22.85999999997921,488.67645399997923,0.0,0.0,0.0
22.8699999999792,488.6864539999792,0.0,0.0,0.0
22.87999999997919,488.6964539999792,0.0,0.0,0.0
22.88999999997918,488.7064539999792,0.0,0.0,0.0
22.899999999979173,488.7164539999792,0.0,0.0,0.0
22.909999999979163,488.7264539999792,0.0,0.0,0.0
22.919999999979154,488.7364539999792,0.0,0.0,0.0
22.929999999979145,488.74645399997917,0.0,0.0,0.0
22.939999999979136,488.75645399997916,0.0,0.0,0.0
22.949999999979127,488.76645399997915,0.0,0.0,0.0
22.959999999979118,488.77645399997914,0.0,0.0,0.0
22.96999999997911,488.78645399997913,0.0,0.0,0.0
22.9799999999791,488.7964539999791,0.0,0.0,0.0
22.98999999997909,488.8064539999791,0.0,0.0,0.0
22.99999999997908,488.8164539999791,0.0,0.0,0.0
23.009999999979073,488.8264539999791,0.0,0.0,0.0
23.019999999979063,488.8364539999791,0.0,0.0,0.0
23.029999999979054,488.8464539999791,0.0,0.0,0.0
23.039999999979045,488.85645399997907,0.0,0.0,0.0
23.049999999979036,488.86645399997906,0.0,0.0,0.0
23.059999999979027,488.87645399997905,0.0,0.0,0.0
23.069999999979018,488.88645399997904,0.0,0.0,0.0
23.07999999997901,488.89645399997903,0.0,0.0,0.0
23.089999999979,488.906453999979,0.0,0.0,0.0
23.09999999997899,488.916453999979,0.0,0.0,0.0
23.10999999997898,488.926453999979,0.0,0.0,0.0
23.119999999978972,488.936453999979,0.0,0.0,0.0
23.129999999978963,488.946453999979,0.0,0.0,0.0
23.139999999978954,488.956453999979,0.0,0.0,0.0
23.149999999978945,488.96645399997897,0.0,0.0,0.0
23.159999999978936,488.97645399997896,0.0,0.0,0.0
23.169999999978927,488.98645399997895,0.0,0.0,0.0
23.179999999978918,488.99645399997894,0.0,0.0,0.0
23.18999999997891,489.00645399997893,0.0,0.0,0.0
23.1999999999789,489.0164539999789,0.0,0.0,0.0
23.20999999997889,489.0264539999789,0.0,0.0,0.0
23.21999999997888,489.0364539999789,0.0,0.0,0.0
23.229999999978872,489.0464539999789,0.0,0.0,0.0
23.239999999978863,489.0564539999789,0.0,0.0,0.0
23.249999999978854,489.0664539999789,0.0,0.0,0.0
23.259999999978845,489.07645399997887,0.0,0.0,0.0
23.269999999978836,489.08645399997886,0.0,0.0,0.0
23.279999999978827,489.09645399997885,0.0,0.0,0.0
23.289999999978818,489.10645399997884,0.0,0.0,0.0
23.29999999997881,489.11645399997883,0.0,0.0,0.0
23.3099999999788,489.1264539999788,0.0,0.0,0.0
23.31999999997879,489.1364539999788,0.0,0.0,0.0
23.32999999997878,489.1464539999788,0.0,0.0,0.0
23.339999999978772,489.1564539999788,0.0,0.0,0.0
23.349999999978763,489.1664539999788,0.0,0.0,0.0
23.359999999978754,489.1764539999788,0.0,0.0,0.0
23.369999999978745,489.18645399997877,0.0,0.0,0.0
23.379999999978736,489.19645399997876,0.0,0.0,0.0
23.389999999978727,489.20645399997875,0.0,0.0,0.0
23.399999999978718,489.21645399997874,0.0,0.0,0.0
23.40999999997871,489.22645399997873,0.0,0.0,0.0
23.4199999999787,489.2364539999787,0.0,0.0,0.0
23.42999999997869,489.2464539999787,0.0,0.0,0.0
23.43999999997868,489.2564539999787,0.0,0.0,0.0
23.449999999978672,489.2664539999787,0.0,0.0,0.0
23.459999999978663,489.2764539999787,0.0,0.0,0.0
23.469999999978654,489.2864539999787,0.0,0.0,0.0
23.479999999978645,489.29645399997867,0.0,0.0,0.0
23.489999999978636,489.30645399997866,0.0,0.0,0.0
23.499999999978627,489.31645399997865,0.0,0.0,0.0
23.509999999978618,489.32645399997864,0.0,0.0,0.0
23.51999999997861,489.33645399997863,0.0,0.0,0.0
23.5299999999786,489.3464539999786,0.0,0.0,0.0
23.53999999997859,489.3564539999786,0.0,0.0,0.0
23.54999999997858,489.3664539999786,0.0,0.0,0.0
23.559999999978572,489.3764539999786,0.0,0.0,0.0
23.569999999978563,489.3864539999786,0.0,0.0,0.0
23.579999999978554,489.3964539999786,0.0,0.0,0.0
23.589999999978545,489.40645399997857,0.0,0.0,0.0
23.599999999978536,489.41645399997856,0.0,0.0,0.0
23.609999999978527,489.42645399997855,0.0,0.0,0.0
23.619999999978518,489.43645399997854,0.0,0.0,0.0
23.62999999997851,489.44645399997853,0.0,0.0,0.0
23.6399999999785,489.4564539999785,0.0,0.0,0.0
23.64999999997849,489.4664539999785,0.0,0.0,0.0
23.65999999997848,489.4764539999785,0.0,0.0,0.0
23.669999999978472,489.4864539999785,0.0,0.0,0.0
23.679999999978463,489.4964539999785,0.0,0.0,0.0
23.689999999978454,489.5064539999785,0.0,0.0,0.0
23.699999999978445,489.51645399997847,0.0,0.0,0.0
23.709999999978436,489.52645399997846,0.0,0.0,0.0
23.719999999978427,489.53645399997845,0.0,0.0,0.0
23.729999999978418,489.54645399997844,0.0,0.0,0.0
23.73999999997841,489.55645399997843,0.0,0.0,0.0
23.7499999999784,489.5664539999784,0.0,0.0,0.0
23.75999999997839,489.5764539999784,0.0,0.0,0.0
23.76999999997838,489.5864539999784,0.0,0.0,0.0
23.779999999978372,489.5964539999784,0.0,0.0,0.0
23.789999999978363,489.6064539999784,0.0,0.0,0.0
23.799999999978354,489.6164539999784,0.0,0.0,0.0
23.809999999978345,489.62645399997837,0.0,0.0,0.0
23.819999999978336,489.63645399997836,0.0,0.0,0.0
23.829999999978327,489.64645399997835,0.0,0.0,0.0
23.839999999978318,489.65645399997834,0.0,0.0,0.0
23.84999999997831,489.66645399997833,0.0,0.0,0.0
23.8599999999783,489.6764539999783,0.0,0.0,0.0
23.86999999997829,489.6864539999783,0.0,0.0,0.0
23.87999999997828,489.6964539999783,0.0,0.0,0.0
23.889999999978272,489.7064539999783,0.0,0.0,0.0
23.899999999978263,489.7164539999783,0.0,0.0,0.0
23.909999999978254,489.7264539999783,0.0,0.0,0.0
23.919999999978245,489.73645399997827,0.0,0.0,0.0
23.929999999978236,489.74645399997826,0.0,0.0,0.0
23.939999999978227,489.75645399997825,0.0,0.0,0.0
23.949999999978218,489.76645399997824,0.0,0.0,0.0
23.95999999997821,489.77645399997823,0.0,0.0,0.0
23.9699999999782,489.7864539999782,0.0,0.0,0.0
23.97999999997819,489.7964539999782,0.0,0.0,0.0
23.98999999997818,489.8064539999782,0.0,0.0,0.0
23.999999999978172,489.8164539999782,0.0,0.0,0.0
24.009999999978163,489.8264539999782,0.0,0.0,0.0
24.019999999978154,489.8364539999782,0.0,0.0,0.0
24.029999999978145,489.84645399997817,0.0,0.0,0.0
24.039999999978136,489.85645399997816,0.0,0.0,0.0
24.049999999978127,489.86645399997815,0.0,0.0,0.0
24.059999999978118,489.87645399997814,0.0,0.0,0.0
24.06999999997811,489.88645399997813,0.0,0.0,0.0
24.0799999999781,489.8964539999781,0.0,0.0,0.0
24.08999999997809,489.9064539999781,0.0,0.0,0.0
24.09999999997808,489.9164539999781,0.0,0.0,0.0
24.109999999978072,489.9264539999781,0.0,0.0,0.0
24.119999999978063,489.9364539999781,0.0,0.0,0.0
24.129999999978054,489.9464539999781,0.0,0.0,0.0
24.139999999978045,489.95645399997807,0.0,0.0,0.0
24.149999999978036,489.96645399997806,0.0,0.0,0.0
24.159999999978027,489.97645399997805,0.0,0.0,0.0
24.169999999978018,489.98645399997804,0.0,0.0,0.0
24.17999999997801,489.99645399997803,0.0,0.0,0.0
24.189999999978,490.006453999978,0.0,0.0,0.0
24.19999999997799,490.016453999978,0.0,0.0,0.0
24.20999999997798,490.026453999978,0.0,0.0,0.0
24.219999999977972,490.036453999978,0.0,0.0,0.0
24.229999999977963,490.046453999978,0.0,0.0,0.0
24.239999999977954,490.056453999978,0.0,0.0,0.0
24.249999999977945,490.06645399997797,0.0,0.0,0.0
24.259999999977936,490.07645399997796,0.0,0.0,0.0
24.269999999977927,490.08645399997795,0.0,0.0,0.0
24.279999999977917,490.09645399997794,0.0,0.0,0.0
24.28999999997791,490.10645399997793,0.0,0.0,0.0
24.2999999999779,490.1164539999779,0.0,0.0,0.0
24.30999999997789,490.1264539999779,0.0,0.0,0.0
24.31999999997788,490.1364539999779,0.0,0.0,0.0
24.329999999977872,490.1464539999779,0.0,0.0,0.0
24.339999999977863,490.1564539999779,0.0,0.0,0.0
24.349999999977854,490.1664539999779,0.0,0.0,0.0
24.359999999977845,490.17645399997787,0.0,0.0,0.0
24.369999999977836,490.18645399997786,0.0,0.0,0.0
24.379999999977827,490.19645399997785,0.0,0.0,0.0
24.389999999977817,490.20645399997784,0.0,0.0,0.0
24.39999999997781,490.21645399997783,0.0,0.0,0.0
24.4099999999778,490.2264539999778,0.0,0.0,0.0
24.41999999997779,490.2364539999778,0.0,0.0,0.0
24.42999999997778,490.2464539999778,0.0,0.0,0.0
24.439999999977772,490.2564539999778,0.0,0.0,0.0
24.449999999977763,490.2664539999778,0.0,0.0,0.0
24.459999999977754,490.2764539999778,0.0,0.0,0.0
24.469999999977745,490.28645399997777,0.0,0.0,0.0
24.479999999977736,490.29645399997776,0.0,0.0,0.0
24.489999999977726,490.30645399997775,0.0,0.0,0.0
24.499999999977717,490.31645399997774,0.0,0.0,0.0
24.50999999997771,490.32645399997773,0.0,0.0,0.0
24.5199999999777,490.3364539999777,0.0,0.0,0.0
24.52999999997769,490.3464539999777,0.0,0.0,0.0
24.53999999997768,490.3564539999777,0.0,0.0,0.0
24.549999999977672,490.3664539999777,0.0,0.0,0.0
24.559999999977663,490.3764539999777,0.0,0.0,0.0
24.569999999977654,490.3864539999777,0.0,0.0,0.0
24.579999999977645,490.39645399997767,0.0,0.0,0.0
24.589999999977636,490.40645399997766,0.0,0.0,0.0
24.599999999977626,490.41645399997765,0.0,0.0,0.0
24.609999999977617,490.42645399997764,0.0,0.0,0.0
24.61999999997761,490.43645399997763,0.0,0.0,0.0
24.6299999999776,490.4464539999776,0.0,0.0,0.0
24.63999999997759,490.4564539999776,0.0,0.0,0.0
24.64999999997758,490.4664539999776,0.0,0.0,0.0
24.659999999977572,490.4764539999776,0.0,0.0,0.0
24.669999999977563,490.4864539999776,0.0,0.0,0.0
24.679999999977554,490.4964539999776,0.0,0.0,0.0
24.689999999977545,490.50645399997757,0.0,0.0,0.0
24.699999999977535,490.51645399997756,0.0,0.0,0.0
24.709999999977526,490.52645399997755,0.0,0.0,0.0
24.719999999977517,490.53645399997754,0.0,0.0,0.0
24.729999999977508,490.54645399997753,0.0,0.0,0.0
24.7399999999775,490.5564539999775,0.0,0.0,0.0
24.74999999997749,490.5664539999775,0.0,0.0,0.0
24.75999999997748,490.5764539999775,0.0,0.0,0.0
24.769999999977472,490.5864539999775,0.0,0.0,0.0
24.779999999977463,490.5964539999775,0.0,0.0,0.0
24.789999999977454,490.6064539999775,0.0,0.0,0.0
24.799999999977445,490.61645399997747,0.0,0.0,0.0
24.809999999977435,490.62645399997746,0.0,0.0,0.0
24.819999999977426,490.63645399997745,0.0,0.0,0.0
24.829999999977417,490.64645399997744,0.0,0.0,0.0
24.839999999977408,490.65645399997743,0.0,0.0,0.0
24.8499999999774,490.6664539999774,0.0,0.0,0.0
24.85999999997739,490.6764539999774,0.0,0.0,0.0
24.86999999997738,490.6864539999774,0.0,0.0,0.0
24.87999999997737,490.6964539999774,0.0,0.0,0.0
24.889999999977363,490.7064539999774,0.0,0.0,0.0
24.899999999977354,490.7164539999774,0.0,0.0,0.0
24.909999999977344,490.72645399997737,0.0,0.0,0.0
24.919999999977335,490.73645399997736,0.0,0.0,0.0
24.929999999977326,490.74645399997735,0.0,0.0,0.0
24.939999999977317,490.75645399997734,0.0,0.0,0.0
24.949999999977308,490.76645399997733,0.0,0.0,0.0
24.9599999999773,490.7764539999773,0.0,0.0,0.0
24.96999999997729,490.7864539999773,0.0,0.0,0.0
24.97999999997728,490.7964539999773,0.0,0.0,0.0
24.98999999997727,490.8064539999773,0.0,0.0,0.0
24.999999999977263,490.8164539999773,0.0,0.0,0.0
25.009999999977254,490.8264539999773,0.0,0.0,0.0
25.019999999977244,490.83645399997727,0.0,0.0,0.0
25.029999999977235,490.84645399997726,0.0,0.0,0.0
25.039999999977226,490.85645399997725,0.0,0.0,0.0
25.049999999977217,490.86645399997724,0.0,0.0,0.0
25.059999999977208,490.87645399997723,0.0,0.0,0.0
25.0699999999772,490.8864539999772,0.0,0.0,0.0
25.07999999997719,490.8964539999772,0.0,0.0,0.0
25.08999999997718,490.9064539999772,0.0,0.0,0.0
25.09999999997717,490.9164539999772,0.0,0.0,0.0
25.109999999977163,490.9264539999772,0.0,0.0,0.0
25.119999999977153,490.9364539999772,0.0,0.0,0.0
25.129999999977144,490.94645399997717,0.0,0.0,0.0
25.139999999977135,490.95645399997716,0.0,0.0,0.0
25.149999999977126,490.96645399997715,0.0,0.0,0.0
25.159999999977117,490.97645399997714,0.0,0.0,0.0
25.169999999977108,490.98645399997713,0.0,0.0,0.0
25.1799999999771,490.9964539999771,0.0,0.0,0.0
25.18999999997709,491.0064539999771,0.0,0.0,0.0
25.19999999997708,491.0164539999771,0.0,0.0,0.0
25.20999999997707,491.0264539999771,0.0,0.0,0.0
25.219999999977063,491.0364539999771,0.0,0.0,0.0
25.229999999977053,491.0464539999771,0.0,0.0,0.0
25.239999999977044,491.05645399997707,0.0,0.0,0.0
25.249999999977035,491.06645399997706,0.0,0.0,0.0
25.259999999977026,491.07645399997705,0.0,0.0,0.0
25.269999999977017,491.08645399997704,0.0,0.0,0.0
25.279999999977008,491.09645399997703,0.0,0.0,0.0
25.289999999977,491.106453999977,0.0,0.0,0.0
25.29999999997699,491.116453999977,0.0,0.0,0.0
25.30999999997698,491.126453999977,0.0,0.0,0.0
25.31999999997697,491.136453999977,0.0,0.0,0.0
25.329999999976962,491.146453999977,0.0,0.0,0.0
25.339999999976953,491.156453999977,0.0,0.0,0.0
25.349999999976944,491.16645399997697,0.0,0.0,0.0
25.359999999976935,491.17645399997696,0.0,0.0,0.0
25.369999999976926,491.18645399997695,0.0,0.0,0.0
25.379999999976917,491.19645399997694,0.0,0.0,0.0
25.389999999976908,491.20645399997693,0.0,0.0,0.0
25.3999999999769,491.2164539999769,0.0,0.0,0.0
25.40999999997689,491.2264539999769,0.0,0.0,0.0
25.41999999997688,491.2364539999769,0.0,0.0,0.0
25.42999999997687,491.2464539999769,0.0,0.0,0.0
25.439999999976862,491.2564539999769,0.0,1.0745377917790617,0.0
25.449999999976853,491.2664539999769,0.0,2.164996280006053,0.0
25.459999999976844,491.27645399997687,0.0,3.2554547682330437,0.0
25.469999999976835,491.28645399997686,1.010588230758924,4.345913256460035,0.0
25.479999999976826,491.29645399997685,2.9619417430826966,5.436371744687026,0.0
25.489999999976817,491.30645399997684,4.979789468816792,6.526830232914016,0.0
25.499999999976808,491.31645399997683,7.472571421957611,7.617288721141008,0.0
25.5099999999768,491.3264539999768,10.37556649561171,8.707747209367998,0.0
25.51999999997679,491.3364539999768,13.445133682399891,9.79820569759499,0.0
25.52999999997678,491.3464539999768,16.50848779809365,10.88866418582198,0.0
25.53999999997677,491.3564539999768,19.942178208636573,11.979122674048972,0.0
25.549999999976762,491.3664539999768,24.489119158965796,13.069581162275963,0.0
25.559999999976753,491.3764539999768,29.260526305612075,14.160039650502954,0.0
25.569999999976744,491.38645399997677,34.47516481984855,15.250498138729945,0.0
25.579999999976735,491.39645399997676,39.915226327893684,16.340956626956935,0.0
25.589999999976726,491.40645399997675,44.64736840578112,17.431415115183928,0.0
25.599999999976717,491.41645399997674,49.55682538944558,18.521873603410917,0.0
25.609999999976708,491.42645399997673,53.89369861101612,19.61233209163791,0.0
25.6199999999767,491.4364539999767,60.364094477199174,20.7027905798649,0.0
25.62999999997669,491.4464539999767,65.48645159789407,21.793249068091892,0.0
25.63999999997668,491.4564539999767,71.40952379721074,22.88370755631913,22.0
25.64999999997667,491.4664539999767,76.5019607728983,23.97416604454643,22.0
25.659999999976662,491.4764539999767,80.96159999068365,25.064624532773728,22.0
25.669999999976653,491.4864539999767,84.91375608847291,26.155083021001026,22.0
25.679999999976644,491.49645399997667,88.43199999283449,27.245541509228325,22.0
25.689999999976635,491.50645399997666,91.42834950777399,28.335999997455623,22.0
25.699999999976626,491.51645399997665,94.93852630596419,29.42645848568292,22.0
25.709999999976617,491.52645399997664,99.46570047180975,30.51691697391022,22.0
25.719999999976608,491.53645399997663,103.44791877461186,31.60737546213752,22.0
25.7299999999766,491.5464539999766,105.0,32.69783395036482,22.0
25.73999999997659,491.5564539999766,105.0,33.788292438592116,22.0
25.74999999997658,491.5664539999766,103.65643836256675,34.878750926819414,22.0
25.75999999997657,491.5764539999766,102.44677965837334,35.96920941504671,22.0
25.769999999976562,491.5864539999766,103.89938325578868,37.05966790327401,22.0
25.779999999976553,491.5964539999766,105.84359550036015,38.1501263915013,22.0
25.789999999976544,491.60645399997657,108.09078651159608,39.2405848797286,22.0
25.799999999976535,491.61645399997656,110.2164028743292,40.3310433679559,22.0
25.809999999976526,491.62645399997655,111.36578313064777,41.4215018561832,22.0
25.819999999976517,491.63645399997654,112.29843971298682,42.5119603444105,22.0
25.829999999976508,491.64645399997653,114.1272862401253,43.602418832637795,22.0
25.8399999999765,491.6564539999765,117.12957744828056,45.258841005758754,44.0
25.84999999997649,491.6664539999765,123.3830687706421,47.24001980714355,44.0
25.85999999997648,491.6764539999765,128.4774509688714,49.22119860852835,44.0
25.86999999997647,491.6864539999765,132.9415999905977,51.20237740991314,44.0
25.879999999976462,491.6964539999765,136.9812244802031,53.18355621129793,44.0
25.889999999976453,491.7064539999765,141.67171804925087,55.164735012682726,44.0
25.899999999976444,491.71645399997647,147.02404370299487,57.14591381406753,44.0
25.909999999976435,491.72645399997646,151.62642856302216,59.12709261545232,44.0
25.919999999976426,491.73645399997645,154.77999999452743,61.10827141683711,44.0
25.929999999976417,491.74645399997644,156.85657657233486,63.08945021822191,44.0
25.939999999976408,491.75645399997643,159.19152173144835,65.0706290196067,44.0
25.9499999999764,491.7664539999764,162.8462176068128,67.0518078209915,44.0
25.95999999997639,491.7764539999764,166.85661834838174,69.03298662237628,44.0
25.96999999997638,491.7864539999764,169.94765956945392,71.01416542376109,44.0
25.97999999997637,491.7964539999764,171.89848888469893,72.99534422514589,44.0
25.989999999976362,491.8064539999764,173.85005586064824,74.97652302653069,44.0
25.999999999976353,491.8164539999764,175.79901234179275,76.95770182791547,44.0
26.009999999976344,491.82645399997637,177.56628271757216,78.93888062930026,44.0
26.019999999976335,491.83645399997636,179.8524324260555,80.92005943068506,44.0
26.029999999976326,491.84645399997635,182.23609195130908,82.90123823206986,44.0
26.039999999976317,491.85645399997634,183.0,84.21940886583072,84.0
26.049999999976308,491.86645399997633,183.0,84.71201970326875,84.0
26.0599999999763,491.8764539999763,183.0,85.20463054070679,84.0
26.06999999997629,491.8864539999763,184.47176469892344,85.69724137814482,84.0
26.07999999997628,491.8964539999763,186.4803999976336,86.18985221558286,84.0
26.08999999997627,491.9064539999763,187.4902040792155,86.6824630530209,84.0
26.099999999976262,491.9164539999763,187.50941176703108,87.17507389045893,84.0
26.109999999976253,491.9264539999763,187.0,87.66768472789697,84.0
26.119999999976244,491.93645399997627,187.61542483039958,88.160295565335,84.0
26.129999999976235,491.94645399997626,190.89105526685367,88.65290640277304,84.0
26.139999999976226,491.95645399997625,195.21116277966246,89.14551724021109,84.0
26.149999999976217,491.96645399997624,198.8897777724982,89.63812807764913,84.0
26.159999999976208,491.97645399997623,200.4881951196324,90.13073891508716,84.0
26.1699999999762,491.9864539999762,201.0,90.6233497525252,84.0
26.17999999997619,491.9964539999762,201.28115107571892,91.11596058996324,84.0
26.18999999997618,492.0064539999762,202.88566371260572,91.60857142740127,84.0
26.19999999997617,492.0164539999762,205.2415642378399,92.10118226483931,84.0
26.209999999976162,492.0264539999762,207.33597172976826,92.59379310227735,84.0
26.219999999976153,492.0364539999762,207.8993333373008,93.08640393971538,84.0
26.229999999976144,492.04645399997617,206.37572881678696,93.57901477715342,84.0
26.239999999976135,492.05645399997616,205.01979661340286,94.10818452203915,94.0
26.249999999976126,492.06645399997615,205.37581027479612,94.85223214108593,94.0
26.259999999976117,492.07645399997614,206.85877550047528,95.59627976013272,94.0
26.269999999976108,492.08645399997613,210.45530611514917,96.34032737917951,94.0
26.2799999999761,492.0964539999761,212.47180952153653,97.0843749982263,94.0
26.28999999997609,492.1064539999761,213.91835051054252,97.82842261727309,94.0
26.29999999997608,492.1164539999761,215.0,98.57247023631987,94.0
26.30999999997607,492.1264539999761,215.45917525527125,99.31651785536667,94.0
26.319999999976062,492.1364539999761,217.37134614695628,100.06056547441345,94.0
26.329999999976053,492.1464539999761,220.75035174918682,100.80461309346025,94.0
26.339999999976044,492.15645399997607,224.81608246436576,101.54866071250703,94.0
26.349999999976035,492.16645399997606,227.47276381669056,102.29270833155381,94.0
26.359999999976026,492.17645399997605,228.0,103.03675595060061,94.0
26.369999999976017,492.18645399997604,228.0,103.78080356964739,94.0
26.379999999976008,492.19645399997603,228.0,104.52485118869419,94.0
26.389999999976,492.206453999976,229.39809523048484,105.26889880774097,94.0
26.39999999997599,492.216453999976,232.29799126009357,106.01294642678776,94.0
26.40999999997598,492.226453999976,234.4004571401171,106.75699404583455,94.0
26.41999999997597,492.236453999976,234.60383333533306,107.50104166488134,94.0
26.429999999975962,492.246453999976,233.31577640347714,108.24508928392812,94.0
26.439999999975953,492.256453999976,231.63675675861012,108.9891369029749,94.0
26.449999999975944,492.26645399997597,231.0,108.9023631411843,109.0
26.459999999975935,492.27645399997596,231.3602909073431,108.8032796633543,109.0
26.469999999975926,492.28645399997595,232.37046153107133,108.70419618552431,109.0
26.479999999975917,492.29645399997594,234.9649230719919,108.60511270769432,109.0
26.489999999975907,492.30645399997593,236.0,108.50602922986432,109.0
26.4999999999759,492.3164539999759,235.08214634615808,108.40694575203433,109.0
26.50999999997589,492.3264539999759,233.0672251359345,108.30786227420434,109.0
26.51999999997588,492.3364539999759,231.52618357720505,108.20877879637436,109.0
26.52999999997587,492.3464539999759,231.0,108.10969531854437,109.0
26.539999999975862,492.3564539999759,231.87381214937437,108.01061184071438,109.0
26.549999999975853,492.3664539999759,233.48078431136372,107.91152836288438,109.0
26.559999999975844,492.37645399997587,234.0,107.81244488505439,109.0
26.569999999975835,492.38645399997586,233.53642105517235,107.7133614072244,109.0
26.579999999975826,492.39645399997585,232.0384313772837,107.6142779293944,109.0
26.589999999975817,492.40645399997584,231.0,107.51519445156441,109.0
26.599999999975807,492.41645399997583,231.479999997536,107.41611097373442,109.0
26.6099999999758,492.4264539999758,232.79096773803977,107.31702749590443,109.0
26.61999999997579,492.4364539999758,234.61447852167584,107.21794401807443,109.0
26.62999999997578,492.4464539999758,236.36588235091017,107.11886054024444,109.0
26.63999999997577,492.4564539999758,236.7303296729858,107.01977706241445,109.0
26.649999999975762,492.4664539999758,235.70449339420367,107.15857355078379,107.0
26.659999999975753,492.4764539999758,234.71774648228313,107.35669143092227,107.0
26.669999999975744,492.48645399997577,234.0,107.55480931106075,107.0
26.679999999975735,492.49645399997576,234.1038095199652,107.75292719119923,107.0
26.689999999975726,492.50645399997575,235.9214814763504,107.9510450713377,107.0
26.699999999975716,492.51645399997574,237.47843902202396,108.14916295147619,107.0
26.709999999975707,492.52645399997573,238.4173991009641,108.34728083161467,107.0
26.7199999999757,492.5364539999757,239.0,108.54539871175315,107.0
26.72999999997569,492.5464539999757,238.5319403009212,108.74351659189163,107.0
26.73999999997568,492.5564539999757,237.60391489568156,108.9416344720301,107.0
26.74999999997567,492.5664539999757,237.0,109.13975235216859,107.0
26.759999999975662,492.5764539999757,237.74947367852752,109.33787023230707,107.0
26.769999999975653,492.5864539999757,239.93079999513833,109.53598811244555,107.0
26.779999999975644,492.59645399997567,241.47489795670356,109.73410599258402,107.0
26.789999999975635,492.60645399997566,242.0,109.9322238727225,107.0
26.799999999975626,492.61645399997565,241.54815534216755,110.13034175286099,107.0
26.809999999975616,492.62645399997564,240.54168421308972,110.32845963299947,107.0
26.819999999975607,492.63645399997563,240.0,110.52657751313794,107.0
26.8299999999756,492.6464539999756,240.29657894416542,110.72469539327642,107.0
26.83999999997559,492.6564539999756,241.71053434742404,110.9228132734149,107.0
26.84999999997558,492.6664539999756,243.44719423758897,111.725048252485,111.0
26.85999999997557,492.6764539999756,245.356899222918,112.91287304832662,111.0
26.869999999975562,492.6864539999756,246.49751824105738,114.10069784416822,111.0
26.879999999975553,492.6964539999756,248.0,115.28852264000984,111.0
26.889999999975544,492.70645399997557,248.2138235258208,116.47634743585147,111.0
26.899999999975535,492.71645399997556,249.4653999975578,117.66417223169309,111.0
26.909999999975525,492.72645399997555,251.38925372405484,118.8519970275347,111.0
26.919999999975516,492.73645399997554,254.6516591840604,120.03982182337631,111.0
26.929999999975507,492.74645399997553,258.58804596576704,121.22764661921794,111.0
26.939999999975498,492.7564539999755,263.1035398121886,122.41547141505956,111.0
26.94999999997549,492.7664539999755,267.4170256309887,123.60329621090116,111.0
26.95999999997548,492.7764539999755,271.5678306774696,124.79112100674278,111.0
26.96999999997547,492.7864539999755,275.32248703902144,125.9789458025844,111.0
26.979999999975462,492.7964539999755,277.90274509324126,127.16677059842601,111.0
26.989999999975453,492.8064539999755,279.0,128.35459539426765,111.0
26.999999999975444,492.81645399997547,279.94196077950596,129.54242019010925,111.0
27.009999999975435,492.82645399997546,281.462713565374,130.73024498595086,111.0
27.019999999975425,492.83645399997545,282.38783333128833,131.9180697817925,111.0
27.029999999975416,492.84645399997544,283.5964044888664,133.1058945776341,111.0
27.039999999975407,492.85645399997543,285.6794570091321,134.2937193734757,111.0
27.049999999975398,492.8664539999754,287.0,134.64026620873594,135.0
27.05999999997539,492.8764539999754,286.685031449631,133.7529110201738,135.0
27.06999999997538,492.8864539999754,285.6442187519204,132.8655558316117,135.0
27.07999999997537,492.8964539999754,284.24287770845956,131.97820064304958,135.0
27.089999999975362,492.9064539999754,282.0,131.09084545448746,135.0
27.099999999975353,492.9164539999754,281.74289474008,130.20349026592535,135.0
27.109999999975344,492.92645399997537,281.4559162277874,129.3161350773632,135.0
27.119999999975335,492.93645399997536,282.0,128.4287798888011,135.0
27.129999999975325,492.94645399997535,282.3959322006048,127.54142470023899,135.0
27.139999999975316,492.95645399997534,283.0,126.65406951167687,135.0
27.149999999975307,492.96645399997533,282.53392157104383,125.76671432311475,135.0
27.159999999975298,492.9764539999753,280.66058824255424,124.87935913455263,135.0
27.16999999997529,492.9864539999753,276.720418861093,123.99200394599052,135.0
27.17999999997528,492.9964539999753,271.65658537789477,123.10464875742841,135.0
27.18999999997527,493.0064539999753,266.7000000124711,122.21729356886628,135.0
27.19999999997526,493.0164539999753,262.5896969771792,121.32993838030417,135.0
27.209999999975253,493.0264539999753,260.06784314209364,120.44258319174205,135.0
27.219999999975244,493.03645399997527,259.0,119.55522800317993,135.0
27.229999999975234,493.04645399997526,259.0,118.66787281461782,135.0
27.239999999975225,493.05645399997525,259.0,117.7805176260557,135.0
27.249999999975216,493.06645399997524,258.6075000028129,116.62365666861574,117.0
27.259999999975207,493.07645399997523,257.21781513021097,113.49788142674306,117.0
27.269999999975198,493.0864539999752,254.99243903344188,110.3721061848704,117.0
27.27999999997519,493.0964539999752,251.58241245906532,107.24633094299774,117.0
27.28999999997518,493.1064539999752,248.01928058979576,104.12055570112508,117.0
27.29999999997517,493.1164539999752,243.15019456217814,100.99478045925242,117.0
27.30999999997516,493.1264539999752,237.89903451014155,97.86900521737977,117.0
27.319999999975153,493.1364539999752,228.23919193923638,94.74322997550709,117.0
27.329999999975144,493.14645399997517,220.4289202064163,91.61745473363443,117.0
27.339999999975134,493.15645399997516,212.52571430671446,88.49167949176177,117.0
27.349999999975125,493.16645399997515,205.66130654513861,85.36590424988911,117.0
27.359999999975116,493.17645399997514,200.69411765923314,82.24012900801645,117.0
27.369999999975107,493.18645399997513,194.79918783492337,79.1143537661438,117.0
27.379999999975098,493.1964539999751,187.72582916323404,75.98857852427113,117.0
27.38999999997509,493.2064539999751,180.8640000165895,72.86280328239846,117.0
27.39999999997508,493.2164539999751,173.0381152066908,69.73702804052581,117.0
27.40999999997507,493.2264539999751,164.10362792781828,66.61125279865314,117.0
27.41999999997506,493.2364539999751,155.26212768342265,63.48547755678048,117.0
27.429999999975053,493.2464539999751,146.0063054408022,60.35970231490782,117.0
27.439999999975043,493.25645399997507,128.81782390387556,57.233927073035154,117.0
27.449999999975034,493.26645399997506,100.28793529526558,54.108151831162495,117.0
27.459999999975025,493.27645399997505,67.62644078781719,51.41794948661122,54.0
27.469999999975016,493.28645399997504,26.228411305815108,48.74335810474099,54.0
27.479999999975007,493.29645399997503,0.0,46.06876672287077,54.0
27.489999999974998,493.306453999975,0.0,43.39417534100054,54.0
27.49999999997499,493.316453999975,0.0,40.71958395913032,54.0
27.50999999997498,493.326453999975,0.0,38.04499257726009,54.0
27.51999999997497,493.336453999975,0.0,35.37040119538986,54.0
27.52999999997496,493.346453999975,0.0,32.69580981351964,54.0
27.539999999974953,493.356453999975,0.0,30.02121843164941,54.0
27.549999999974943,493.36645399997496,0.0,27.346627049779183,54.0
27.559999999974934,493.37645399997496,0.0,24.672035667908958,54.0
27.569999999974925,493.38645399997495,0.0,21.99744428603873,54.0
27.579999999974916,493.39645399997494,0.0,19.322852904168506,54.0
27.589999999974907,493.40645399997493,0.0,16.648261522298277,54.0
27.599999999974898,493.4164539999749,0.0,13.973670140428055,54.0
27.60999999997489,493.4264539999749,0.0,11.299078758557826,54.0
27.61999999997488,493.4364539999749,0.0,8.624487376687604,54.0
27.62999999997487,493.4464539999749,0.0,5.949895994817375,54.0
27.63999999997486,493.4564539999749,0.0,3.2753046129471457,54.0
27.649999999974852,493.4664539999749,0.0,0.6007132310769236,54.0
27.659999999974843,493.47645399997486,0.0,0.0,0.0
27.669999999974834,493.48645399997486,0.0,0.0,0.0
27.679999999974825,493.49645399997485,0.0,0.0,0.0
27.689999999974816,493.50645399997484,0.0,0.0,0.0
27.699999999974807,493.51645399997483,0.0,0.0,0.0
27.709999999974798,493.5264539999748,0.0,0.0,0.0
27.71999999997479,493.5364539999748,0.0,0.0,0.0
27.72999999997478,493.5464539999748,0.0,0.0,0.0
27.73999999997477,493.5564539999748,0.0,0.0,0.0
27.74999999997476,493.5664539999748,0.0,0.0,0.0
27.759999999974752,493.5764539999748,0.0,0.0,0.0
27.769999999974743,493.58645399997476,0.0,0.0,0.0
27.779999999974734,493.59645399997476,0.0,0.0,0.0
27.789999999974725,493.60645399997475,0.0,0.0,0.0
27.799999999974716,493.61645399997474,0.0,0.0,0.0
27.809999999974707,493.62645399997473,0.0,0.0,0.0
27.819999999974698,493.6364539999747,0.0,0.0,0.0
27.82999999997469,493.6464539999747,0.0,0.0,0.0
27.83999999997468,493.6564539999747,0.0,0.0,0.0
27.84999999997467,493.6664539999747,0.0,0.0,0.0
27.85999999997466,493.6764539999747,0.0,0.0,0.0
27.869999999974652,493.6864539999747,0.0,0.0,0.0
27.879999999974643,493.69645399997466,0.0,0.0,0.0
27.889999999974634,493.70645399997466,0.0,0.0,0.0
27.899999999974625,493.71645399997465,0.0,0.0,0.0
27.909999999974616,493.72645399997464,0.0,0.0,0.0
27.919999999974607,493.73645399997463,0.0,0.0,0.0
27.929999999974598,493.7464539999746,0.0,0.0,0.0
27.93999999997459,493.7564539999746,0.0,0.0,0.0
27.94999999997458,493.7664539999746,0.0,0.0,0.0
27.95999999997457,493.7764539999746,0.0,0.0,0.0
27.96999999997456,493.7864539999746,0.0,0.0,0.0
27.979999999974552,493.7964539999746,0.0,0.0,0.0
27.989999999974543,493.80645399997456,0.0,0.0,0.0
27.999999999974534,493.81645399997456,0.0,0.0,0.0
28.009999999974525,493.82645399997455,0.0,0.0,0.0
28.019999999974516,493.83645399997454,0.0,0.0,0.0
28.029999999974507,493.8464539999745,0.0,0.0,0.0
28.039999999974498,493.8564539999745,0.0,0.0,0.0
28.04999999997449,493.8664539999745,0.0,0.0,0.0
28.05999999997448,493.8764539999745,0.0,0.0,0.0
28.06999999997447,493.8864539999745,0.0,0.0,0.0
28.07999999997446,493.8964539999745,0.0,0.0,0.0
28.089999999974452,493.9064539999745,0.0,0.0,0.0
28.099999999974443,493.91645399997446,0.0,0.0,0.0
28.109999999974434,493.92645399997446,0.0,0.0,0.0
28.119999999974425,493.93645399997445,0.0,0.0,0.0
28.129999999974416,493.94645399997444,0.0,0.0,0.0
28.139999999974407,493.9564539999744,0.0,0.0,0.0
28.149999999974398,493.9664539999744,0.0,0.0,0.0
28.15999999997439,493.9764539999744,0.0,0.0,0.0
28.16999999997438,493.9864539999744,0.0,0.0,0.0
28.17999999997437,493.9964539999744,0.0,0.0,0.0
28.18999999997436,494.0064539999744,0.0,0.0,0.0
28.199999999974352,494.0164539999744,0.0,0.0,0.0
28.209999999974343,494.02645399997436,0.0,0.0,0.0
28.219999999974334,494.03645399997436,0.0,0.0,0.0
28.229999999974325,494.04645399997435,0.0,0.0,0.0
28.239999999974316,494.05645399997434,0.0,0.0,0.0
28.249999999974307,494.0664539999743,0.0,0.0,0.0
28.259999999974298,494.0764539999743,0.0,0.0,0.0
28.26999999997429,494.0864539999743,0.0,0.0,0.0
28.27999999997428,494.0964539999743,0.0,0.0,0.0
28.28999999997427,494.1064539999743,0.0,0.0,0.0
28.29999999997426,494.1164539999743,0.0,0.0,0.0
28.309999999974252,494.1264539999743,0.0,0.0,0.0
28.319999999974243,494.13645399997426,0.0,0.0,0.0
28.329999999974234,494.14645399997426,0.0,0.0,0.0
28.339999999974225,494.15645399997425,0.0,0.0,0.0
28.349999999974216,494.16645399997424,0.0,0.0,0.0
28.359999999974207,494.1764539999742,0.0,0.0,0.0
28.369999999974198,494.1864539999742,0.0,0.0,0.0
28.37999999997419,494.1964539999742,0.0,0.0,0.0
28.38999999997418,494.2064539999742,0.0,0.0,0.0
28.39999999997417,494.2164539999742,0.0,0.0,0.0
28.40999999997416,494.2264539999742,0.0,0.0,0.0
28.419999999974152,494.2364539999742,0.0,0.0,0.0
28.429999999974143,494.24645399997416,0.0,0.0,0.0
28.439999999974134,494.25645399997416,0.0,0.0,0.0
28.449999999974125,494.26645399997415,0.0,0.0,0.0
28.459999999974116,494.27645399997414,0.0,0.0,0.0
28.469999999974107,494.2864539999741,0.0,0.0,0.0
28.479999999974098,494.2964539999741,0.0,0.0,0.0
28.48999999997409,494.3064539999741,0.0,0.0,0.0
28.49999999997408,494.3164539999741,0.0,0.0,0.0
28.50999999997407,494.3264539999741,0.0,0.0,0.0
28.51999999997406,494.3364539999741,0.0,0.0,0.0
28.529999999974052,494.3464539999741,0.0,0.0,0.0
28.539999999974043,494.35645399997406,0.0,0.0,0.0
28.549999999974034,494.36645399997406,0.0,0.0,0.0
28.559999999974025,494.37645399997405,0.0,0.0,0.0
28.569999999974016,494.38645399997404,0.0,0.0,0.0
28.579999999974007,494.396453999974,0.0,0.0,0.0
28.589999999973998,494.406453999974,0.0,0.0,0.0
28.59999999997399,494.416453999974,0.0,0.0,0.0
28.60999999997398,494.426453999974,0.0,0.0,0.0
28.61999999997397,494.436453999974,0.0,0.0,0.0
28.62999999997396,494.446453999974,0.0,0.0,0.0
28.639999999973952,494.456453999974,0.0,0.0,0.0
28.649999999973943,494.46645399997396,0.0,0.0,0.0
28.659999999973934,494.47645399997396,0.0,0.0,0.0
28.669999999973925,494.48645399997395,0.0,0.0,0.0
28.679999999973916,494.49645399997394,0.0,0.0,0.0
28.689999999973907,494.5064539999739,0.0,0.0,0.0
28.699999999973898,494.5164539999739,0.0,0.0,0.0
28.70999999997389,494.5264539999739,0.0,0.0,0.0
28.71999999997388,494.5364539999739,0.0,0.0,0.0
28.72999999997387,494.5464539999739,0.0,0.0,0.0
28.73999999997386,494.5564539999739,0.0,0.0,0.0
28.749999999973852,494.5664539999739,0.0,0.0,0.0
28.759999999973843,494.57645399997386,0.0,0.0,0.0
28.769999999973834,494.58645399997386,0.0,0.0,0.0
28.779999999973825,494.59645399997385,0.0,0.0,0.0
28.789999999973816,494.60645399997384,0.0,0.0,0.0
28.799999999973807,494.6164539999738,0.0,0.0,0.0
28.809999999973797,494.6264539999738,0.0,0.0,0.0
28.81999999997379,494.6364539999738,0.0,0.0,0.0
28.82999999997378,494.6464539999738,0.0,0.0,0.0
28.83999999997377,494.6564539999738,0.0,0.0,0.0
28.84999999997376,494.6664539999738,0.0,0.0,0.0
28.859999999973752,494.6764539999738,0.0,0.0,0.0
28.869999999973743,494.68645399997376,0.0,0.0,0.0
28.879999999973734,494.69645399997376,0.0,0.0,0.0
28.889999999973725,494.70645399997375,0.0,0.0,0.0
28.899999999973716,494.71645399997374,0.0,0.0,0.0
28.909999999973707,494.7264539999737,0.0,0.0,0.0
28.919999999973697,494.7364539999737,0.0,0.0,0.0
28.92999999997369,494.7464539999737,0.0,0.0,0.0
28.93999999997368,494.7564539999737,0.0,0.0,0.0
28.94999999997367,494.7664539999737,0.0,0.0,0.0
28.95999999997366,494.7764539999737,0.0,0.0,0.0
28.969999999973652,494.7864539999737,0.0,0.0,0.0
28.979999999973643,494.79645399997366,0.0,0.0,0.0
28.989999999973634,494.80645399997366,0.0,0.0,0.0
28.999999999973625,494.81645399997365,0.0,0.0,0.0
29.009999999973616,494.82645399997364,0.0,0.0,0.0
29.019999999973606,494.8364539999736,0.0,0.0,0.0
29.029999999973597,494.8464539999736,0.0,0.0,0.0
29.03999999997359,494.8564539999736,0.0,0.0,0.0
29.04999999997358,494.8664539999736,0.0,0.0,0.0
29.05999999997357,494.8764539999736,0.0,0.0,0.0
29.06999999997356,494.8864539999736,0.0,0.0,0.0
29.079999999973552,494.8964539999736,0.0,0.0,0.0
29.089999999973543,494.90645399997356,0.0,0.0,0.0
29.099999999973534,494.91645399997356,0.0,0.0,0.0
29.109999999973525,494.92645399997355,0.0,0.0,0.0
29.119999999973516,494.93645399997354,0.0,0.0,0.0
29.129999999973506,494.9464539999735,0.0,0.0,0.0
29.139999999973497,494.9564539999735,0.0,0.0,0.0
29.14999999997349,494.9664539999735,0.0,0.0,0.0
29.15999999997348,494.9764539999735,0.0,0.0,0.0
29.16999999997347,494.9864539999735,0.0,0.0,0.0
29.17999999997346,494.9964539999735,0.0,0.0,0.0
29.189999999973452,495.0064539999735,0.0,0.0,0.0
29.199999999973443,495.01645399997346,0.0,0.0,0.0
29.209999999973434,495.02645399997346,0.0,0.0,0.0
29.219999999973425,495.03645399997345,0.0,0.0,0.0
29.229999999973415,495.04645399997344,0.0,0.0,0.0
29.239999999973406,495.0564539999734,0.0,0.0,0.0
29.249999999973397,495.0664539999734,0.0,0.0,0.0
29.259999999973388,495.0764539999734,0.0,0.0,0.0
29.26999999997338,495.0864539999734,0.0,0.0,0.0
29.27999999997337,495.0964539999734,0.0,0.0,0.0
29.28999999997336,495.1064539999734,0.0,0.0,0.0
29.299999999973352,495.1164539999734,0.0,0.0,0.0
29.309999999973343,495.12645399997336,0.0,0.0,0.0
29.319999999973334,495.13645399997336,0.0,0.0,0.0
29.329999999973325,495.14645399997335,0.0,0.0,0.0
29.339999999973315,495.15645399997334,0.0,0.0,0.0
29.349999999973306,495.1664539999733,0.0,0.0,0.0
29.359999999973297,495.1764539999733,0.0,0.0,0.0
29.369999999973288,495.1864539999733,0.0,0.0,0.0
29.37999999997328,495.1964539999733,0.0,0.0,0.0
29.38999999997327,495.2064539999733,0.0,0.0,0.0
29.39999999997326,495.2164539999733,0.0,0.0,0.0
29.40999999997325,495.2264539999733,0.0,0.0,0.0
29.419999999973243,495.23645399997326,0.0,0.0,0.0
29.429999999973234,495.24645399997326,0.0,0.0,0.0
29.439999999973224,495.25645399997325,0.0,0.0,0.0
29.449999999973215,495.26645399997324,0.0,0.0,0.0
29.459999999973206,495.2764539999732,0.0,0.0,0.0
29.469999999973197,495.2864539999732,0.0,0.0,0.0
29.479999999973188,495.2964539999732,0.0,0.0,0.0
29.48999999997318,495.3064539999732,0.0,0.0,0.0
29.49999999997317,495.3164539999732,0.0,0.0,0.0
29.50999999997316,495.3264539999732,0.0,0.0,0.0
29.51999999997315,495.3364539999732,0.0,0.0,0.0
29.529999999973143,495.34645399997316,0.0,0.0,0.0
29.539999999973134,495.35645399997316,0.0,0.0,0.0
29.549999999973124,495.36645399997315,0.0,0.0,0.0
29.559999999973115,495.37645399997314,0.0,0.0,0.0
29.569999999973106,495.3864539999731,0.0,0.0,0.0
29.579999999973097,495.3964539999731,0.0,0.0,0.0
29.589999999973088,495.4064539999731,0.0,0.0,0.0
29.59999999997308,495.4164539999731,0.0,0.0,0.0
29.60999999997307,495.4264539999731,0.0,0.0,0.0
29.61999999997306,495.4364539999731,0.0,0.0,0.0
29.62999999997305,495.4464539999731,0.0,0.0,0.0
29.639999999973043,495.45645399997306,0.0,0.0,0.0
29.649999999973033,495.46645399997306,0.0,0.0,0.0
29.659999999973024,495.47645399997305,0.0,0.0,0.0
29.669999999973015,495.48645399997304,0.0,0.0,0.0
29.679999999973006,495.496453999973,0.0,0.0,0.0
29.689999999972997,495.506453999973,0.0,0.0,0.0
29.699999999972988,495.516453999973,0.0,0.0,0.0
29.70999999997298,495.526453999973,0.0,0.0,0.0
29.71999999997297,495.536453999973,0.0,0.0,0.0
29.72999999997296,495.546453999973,0.0,0.0,0.0
29.73999999997295,495.556453999973,0.0,0.0,0.0
29.749999999972943,495.56645399997296,0.0,0.0,0.0
29.759999999972933,495.57645399997295,0.0,0.0,0.0
29.769999999972924,495.58645399997295,0.0,0.0,0.0
29.779999999972915,495.59645399997294,0.0,0.0,0.0
29.789999999972906,495.6064539999729,0.0,0.0,0.0
29.799999999972897,495.6164539999729,0.0,0.0,0.0
29.809999999972888,495.6264539999729,0.0,0.0,0.0
29.81999999997288,495.6364539999729,0.0,0.0,0.0
29.82999999997287,495.6464539999729,0.0,0.0,0.0
29.83999999997286,495.6564539999729,0.0,0.0,0.0
29.84999999997285,495.6664539999729,0.0,0.0,0.0
29.859999999972842,495.67645399997286,0.0,0.0,0.0
29.869999999972833,495.68645399997285,0.0,0.0,0.0
29.879999999972824,495.69645399997285,0.0,0.0,0.0
29.889999999972815,495.70645399997284,0.0,0.0,0.0
29.899999999972806,495.7164539999728,0.0,0.0,0.0
29.909999999972797,495.7264539999728,0.0,0.0,0.0
29.919999999972788,495.7364539999728,0.0,0.0,0.0
29.92999999997278,495.7464539999728,0.0,0.0,0.0
29.93999999997277,495.7564539999728,0.0,0.0,0.0
29.94999999997276,495.7664539999728,0.0,0.0,0.0
29.95999999997275,495.7764539999728,0.0,0.0,0.0
29.969999999972742,495.78645399997276,0.0,0.0,0.0
29.979999999972733,495.79645399997275,0.0,0.0,0.0
29.989999999972724,495.80645399997275,0.0,0.0,0.0
29.999999999972715,495.81645399997274,0.0,0.0,0.0
30.009999999972706,495.8264539999727,0.0,0.0,0.0
30.019999999972697,495.8364539999727,0.0,0.0,0.0
30.029999999972688,495.8464539999727,0.0,0.0,0.0
30.03999999997268,495.8564539999727,0.0,0.0,0.0
30.04999999997267,495.8664539999727,0.0,0.0,0.0
30.05999999997266,495.8764539999727,0.0,0.0,0.0
30.06999999997265,495.8864539999727,0.0,0.0,0.0
30.079999999972642,495.89645399997266,0.0,0.0,0.0
30.089999999972633,495.90645399997265,0.0,0.0,0.0
30.099999999972624,495.91645399997265,0.0,0.0,0.0
30.109999999972615,495.92645399997264,0.0,0.0,0.0
30.119999999972606,495.9364539999726,0.0,0.0,0.0
30.129999999972597,495.9464539999726,0.0,0.0,0.0
30.139999999972588,495.9564539999726,0.0,0.0,0.0
30.14999999997258,495.9664539999726,0.0,0.0,0.0
30.15999999997257,495.9764539999726,0.0,0.0,0.0
30.16999999997256,495.9864539999726,0.0,0.0,0.0
30.17999999997255,495.9964539999726,0.0,0.0,0.0
30.189999999972542,496.00645399997256,0.0,0.0,0.0
30.199999999972533,496.01645399997255,0.0,0.0,0.0
30.209999999972524,496.02645399997255,0.0,0.0,0.0
30.219999999972515,496.03645399997254,0.0,0.0,0.0
30.229999999972506,496.0464539999725,0.0,0.0,0.0
30.239999999972497,496.0564539999725,0.0,0.0,0.0
30.249999999972488,496.0664539999725,0.0,0.0,0.0
30.25999999997248,496.0764539999725,0.0,0.0,0.0
30.26999999997247,496.0864539999725,0.0,0.0,0.0
30.27999999997246,496.0964539999725,0.0,0.3812765870416131,0.0
30.28999999997245,496.1064539999725,0.0,3.5480257211302977,0.0
30.299999999972442,496.11645399997246,0.0,6.714774855218983,0.0
30.309999999972433,496.12645399997245,0.0,9.881523989307667,0.0
30.319999999972424,496.13645399997245,0.0,13.048273123396353,0.0
30.329999999972415,496.14645399997244,0.0,16.215022257485035,0.0
30.339999999972406,496.1564539999724,0.0,19.38177139157372,0.0
30.349999999972397,496.1664539999724,0.0,22.548520525662408,0.0
30.359999999972388,496.1764539999724,0.0,25.71526965975109,0.0
30.36999999997238,496.1864539999724,0.0,28.882018793839777,0.0
30.37999999997237,496.1964539999724,0.0,32.04876792792846,0.0
30.38999999997236,496.2064539999724,0.0,35.21551706201714,0.0
30.39999999997235,496.2164539999724,0.0,38.38226619610583,0.0
30.409999999972342,496.22645399997236,0.0,41.549015330194514,0.0
30.419999999972333,496.23645399997235,0.2977297267427206,44.7157644642832,0.0
30.429999999972324,496.24645399997235,2.459999988497829,47.88251359837189,0.0
30.439999999972315,496.25645399997234,7.552516100518,51.04926273246057,0.0
30.449999999972306,496.2664539999723,16.07731223765288,54.21601186654925,0.0
30.459999999972297,496.2764539999723,21.91365514950239,57.38276100063794,0.0
30.469999999972288,496.2864539999723,28.15909773603583,60.549510134726624,0.0
30.47999999997228,496.2964539999723,31.232447540841015,63.71625926881531,0.0
30.48999999997227,496.3064539999723,34.7242553132589,64.76788885898806,64.0
30.49999999997226,496.3164539999723,37.17190243091997,65.61135201949338,64.0
30.50999999997225,496.3264539999723,39.754572858748546,66.4548151799987,64.0
30.519999999972242,496.33645399997226,41.38619289058616,67.29827834050403,64.0
30.529999999972233,496.34645399997225,42.0,68.14174150100935,64.0
30.539999999972224,496.35645399997225,42.36446601672473,68.98520466151467,64.0
30.549999999972215,496.36645399997224,43.731005285132724,69.82866782202,64.0
30.559999999972206,496.3764539999722,45.76999999466688,70.67213098252532,64.0
30.569999999972197,496.3864539999722,47.3658883220554,71.51559414303064,64.0
30.579999999972188,496.3964539999722,48.67336322371714,72.35905730353596,64.0
30.58999999997218,496.4064539999722,50.294237284997095,73.20252046404127,64.0
30.59999999997217,496.4164539999722,52.09339805015761,74.0459836245466,64.0
30.60999999997216,496.4264539999722,55.09073683331972,74.88944678505192,64.0
30.61999999997215,496.4364539999722,58.06864864112666,75.73290994555724,64.0
30.629999999972142,496.44645399997216,60.62382513052839,76.57637310606256,64.0
30.639999999972133,496.45645399997215,62.3112605018642,77.41983626656788,64.0
30.649999999972124,496.46645399997215,63.0,78.2632994270732,64.0
30.659999999972115,496.47645399997214,63.69667711075236,79.10676258757853,64.0
30.669999999972106,496.4864539999721,65.57755485369357,79.95022574808385,64.0
30.679999999972097,496.4964539999721,66.29134328150201,80.79368890858916,64.0
30.689999999972088,496.5064539999721,67.1482352859191,81.03741456152609,81.0
30.69999999997208,496.5164539999721,69.0,81.08694403156073,81.0
30.70999999997207,496.5264539999721,69.3857560948407,81.13647350159536,81.0
30.71999999997206,496.5364539999721,70.71922329555473,81.18600297162999,81.0
30.72999999997205,496.5464539999721,70.91936508822415,81.23553244166463,81.0
30.739999999972042,496.55645399997206,68.61424390516143,81.28506191169926,81.0
30.749999999972033,496.56645399997205,68.0,81.3345913817339,81.0
30.759999999972024,496.57645399997205,68.0,81.38412085176853,81.0
30.769999999972015,496.58645399997204,68.17470967381604,81.43365032180317,81.0
30.779999999972006,496.596453999972,70.03464114029616,81.4831797918378,81.0
30.789999999971997,496.606453999972,72.0,81.53270926187243,81.0
30.799999999971988,496.616453999972,72.0,81.58223873190707,81.0
30.80999999997198,496.626453999972,72.0,81.6317682019417,81.0
30.81999999997197,496.636453999972,72.0,81.68129767197634,81.0
30.82999999997196,496.646453999972,72.0,81.73082714201097,81.0
30.83999999997195,496.656453999972,72.0,81.78035661204561,81.0
30.849999999971942,496.66645399997196,71.42192469087769,81.82988608208024,81.0
30.859999999971933,496.67645399997195,69.67125683672526,81.87941555211486,81.0
30.869999999971924,496.68645399997195,67.59238095723902,81.9289450221495,81.0
30.879999999971915,496.69645399997194,65.77820690429354,81.97847449218413,81.0
30.889999999971906,496.7064539999719,63.72234375219251,80.82412478919197,82.0
30.899999999971897,496.7164539999719,62.82765714926935,78.74440208555446,82.0
30.909999999971888,496.7264539999719,60.257777788179425,76.66467938191694,82.0
30.91999999997188,496.7364539999719,56.85176471414778,74.58495667827943,82.0
30.92999999997187,496.7464539999719,53.51840001124266,72.50523397464192,82.0
30.93999999997186,496.7564539999719,49.48816327677718,70.42551127100441,82.0
30.94999999997185,496.7664539999719,45.08627452357963,68.3457885673669,82.0
30.959999999971842,496.77645399997186,40.329022569074105,66.26606586372938,82.0
30.969999999971833,496.78645399997185,35.635488747187715,64.18634316009187,82.0
30.979999999971824,496.79645399997185,27.555534902040133,62.10662045645435,82.0
30.989999999971815,496.80645399997184,21.061935502038985,60.02689775281684,82.0
30.999999999971806,496.8164539999718,13.976326553600757,57.94717504917933,82.0
31.009999999971797,496.8264539999718,5.9529756317303555,55.86745234554182,82.0
31.019999999971787,496.8364539999718,0.6435121978701694,53.787729641904306,82.0
31.02999999997178,496.8464539999718,0.0,51.70800693826679,82.0
31.03999999997177,496.8564539999718,0.0,49.62828423462928,82.0
31.04999999997176,496.8664539999718,0.0,47.54856153099176,82.0
31.05999999997175,496.8764539999718,0.0,45.468838827354254,82.0
31.069999999971742,496.88645399997176,0.0,43.38911612371674,82.0
31.079999999971733,496.89645399997175,0.0,41.309393420079225,82.0
31.089999999971724,496.90645399997175,0.0,39.470074005024586,40.0
31.099999999971715,496.91645399997174,0.0,38.039388262549274,40.0
31.109999999971706,496.9264539999717,0.0,36.60870252007396,40.0
31.119999999971697,496.9364539999717,0.0,35.17801677759864,40.0
31.129999999971687,496.9464539999717,0.0,33.74733103512333,40.0
31.13999999997168,496.9564539999717,0.0,32.31664529264801,40.0
31.14999999997167,496.9664539999717,0.0,30.8859595501727,40.0
31.15999999997166,496.9764539999717,0.0,29.455273807697388,40.0
31.16999999997165,496.9864539999717,0.0,28.02458806522207,40.0
31.179999999971642,496.99645399997166,0.0,26.593902322746757,40.0
31.189999999971633,497.00645399997165,0.0,25.163216580271442,40.0
31.199999999971624,497.01645399997165,0.0,23.732530837796126,40.0
31.209999999971615,497.02645399997164,0.0,22.30184509532081,40.0
31.219999999971606,497.0364539999716,0.0,20.8711593528455,40.0
31.229999999971596,497.0464539999716,0.0,19.440473610370184,40.0
31.239999999971587,497.0564539999716,0.0,18.009787867894868,40.0
31.24999999997158,497.0664539999716,0.0,16.579102125419553,40.0
31.25999999997157,497.0764539999716,0.0,15.148416382944237,40.0
31.26999999997156,497.0864539999716,0.0,13.717730640468925,40.0
31.27999999997155,497.0964539999716,0.0,12.28704489799361,40.0
31.289999999971542,497.10645399997156,0.0,10.945286105089853,11.0
31.299999999971533,497.11645399997155,0.0,10.400326977025049,11.0
31.309999999971524,497.12645399997155,0.0,9.855367848960247,11.0
31.319999999971515,497.13645399997154,0.0,9.310408720895444,11.0
31.329999999971506,497.1464539999715,0.0,8.765449592830642,11.0
31.339999999971496,497.1564539999715,0.0,8.220490464765838,11.0
31.349999999971487,497.1664539999715,0.0,7.675531336701036,11.0
31.35999999997148,497.1764539999715,0.0,7.130572208636233,11.0
31.36999999997147,497.1864539999715,0.0,6.585613080571431,11.0
31.37999999997146,497.1964539999715,0.0,6.040653952506628,11.0
31.38999999997145,497.2064539999715,0.0,5.495694824441825,11.0
31.399999999971442,497.21645399997146,0.0,4.950735696377023,11.0
31.409999999971433,497.22645399997145,0.0,4.40577656831222,11.0
31.419999999971424,497.23645399997145,0.0,3.860817440247417,11.0
31.429999999971415,497.24645399997144,0.0,3.3158583121826144,11.0
31.439999999971405,497.2564539999714,0.0,2.7708991841178108,11.0
31.449999999971396,497.2664539999714,0.0,2.225940056053009,11.0
31.459999999971387,497.2764539999714,0.0,1.6809809279882053,11.0
31.469999999971378,497.2864539999714,0.0,1.1360217999234035,11.0
31.47999999997137,497.2964539999714,0.0,0.5910626718585998,11.0
31.48999999997136,497.3064539999714,0.0,0.046103543793797996,11.0
31.49999999997135,497.3164539999714,0.0,0.0,0.0
31.509999999971342,497.32645399997136,0.0,0.0,0.0
31.519999999971333,497.33645399997135,0.0,0.0,0.0
31.529999999971324,497.34645399997135,0.0,0.0,0.0
31.539999999971315,497.35645399997134,0.0,0.0,0.0
31.549999999971305,497.3664539999713,0.0,0.0,0.0
31.559999999971296,497.3764539999713,0.0,0.0,0.0
31.569999999971287,497.3864539999713,0.0,0.0,0.0
31.579999999971278,497.3964539999713,0.0,0.0,0.0
31.58999999997127,497.4064539999713,0.0,0.0,0.0
31.59999999997126,497.4164539999713,0.0,0.0,0.0
31.60999999997125,497.4264539999713,0.0,0.0,0.0
31.619999999971242,497.43645399997126,0.0,0.0,0.0
31.629999999971233,497.44645399997125,0.0,0.0,0.0
31.639999999971224,497.45645399997125,0.0,0.0,0.0
31.649999999971214,497.46645399997124,0.0,0.0,0.0
31.659999999971205,497.4764539999712,0.0,0.0,0.0
31.669999999971196,497.4864539999712,0.0,0.0,0.0
31.679999999971187,497.4964539999712,0.0,0.0,0.0
31.689999999971178,497.5064539999712,0.0,0.0,0.0
31.69999999997117,497.5164539999712,0.0,0.0,0.0
31.70999999997116,497.5264539999712,0.0,0.0,0.0
31.71999999997115,497.5364539999712,0.0,0.0,0.0
31.72999999997114,497.54645399997116,0.0,0.0,0.0
31.739999999971133,497.55645399997115,0.0,0.0,0.0
31.749999999971124,497.56645399997115,0.0,0.0,0.0
31.759999999971114,497.57645399997114,0.0,0.0,0.0
31.769999999971105,497.5864539999711,0.0,0.0,0.0
31.779999999971096,497.5964539999711,0.0,0.0,0.0
31.789999999971087,497.6064539999711,0.0,0.0,0.0
31.799999999971078,497.6164539999711,0.0,0.0,0.0
31.80999999997107,497.6264539999711,0.0,0.0,0.0
31.81999999997106,497.6364539999711,0.0,0.0,0.0
31.82999999997105,497.6464539999711,0.0,0.0,0.0
31.83999999997104,497.65645399997106,0.0,0.0,0.0
31.849999999971033,497.66645399997105,0.0,0.0,0.0
31.859999999971023,497.67645399997105,0.0,0.0,0.0
31.869999999971014,497.68645399997104,0.0,0.0,0.0
31.879999999971005,497.696453999971,0.0,0.0,0.0
31.889999999970996,497.706453999971,0.0,0.0,0.0
31.899999999970987,497.716453999971,0.0,0.0,0.0
31.909999999970978,497.726453999971,0.0,0.0,0.0
31.91999999997097,497.736453999971,0.0,0.0,0.0
31.92999999997096,497.746453999971,0.0,0.0,0.0
31.93999999997095,497.756453999971,0.0,0.0,0.0
31.94999999997094,497.76645399997096,0.0,0.0,0.0
31.959999999970933,497.77645399997095,0.0,0.0,0.0
31.969999999970923,497.78645399997095,0.0,0.0,0.0
31.979999999970914,497.79645399997094,0.0,0.0,0.0
31.989999999970905,497.8064539999709,0.0,0.0,0.0
31.999999999970896,497.8164539999709,0.0,0.0,0.0
32.00999999997089,497.8264539999709,0.0,0.0,0.0
32.01999999997088,497.8364539999709,0.0,0.0,0.0
32.02999999997087,497.8464539999709,0.0,0.0,0.0
32.03999999997086,497.8564539999709,0.0,0.0,0.0
32.04999999997085,497.8664539999709,0.0,0.0,0.0
32.05999999997084,497.87645399997086,0.0,0.0,0.0
32.06999999997083,497.88645399997085,0.0,0.0,0.0
32.07999999997082,497.89645399997084,0.0,0.0,0.0
32.089999999970814,497.90645399997084,0.0,0.0,0.0
32.099999999970805,497.9164539999708,0.0,0.0,0.0
32.109999999970796,497.9264539999708,0.0,0.0,0.0
32.11999999997079,497.9364539999708,0.0,0.0,0.0
32.12999999997078,497.9464539999708,0.0,0.0,0.0
32.13999999997077,497.9564539999708,0.0,0.0,0.0
32.14999999997076,497.9664539999708,0.0,0.0,0.0
32.15999999997075,497.9764539999708,0.0,0.0,0.0
32.16999999997074,497.98645399997076,0.0,0.0,0.0
32.17999999997073,497.99645399997075,0.0,0.0,0.0
32.18999999997072,498.00645399997074,0.0,0.0,0.0
32.199999999970714,498.01645399997074,0.0,0.0,0.0
32.209999999970705,498.0264539999707,0.0,0.0,0.0
32.219999999970696,498.0364539999707,0.0,0.0,0.0
32.22999999997069,498.0464539999707,0.0,0.0,0.0
32.23999999997068,498.0564539999707,0.0,0.0,0.0
32.24999999997067,498.0664539999707,0.0,0.0,0.0
32.25999999997066,498.0764539999707,0.0,0.0,0.0
32.26999999997065,498.0864539999707,0.0,0.0,0.0
32.27999999997064,498.09645399997066,0.0,0.0,0.0
32.28999999997063,498.10645399997065,0.0,0.0,0.0
32.29999999997062,498.11645399997064,0.0,0.0,0.0
32.309999999970614,498.12645399997064,0.0,0.0,0.0
32.319999999970605,498.1364539999706,0.0,0.0,0.0
32.329999999970596,498.1464539999706,0.0,0.0,0.0
32.33999999997059,498.1564539999706,0.0,0.0,0.0
32.34999999997058,498.1664539999706,0.0,0.0,0.0
32.35999999997057,498.1764539999706,0.0,0.0,0.0
32.36999999997056,498.1864539999706,0.0,0.0,0.0
32.37999999997055,498.1964539999706,0.0,0.0,0.0
32.38999999997054,498.20645399997056,0.0,0.0,0.0
32.39999999997053,498.21645399997055,0.0,0.0,0.0
32.40999999997052,498.22645399997054,0.0,0.0,0.0
32.419999999970514,498.23645399997054,0.0,0.0,0.0
32.429999999970505,498.2464539999705,0.0,0.0,0.0
32.439999999970496,498.2564539999705,0.0,0.0,0.0
32.44999999997049,498.2664539999705,0.0,0.0,0.0
32.45999999997048,498.2764539999705,0.0,0.0,0.0
32.46999999997047,498.2864539999705,0.0,0.0,0.0
32.47999999997046,498.2964539999705,0.0,0.0,0.0
32.48999999997045,498.3064539999705,0.0,0.0,0.0
32.49999999997044,498.31645399997046,0.0,0.0,0.0
32.50999999997043,498.32645399997045,0.0,0.0,0.0
32.51999999997042,498.33645399997044,0.0,0.0,0.0
32.529999999970414,498.34645399997044,0.0,0.0,0.0
32.539999999970405,498.3564539999704,0.0,0.0,0.0
32.549999999970396,498.3664539999704,0.0,0.0,0.0
32.55999999997039,498.3764539999704,0.0,0.0,0.0
32.56999999997038,498.3864539999704,0.0,0.0,0.0
32.57999999997037,498.3964539999704,0.0,0.0,0.0
32.58999999997036,498.4064539999704,0.0,0.0,0.0
32.59999999997035,498.4164539999704,0.0,0.0,0.0
32.60999999997034,498.42645399997036,0.0,0.0,0.0
32.61999999997033,498.43645399997035,0.0,0.0,0.0
32.62999999997032,498.44645399997034,0.0,0.0,0.0
32.639999999970314,498.45645399997034,0.0,0.0,0.0
32.649999999970305,498.4664539999703,0.0,0.0,0.0
32.659999999970296,498.4764539999703,0.0,0.0,0.0
32.66999999997029,498.4864539999703,0.0,0.0,0.0
32.67999999997028,498.4964539999703,0.0,0.0,0.0
32.68999999997027,498.5064539999703,0.0,0.0,0.0
32.69999999997026,498.5164539999703,0.0,0.0,0.0
32.70999999997025,498.5264539999703,0.0,0.0,0.0
32.71999999997024,498.53645399997026,0.0,0.0,0.0
32.72999999997023,498.54645399997025,0.0,0.0,0.0
32.73999999997022,498.55645399997024,0.0,0.0,0.0
32.749999999970214,498.56645399997024,0.0,0.0,0.0
32.759999999970205,498.5764539999702,0.0,0.0,0.0
32.769999999970196,498.5864539999702,0.0,0.0,0.0
32.77999999997019,498.5964539999702,0.0,0.0,0.0
32.78999999997018,498.6064539999702,0.0,0.0,0.0
32.79999999997017,498.6164539999702,0.0,0.0,0.0
32.80999999997016,498.6264539999702,0.0,0.0,0.0
32.81999999997015,498.6364539999702,0.0,0.0,0.0
32.82999999997014,498.64645399997016,0.0,0.0,0.0
32.83999999997013,498.65645399997015,0.0,0.0,0.0
32.84999999997012,498.66645399997014,0.0,0.0,0.0
32.859999999970114,498.67645399997014,0.0,0.0,0.0
32.869999999970105,498.6864539999701,0.0,0.0,0.0
32.879999999970096,498.6964539999701,0.0,0.0,0.0
32.88999999997009,498.7064539999701,0.0,0.0,0.0
32.89999999997008,498.7164539999701,0.0,0.0,0.0
32.90999999997007,498.7264539999701,0.0,0.0,0.0
32.91999999997006,498.7364539999701,0.0,0.0,0.0
32.92999999997005,498.7464539999701,0.0,0.0,0.0
32.93999999997004,498.75645399997006,0.0,0.0,0.0
32.94999999997003,498.76645399997005,0.0,0.0,0.0
32.95999999997002,498.77645399997004,0.0,0.0,0.0
32.969999999970014,498.78645399997004,0.0,0.0,0.0
32.979999999970005,498.79645399997,0.0,0.0,0.0
32.989999999969996,498.80645399997,0.0,0.0,0.0
32.99999999996999,498.81645399997,0.0,0.0,0.0
33.00999999996998,498.82645399997,0.0,0.0,0.0
33.01999999996997,498.83645399997,0.0,0.0,0.0
33.02999999996996,498.84645399997,0.0,0.0,0.0
33.03999999996995,498.85645399997,0.0,0.0,0.0
33.04999999996994,498.86645399996996,0.0,0.0,0.0
33.05999999996993,498.87645399996995,0.0,0.0,0.0
33.06999999996992,498.88645399996994,0.0,0.0,0.0
33.079999999969914,498.89645399996994,0.0,0.0,0.0
33.089999999969905,498.9064539999699,0.0,0.0,0.0
33.099999999969896,498.9164539999699,0.0,0.0,0.0
33.10999999996989,498.9264539999699,0.0,0.0,0.0
33.11999999996988,498.9364539999699,0.0,0.0,0.0
33.12999999996987,498.9464539999699,0.0,0.0,0.0
33.13999999996986,498.9564539999699,0.0,0.0,0.0
33.14999999996985,498.9664539999699,0.0,0.0,0.0
33.15999999996984,498.97645399996986,0.0,0.0,0.0
33.16999999996983,498.98645399996985,0.0,0.0,0.0
33.17999999996982,498.99645399996984,0.0,0.0,0.0
33.189999999969814,499.00645399996984,0.0,0.0,0.0
33.199999999969805,499.0164539999698,0.0,0.0,0.0
33.209999999969796,499.0264539999698,0.0,0.0,0.0
33.21999999996979,499.0364539999698,0.0,0.0,0.0
33.22999999996978,499.0464539999698,0.0,0.0,0.0
33.23999999996977,499.0564539999698,0.0,0.0,0.0
33.24999999996976,499.0664539999698,0.0,0.0,0.0
33.25999999996975,499.0764539999698,0.0,0.0,0.0
33.26999999996974,499.08645399996976,0.0,0.0,0.0
33.27999999996973,499.09645399996975,0.0,0.0,0.0
33.28999999996972,499.10645399996974,0.0,0.0,0.0
33.299999999969714,499.11645399996974,0.0,0.0,0.0
33.309999999969705,499.1264539999697,0.0,0.0,0.0
33.319999999969696,499.1364539999697,0.0,0.0,0.0
33.32999999996969,499.1464539999697,0.0,0.0,0.0
33.33999999996968,499.1564539999697,0.0,0.0,0.0
33.34999999996967,499.1664539999697,0.0,0.0,0.0
33.35999999996966,499.1764539999697,0.0,0.0,0.0
33.36999999996965,499.1864539999697,0.0,0.0,0.0
33.37999999996964,499.19645399996966,0.0,0.0,0.0
33.38999999996963,499.20645399996965,0.0,0.0,0.0
33.39999999996962,499.21645399996964,0.0,0.0,0.0
33.409999999969614,499.22645399996964,0.0,0.0,0.0
33.419999999969605,499.2364539999696,0.0,0.0,0.0
33.429999999969596,499.2464539999696,0.0,0.0,0.0
33.43999999996959,499.2564539999696,0.0,0.0,0.0
33.44999999996958,499.2664539999696,0.0,0.0,0.0
33.45999999996957,499.2764539999696,0.0,0.0,0.0
33.46999999996956,499.2864539999696,0.0,0.0,0.0
33.47999999996955,499.2964539999696,0.0,0.0,0.0
33.48999999996954,499.30645399996956,0.0,0.0,0.0
33.49999999996953,499.31645399996955,0.0,0.0,0.0
33.50999999996952,499.32645399996954,0.0,0.0,0.0
33.519999999969514,499.33645399996954,0.0,0.0,0.0
33.529999999969505,499.3464539999695,0.0,0.0,0.0
33.539999999969496,499.3564539999695,0.0,0.0,0.0
33.54999999996949,499.3664539999695,0.0,0.0,0.0
33.55999999996948,499.3764539999695,0.0,0.0,0.0
33.56999999996947,499.3864539999695,0.0,0.0,0.0
33.57999999996946,499.3964539999695,0.0,0.0,0.0
33.58999999996945,499.4064539999695,0.0,0.0,0.0
33.59999999996944,499.41645399996946,0.0,0.0,0.0
33.60999999996943,499.42645399996945,0.0,0.0,0.0
33.61999999996942,499.43645399996944,0.0,0.0,0.0
33.629999999969414,499.44645399996944,0.0,0.0,0.0
33.639999999969405,499.4564539999694,0.0,0.0,0.0
33.649999999969396,499.4664539999694,0.0,0.0,0.0
33.659999999969386,499.4764539999694,0.0,0.0,0.0
33.66999999996938,499.4864539999694,0.0,0.0,0.0
33.67999999996937,499.4964539999694,0.0,0.0,0.0
33.68999999996936,499.5064539999694,0.0,0.0,0.0
33.69999999996935,499.5164539999694,0.0,0.0,0.0
33.70999999996934,499.52645399996936,0.0,0.0,0.0
33.71999999996933,499.53645399996935,0.0,0.0,0.0
33.72999999996932,499.54645399996934,0.0,0.0,0.0
33.739999999969314,499.55645399996934,0.0,0.0,0.0
33.749999999969305,499.5664539999693,0.0,0.0,0.0
33.759999999969295,499.5764539999693,0.0,0.0,0.0
33.769999999969286,499.5864539999693,0.0,0.0,0.0
33.77999999996928,499.5964539999693,0.0,0.0,0.0
33.78999999996927,499.6064539999693,0.0,0.0,0.0
33.79999999996926,499.6164539999693,0.0,0.0,0.0
33.80999999996925,499.62645399996927,0.0,0.0,0.0
33.81999999996924,499.63645399996926,0.0,0.0,0.0
33.82999999996923,499.64645399996925,0.0,0.0,0.0
33.83999999996922,499.65645399996924,0.0,0.0,0.0
33.849999999969214,499.66645399996924,0.0,0.0,0.0
33.859999999969205,499.6764539999692,0.0,0.0,0.0
33.869999999969195,499.6864539999692,0.0,0.0,0.0
33.879999999969186,499.6964539999692,0.0,0.0,0.0
33.88999999996918,499.7064539999692,0.0,0.0,0.0
33.89999999996917,499.7164539999692,0.0,0.0,0.0
33.90999999996916,499.7264539999692,0.0,0.0,0.0
33.91999999996915,499.73645399996917,0.0,0.0,0.0
33.92999999996914,499.74645399996916,0.0,0.0,0.0
33.93999999996913,499.75645399996915,0.0,0.0,0.0
33.94999999996912,499.76645399996914,0.0,0.0,0.0
33.959999999969114,499.77645399996914,0.0,0.0,0.0
33.969999999969104,499.7864539999691,0.0,0.0,0.0
33.979999999969095,499.7964539999691,0.0,0.0,0.0
33.989999999969086,499.8064539999691,0.0,0.0,0.0
33.99999999996908,499.8164539999691,0.0,0.0,0.0
34.00999999996907,499.8264539999691,0.0,0.0,0.0
34.01999999996906,499.8364539999691,0.0,0.0,0.0
34.02999999996905,499.84645399996907,0.0,0.0,0.0
34.03999999996904,499.85645399996906,0.0,0.0,0.0
34.04999999996903,499.86645399996905,0.0,0.0,0.0
34.05999999996902,499.87645399996904,0.0,0.0,0.0
34.06999999996901,499.88645399996904,0.0,0.0,0.0
34.079999999969004,499.896453999969,0.0,0.0,0.0
34.089999999968995,499.906453999969,0.0,0.0,0.0
34.099999999968986,499.916453999969,0.0,0.0,0.0
34.10999999996898,499.926453999969,0.0,0.0,0.0
34.11999999996897,499.936453999969,0.0,0.0,0.0
34.12999999996896,499.946453999969,0.0,0.0,0.0
34.13999999996895,499.95645399996897,0.0,0.0,0.0
34.14999999996894,499.96645399996896,0.0,0.0,0.0
34.15999999996893,499.97645399996895,0.0,0.0,0.0
34.16999999996892,499.98645399996894,0.0,0.0,0.0
34.17999999996891,499.99645399996894,0.0,0.0,0.0
34.189999999968904,500.0064539999689,0.0,0.0,0.0
34.199999999968895,500.0164539999689,0.0,0.0,0.0
34.209999999968886,500.0264539999689,0.0,0.0,0.0
34.21999999996888,500.0364539999689,0.0,0.0,0.0
34.22999999996887,500.0464539999689,0.0,0.0,0.0
34.23999999996886,500.0564539999689,0.0,0.0,0.0
34.24999999996885,500.06645399996887,0.0,0.0,0.0
34.25999999996884,500.07645399996886,0.0,0.0,0.0
34.26999999996883,500.08645399996885,0.0,0.0,0.0
34.27999999996882,500.09645399996884,0.0,0.0,0.0
34.28999999996881,500.10645399996883,0.0,0.0,0.0
34.299999999968804,500.1164539999688,0.0,0.0,0.0
34.309999999968795,500.1264539999688,0.0,0.0,0.0
34.319999999968786,500.1364539999688,0.0,0.0,0.0
34.32999999996878,500.1464539999688,0.0,0.0,0.0
34.33999999996877,500.1564539999688,0.0,0.0,0.0
34.34999999996876,500.1664539999688,0.0,0.0,0.0
34.35999999996875,500.17645399996877,0.0,0.0,0.0
34.36999999996874,500.18645399996876,0.0,0.0,0.0
34.37999999996873,500.19645399996875,0.0,0.0,0.0
34.38999999996872,500.20645399996874,0.0,0.0,0.0
34.39999999996871,500.21645399996873,0.0,0.0,0.0
34.409999999968704,500.2264539999687,0.0,0.0,0.0
34.419999999968695,500.2364539999687,0.0,0.0,0.0
34.429999999968686,500.2464539999687,0.0,0.0,0.0
34.43999999996868,500.2564539999687,0.0,0.0,0.0
34.44999999996867,500.2664539999687,0.0,0.0,0.0
34.45999999996866,500.2764539999687,0.0,0.0,0.0
34.46999999996865,500.28645399996867,0.0,0.0,0.0
34.47999999996864,500.29645399996866,0.0,0.0,0.0
34.48999999996863,500.30645399996865,0.0,0.0,0.0
34.49999999996862,500.31645399996864,0.0,0.0,0.0
34.50999999996861,500.32645399996863,0.0,0.0,0.0
34.519999999968604,500.3364539999686,0.0,0.0,0.0
34.529999999968595,500.3464539999686,0.0,0.0,0.0
34.539999999968586,500.3564539999686,0.0,0.0,0.0
34.54999999996858,500.3664539999686,0.0,0.0,0.0
34.55999999996857,500.3764539999686,0.0,0.0,0.0
34.56999999996856,500.3864539999686,0.0,0.0,0.0
34.57999999996855,500.39645399996857,0.0,0.0,0.0
34.58999999996854,500.40645399996856,0.0,0.0,0.0
34.59999999996853,500.41645399996855,0.0,0.0,0.0
34.60999999996852,500.42645399996854,0.0,0.0,0.0
34.61999999996851,500.43645399996853,0.0,0.0,0.0
34.629999999968504,500.4464539999685,0.0,0.0,0.0
34.639999999968495,500.4564539999685,0.0,0.0,0.0
34.649999999968486,500.4664539999685,0.0,0.0,0.0
34.65999999996848,500.4764539999685,0.0,0.0,0.0
34.66999999996847,500.4864539999685,0.0,0.0,0.0
34.67999999996846,500.4964539999685,0.0,0.0,0.0
34.68999999996845,500.50645399996847,0.0,0.0,0.0
34.69999999996844,500.51645399996846,0.0,0.0,0.0
34.70999999996843,500.52645399996845,0.0,0.0,0.0
34.71999999996842,500.53645399996844,0.0,0.0,0.0
34.72999999996841,500.54645399996843,0.0,0.0,0.0
34.739999999968404,500.5564539999684,0.0,0.0,0.0
34.749999999968395,500.5664539999684,0.0,0.0,0.0
34.759999999968386,500.5764539999684,0.0,0.0,0.0
34.76999999996838,500.5864539999684,0.0,0.0,0.0
34.77999999996837,500.5964539999684,0.0,0.0,0.0
34.78999999996836,500.6064539999684,0.0,0.0,0.0
34.79999999996835,500.61645399996837,0.0,0.0,0.0
34.80999999996834,500.62645399996836,0.0,0.0,0.0
34.81999999996833,500.63645399996835,0.0,0.0,0.0
34.82999999996832,500.64645399996834,0.0,0.0,0.0
34.83999999996831,500.65645399996833,0.0,0.0,0.0
34.849999999968304,500.6664539999683,0.0,0.0,0.0
34.859999999968295,500.6764539999683,0.0,0.0,0.0
34.869999999968286,500.6864539999683,0.0,0.0,0.0
34.87999999996828,500.6964539999683,0.0,0.0,0.0
34.88999999996827,500.7064539999683,0.0,0.0,0.0
34.89999999996826,500.7164539999683,0.0,0.0,0.0
34.90999999996825,500.72645399996827,0.0,0.0,0.0
34.91999999996824,500.73645399996826,0.0,0.0,0.0
34.92999999996823,500.74645399996825,0.0,0.0,0.0
34.93999999996822,500.75645399996824,0.0,0.0,0.0
34.94999999996821,500.76645399996823,0.0,0.0,0.0
34.959999999968204,500.7764539999682,0.0,0.0,0.0
34.969999999968195,500.7864539999682,0.0,0.0,0.0
34.979999999968186,500.7964539999682,0.0,0.0,0.0
34.98999999996818,500.8064539999682,0.0,0.0,0.0
34.99999999996817,500.8164539999682,0.0,0.0,0.0
35.00999999996816,500.8264539999682,0.0,0.0,0.0
35.01999999996815,500.83645399996817,0.0,0.0,0.0
35.02999999996814,500.84645399996816,0.0,0.0,0.0
35.03999999996813,500.85645399996815,0.0,0.0,0.0
35.04999999996812,500.86645399996814,0.0,0.0,0.0
35.05999999996811,500.87645399996813,0.0,0.0,0.0
35.069999999968104,500.8864539999681,0.0,0.0,0.0
35.079999999968095,500.8964539999681,0.0,0.0,0.0
35.089999999968086,500.9064539999681,0.0,0.0,0.0
35.09999999996808,500.9164539999681,0.0,0.0,0.0
35.10999999996807,500.9264539999681,0.0,0.0,0.0
35.11999999996806,500.9364539999681,0.0,0.0,0.0
35.12999999996805,500.94645399996807,0.0,0.0,0.0
35.13999999996804,500.95645399996806,0.0,0.0,0.0
35.14999999996803,500.96645399996805,0.0,0.0,0.0
35.15999999996802,500.97645399996804,0.0,0.0,0.0
35.16999999996801,500.98645399996803,0.0,0.0,0.0
35.179999999968004,500.996453999968,0.0,0.0,0.0
35.189999999967995,501.006453999968,0.0,0.0,0.0
35.199999999967986,501.016453999968,0.0,0.0,0.0
35.20999999996798,501.026453999968,0.0,0.0,0.0
35.21999999996797,501.036453999968,0.0,0.0,0.0
35.22999999996796,501.046453999968,0.0,0.0,0.0
35.23999999996795,501.05645399996797,0.0,0.0,0.0
35.24999999996794,501.06645399996796,0.0,0.0,0.0
35.25999999996793,501.07645399996795,0.0,0.0,0.0
35.26999999996792,501.08645399996794,0.0,0.0,0.0
35.27999999996791,501.09645399996793,0.0,0.0,0.0
35.289999999967904,501.1064539999679,0.0,0.0,0.0
35.299999999967895,501.1164539999679,0.0,0.0,0.0
35.309999999967886,501.1264539999679,0.0,0.0,0.0
35.31999999996788,501.1364539999679,0.0,0.0,0.0
35.32999999996787,501.1464539999679,0.0,0.0,0.0
35.33999999996786,501.1564539999679,0.0,0.0,0.0
35.34999999996785,501.16645399996787,0.0,0.0,0.0
35.35999999996784,501.17645399996786,0.0,0.0,0.0
35.36999999996783,501.18645399996785,0.0,0.0,0.0
35.37999999996782,501.19645399996784,0.0,0.0,0.0
35.38999999996781,501.20645399996783,0.0,0.0,0.0
35.399999999967804,501.2164539999678,0.0,0.0,0.0
35.409999999967795,501.2264539999678,0.0,0.0,0.0
35.419999999967786,501.2364539999678,0.0,0.0,0.0
35.42999999996778,501.2464539999678,0.0,0.0,0.0
35.43999999996777,501.2564539999678,0.0,0.0,0.0
35.44999999996776,501.2664539999678,0.0,0.0,0.0
35.45999999996775,501.27645399996777,0.0,0.0,0.0
35.46999999996774,501.28645399996776,0.0,0.0,0.0
35.47999999996773,501.29645399996775,0.0,0.0,0.0
35.48999999996772,501.30645399996774,0.0,0.0,0.0
35.49999999996771,501.31645399996773,0.0,0.0,0.0
35.509999999967704,501.3264539999677,0.0,0.0,0.0
35.519999999967695,501.3364539999677,0.0,0.0,0.0
35.529999999967686,501.3464539999677,0.0,0.0,0.0
35.53999999996768,501.3564539999677,0.0,0.3919662766035398,0.0
35.54999999996767,501.3664539999677,0.0,0.8878750293926435,0.0
35.55999999996766,501.3764539999677,0.0,1.3837837821817471,0.0
35.56999999996765,501.38645399996767,0.0,1.8796925349708509,0.0
35.57999999996764,501.39645399996766,0.0,2.3756012877599546,0.0
35.58999999996763,501.40645399996765,0.0,2.871510040549058,0.0
35.59999999996762,501.41645399996764,0.0,3.367418793338162,0.0
35.60999999996761,501.42645399996763,0.0,3.8633275461272656,0.0
35.619999999967604,501.4364539999676,0.0,4.359236298916369,0.0
35.629999999967595,501.4464539999676,0.0,4.855145051705473,0.0
35.639999999967586,501.4564539999676,0.0,5.351053804494577,0.0
35.64999999996758,501.4664539999676,0.0,5.84696255728368,0.0
35.65999999996757,501.4764539999676,0.0,6.342871310072784,0.0
35.66999999996756,501.4864539999676,0.0,6.838780062861888,0.0
35.67999999996755,501.49645399996757,0.0,7.334688815650992,0.0
35.68999999996754,501.50645399996756,0.0,7.830597568440095,0.0
35.69999999996753,501.51645399996755,0.0,8.3265063212292,0.0
35.70999999996752,501.52645399996754,0.0,8.822415074018302,0.0
35.71999999996751,501.53645399996753,0.0,9.318323826807406,0.0
35.729999999967504,501.5464539999675,0.0,9.81423257959651,0.0
35.739999999967495,501.5564539999675,0.0,9.69008919883274,10.0
35.749999999967486,501.5664539999675,0.0,9.19454906008193,10.0
35.75999999996748,501.5764539999675,0.0,8.699008921331123,10.0
35.76999999996747,501.5864539999675,0.0,8.203468782580313,10.0
35.77999999996746,501.5964539999675,0.0,7.707928643829504,10.0
35.78999999996745,501.60645399996747,0.0,7.212388505078696,10.0
35.79999999996744,501.61645399996746,0.0,6.716848366327886,10.0
35.80999999996743,501.62645399996745,0.0,6.221308227577078,10.0
35.81999999996742,501.63645399996744,0.0,5.7257680888262685,10.0
35.82999999996741,501.64645399996743,0.0,5.230227950075459,10.0
35.839999999967404,501.6564539999674,0.0,4.734687811324651,10.0
35.849999999967395,501.6664539999674,0.0,4.239147672573842,10.0
35.859999999967386,501.6764539999674,0.0,3.743607533823033,10.0
35.869999999967376,501.6864539999674,0.0,3.2480673950722236,10.0
35.87999999996737,501.6964539999674,0.0,2.7525272563214154,10.0
35.88999999996736,501.7064539999674,0.0,2.256987117570606,10.0
35.89999999996735,501.71645399996737,0.0,1.761446978819798,10.0
35.90999999996734,501.72645399996736,0.0,1.265906840068988,10.0
35.91999999996733,501.73645399996735,0.0,0.7703667013181796,10.0
35.92999999996732,501.74645399996734,0.0,0.27482656256737137,10.0
35.93999999996731,501.75645399996733,0.0,0.0,0.0
35.949999999967304,501.7664539999673,0.0,0.0,0.0
35.959999999967295,501.7764539999673,0.0,0.0,0.0
35.969999999967285,501.7864539999673,0.0,0.0,0.0
35.979999999967276,501.7964539999673,0.0,0.0,0.0
35.98999999996727,501.8064539999673,0.0,0.0,0.0
35.99999999996726,501.8164539999673,0.0,0.0,0.0
36.00999999996725,501.82645399996727,0.0,0.0,0.0
36.01999999996724,501.83645399996726,0.0,0.0,0.0
36.02999999996723,501.84645399996725,0.0,0.0,0.0
36.03999999996722,501.85645399996724,0.0,0.0,0.0
36.04999999996721,501.86645399996723,0.0,0.0,0.0
36.059999999967204,501.8764539999672,0.0,0.0,0.0
36.069999999967195,501.8864539999672,0.0,0.0,0.0
36.079999999967185,501.8964539999672,0.0,0.0,0.0
36.089999999967176,501.9064539999672,0.0,0.0,0.0
36.09999999996717,501.9164539999672,0.0,0.0,0.0
36.10999999996716,501.9264539999672,0.0,0.0,0.0
36.11999999996715,501.93645399996717,0.0,0.0,0.0
36.12999999996714,501.94645399996716,0.0,0.0,0.0
36.13999999996713,501.95645399996715,0.0,0.0,0.0
36.14999999996712,501.96645399996714,0.0,0.0,0.0
36.15999999996711,501.97645399996713,0.0,0.0,0.0
36.169999999967104,501.9864539999671,0.0,0.0,0.0
36.179999999967094,501.9964539999671,0.0,0.0,0.0
36.189999999967085,502.0064539999671,0.0,0.0,0.0
36.199999999967076,502.0164539999671,0.0,0.0,0.0
36.20999999996707,502.0264539999671,0.0,0.0,0.0
36.21999999996706,502.0364539999671,0.0,0.0,0.0
36.22999999996705,502.04645399996707,0.0,0.0,0.0
36.23999999996704,502.05645399996706,0.0,0.0,0.0
36.24999999996703,502.06645399996705,0.0,0.0,0.0
36.25999999996702,502.07645399996704,0.0,0.0,0.0
36.26999999996701,502.08645399996703,0.0,0.0,0.0
36.279999999967,502.096453999967,0.0,0.0,0.0
36.289999999966994,502.106453999967,0.0,0.0,0.0
36.299999999966985,502.116453999967,0.0,0.0,0.0
36.309999999966976,502.126453999967,0.0,0.0,0.0
36.31999999996697,502.136453999967,0.0,0.0,0.0
36.32999999996696,502.146453999967,0.0,0.0,0.0
36.33999999996695,502.15645399996697,0.0,0.0,0.0
36.34999999996694,502.16645399996696,0.0,0.0,0.0
36.35999999996693,502.17645399996695,0.0,0.0,0.0
36.36999999996692,502.18645399996694,0.0,0.0,0.0
36.37999999996691,502.19645399996693,0.0,0.0,0.0
36.3899999999669,502.2064539999669,0.0,0.0,0.0
36.399999999966894,502.2164539999669,0.0,0.0,0.0
36.409999999966885,502.2264539999669,0.0,0.0,0.0
36.419999999966876,502.2364539999669,0.0,0.0,0.0
36.42999999996687,502.2464539999669,0.0,0.0,0.0
36.43999999996686,502.2564539999669,0.0,0.0,0.0
36.44999999996685,502.26645399996687,0.0,0.0,0.0
36.45999999996684,502.27645399996686,0.0,0.0,0.0
36.46999999996683,502.28645399996685,0.0,0.0,0.0
36.47999999996682,502.29645399996684,0.0,0.0,0.0
36.48999999996681,502.30645399996683,0.0,0.0,0.0
36.4999999999668,502.3164539999668,0.0,0.0,0.0
36.509999999966794,502.3264539999668,0.0,0.0,0.0
36.519999999966785,502.3364539999668,0.0,0.0,0.0
36.529999999966776,502.3464539999668,0.0,0.0,0.0
36.53999999996677,502.3564539999668,0.0,0.0,0.0
36.54999999996676,502.3664539999668,0.0,0.0,0.0
36.55999999996675,502.37645399996677,0.0,0.0,0.0
36.56999999996674,502.38645399996676,0.0,0.0,0.0
36.57999999996673,502.39645399996675,0.0,0.0,0.0
36.58999999996672,502.40645399996674,0.0,0.0,0.0
36.59999999996671,502.41645399996673,0.0,0.0,0.0
36.6099999999667,502.4264539999667,0.0,0.0,0.0
36.619999999966694,502.4364539999667,0.0,0.0,0.0
36.629999999966685,502.4464539999667,0.0,0.0,0.0
36.639999999966676,502.4564539999667,0.0,0.0,0.0
36.64999999996667,502.4664539999667,0.0,0.0,0.0
36.65999999996666,502.4764539999667,0.0,0.0,0.0
36.66999999996665,502.48645399996667,0.0,0.0,0.0
36.67999999996664,502.49645399996666,0.0,0.0,0.0
36.68999999996663,502.50645399996665,0.0,0.0,0.0
36.69999999996662,502.51645399996664,0.0,0.0,0.0
36.70999999996661,502.52645399996663,0.0,0.0,0.0
36.7199999999666,502.5364539999666,0.0,0.0,0.0
36.729999999966594,502.5464539999666,0.0,0.0,0.0
36.739999999966585,502.5564539999666,0.0,0.0,0.0
36.749999999966576,502.5664539999666,0.0,0.0,0.0
36.75999999996657,502.5764539999666,0.0,0.0,0.0
36.76999999996656,502.5864539999666,0.0,0.0,0.0
36.77999999996655,502.59645399996657,0.0,0.0,0.0
36.78999999996654,502.60645399996656,0.0,0.0,0.0
36.79999999996653,502.61645399996655,0.0,0.0,0.0
36.80999999996652,502.62645399996654,0.0,0.0,0.0
36.81999999996651,502.63645399996653,0.0,0.0,0.0
36.8299999999665,502.6464539999665,0.0,0.0,0.0
36.839999999966494,502.6564539999665,0.0,0.0,0.0
36.849999999966485,502.6664539999665,0.0,0.0,0.0
36.859999999966476,502.6764539999665,0.0,0.0,0.0
36.86999999996647,502.6864539999665,0.0,0.0,0.0
36.87999999996646,502.6964539999665,0.0,0.0,0.0
36.88999999996645,502.70645399996647,0.0,0.0,0.0
36.89999999996644,502.71645399996646,0.0,0.0,0.0
36.90999999996643,502.72645399996645,0.0,0.0,0.0
36.91999999996642,502.73645399996644,0.0,0.0,0.0
36.92999999996641,502.74645399996643,0.0,0.0,0.0
36.9399999999664,502.7564539999664,0.0,0.0,0.0
36.949999999966394,502.7664539999664,0.0,0.0,0.0
36.959999999966385,502.7764539999664,0.0,0.0,0.0
36.969999999966376,502.7864539999664,0.0,0.0,0.0
36.97999999996637,502.7964539999664,0.0,0.0,0.0
36.98999999996636,502.8064539999664,0.0,0.0,0.0
36.99999999996635,502.81645399996637,0.0,0.0,0.0
37.00999999996634,502.82645399996636,0.0,0.0,0.0
37.01999999996633,502.83645399996635,0.0,0.0,0.0
37.02999999996632,502.84645399996634,0.0,0.0,0.0
37.03999999996631,502.85645399996633,0.0,0.0,0.0
37.0499999999663,502.8664539999663,0.0,0.0,0.0
37.059999999966294,502.8764539999663,0.0,0.0,0.0
37.069999999966285,502.8864539999663,0.0,0.0,0.0
37.079999999966276,502.8964539999663,0.0,0.0,0.0
37.08999999996627,502.9064539999663,0.0,0.0,0.0
37.09999999996626,502.9164539999663,0.0,0.0,0.0
37.10999999996625,502.92645399996627,0.0,0.0,0.0
37.11999999996624,502.93645399996626,0.0,0.0,0.0
37.12999999996623,502.94645399996625,0.0,0.0,0.0
37.13999999996622,502.95645399996624,0.0,0.0,0.0
37.14999999996621,502.96645399996623,0.0,0.0,0.0
37.1599999999662,502.9764539999662,0.0,0.0,0.0
37.169999999966194,502.9864539999662,0.0,0.0,0.0
37.179999999966185,502.9964539999662,0.0,0.0,0.0
37.189999999966176,503.0064539999662,0.0,0.0,0.0
37.19999999996617,503.0164539999662,0.0,0.0,0.0
37.20999999996616,503.0264539999662,0.0,0.0,0.0
37.21999999996615,503.03645399996617,0.0,0.0,0.0
37.22999999996614,503.04645399996616,0.0,0.0,0.0
37.23999999996613,503.05645399996615,0.0,0.0,0.0
37.24999999996612,503.06645399996614,0.0,0.0,0.0
37.25999999996611,503.07645399996613,0.0,0.0,0.0
37.2699999999661,503.0864539999661,0.0,0.0,0.0
37.279999999966094,503.0964539999661,0.0,0.0,0.0
37.289999999966085,503.1064539999661,0.0,0.0,0.0
37.299999999966076,503.1164539999661,0.0,0.0,0.0
37.30999999996607,503.1264539999661,0.0,0.0,0.0
37.31999999996606,503.1364539999661,0.0,0.0,0.0
37.32999999996605,503.14645399996607,0.0,0.0,0.0
37.33999999996604,503.15645399996606,0.0,0.0,0.0
37.34999999996603,503.16645399996605,0.0,0.0,0.0
37.35999999996602,503.17645399996604,0.0,0.0,0.0
37.36999999996601,503.18645399996603,0.0,0.0,0.0
37.379999999966,503.196453999966,0.0,0.0,0.0
37.389999999965994,503.206453999966,0.0,0.0,0.0
37.399999999965985,503.216453999966,0.0,0.0,0.0
37.409999999965976,503.226453999966,0.0,0.0,0.0
37.41999999996597,503.236453999966,0.0,0.0,0.0
37.42999999996596,503.246453999966,0.0,0.0,0.0
37.43999999996595,503.25645399996597,0.0,0.0,0.0
37.44999999996594,503.26645399996596,0.0,0.0,0.0
37.45999999996593,503.27645399996595,0.0,0.0,0.0
37.46999999996592,503.28645399996594,0.0,0.0,0.0
37.47999999996591,503.29645399996593,0.0,0.0,0.0
37.4899999999659,503.3064539999659,0.0,0.0,0.0
37.499999999965894,503.3164539999659,0.0,0.0,0.0
37.509999999965885,503.3264539999659,0.0,0.0,0.0
37.519999999965876,503.3364539999659,0.0,0.0,0.0
37.52999999996587,503.3464539999659,0.0,0.0,0.0
37.53999999996586,503.3564539999659,0.0,0.0,0.0
37.54999999996585,503.36645399996587,0.0,0.0,0.0
37.55999999996584,503.37645399996586,0.0,0.0,0.0
37.56999999996583,503.38645399996585,0.0,0.0,0.0
37.57999999996582,503.39645399996584,0.0,0.0,0.0
37.58999999996581,503.40645399996583,0.0,0.0,0.0
37.5999999999658,503.4164539999658,0.0,0.0,0.0
37.609999999965794,503.4264539999658,0.0,0.0,0.0
37.619999999965785,503.4364539999658,0.0,0.0,0.0
37.629999999965776,503.4464539999658,0.0,0.0,0.0
37.63999999996577,503.4564539999658,0.0,0.0,0.0
37.64999999996576,503.4664539999658,0.0,0.0,0.0
37.65999999996575,503.47645399996577,0.0,0.0,0.0
37.66999999996574,503.48645399996576,0.0,0.0,0.0
37.67999999996573,503.49645399996575,0.0,0.0,0.0
37.68999999996572,503.50645399996574,0.0,0.0,0.0
37.69999999996571,503.51645399996573,0.0,0.0,0.0
37.7099999999657,503.5264539999657,0.0,0.0,0.0
37.719999999965694,503.5364539999657,0.0,0.0,0.0
37.729999999965685,503.5464539999657,0.0,0.0,0.0
37.739999999965676,503.5564539999657,0.0,0.0,0.0
37.74999999996567,503.5664539999657,0.0,0.0,0.0
37.75999999996566,503.5764539999657,0.0,0.0,0.0
37.76999999996565,503.58645399996567,0.0,0.0,0.0
37.77999999996564,503.59645399996566,0.0,0.0,0.0
37.78999999996563,503.60645399996565,0.0,0.0,0.0
37.79999999996562,503.61645399996564,0.0,0.0,0.0
37.80999999996561,503.62645399996563,0.0,0.0,0.0
37.8199999999656,503.6364539999656,0.0,0.0,0.0
37.829999999965594,503.6464539999656,0.0,0.0,0.0
37.839999999965585,503.6564539999656,0.0,0.0,0.0
37.849999999965576,503.6664539999656,0.0,0.0,0.0
37.85999999996557,503.6764539999656,0.0,0.0,0.0
37.86999999996556,503.6864539999656,0.0,0.0,0.0
37.87999999996555,503.69645399996557,0.0,0.0,0.0
37.88999999996554,503.70645399996556,0.0,0.0,0.0
37.89999999996553,503.71645399996555,0.0,0.0,0.0
37.90999999996552,503.72645399996554,0.0,0.0,0.0
37.91999999996551,503.73645399996553,0.0,0.0,0.0
37.9299999999655,503.7464539999655,0.0,0.0,0.0
37.939999999965494,503.7564539999655,0.0,0.0,0.0
37.949999999965485,503.7664539999655,0.0,0.0,0.0
37.959999999965476,503.7764539999655,0.0,0.0,0.0
37.96999999996547,503.7864539999655,0.0,0.0,0.0
37.97999999996546,503.7964539999655,0.0,0.0,0.0
37.98999999996545,503.80645399996547,0.0,0.0,0.0
37.99999999996544,503.81645399996546,0.0,0.0,0.0
38.00999999996543,503.82645399996545,0.0,0.0,0.0
38.01999999996542,503.83645399996544,0.0,0.0,0.0
38.02999999996541,503.84645399996543,0.0,0.0,0.0
38.0399999999654,503.8564539999654,0.0,0.0,0.0
38.049999999965394,503.8664539999654,0.0,0.0,0.0
38.059999999965385,503.8764539999654,0.0,0.0,0.0
38.069999999965376,503.8864539999654,0.0,0.0,0.0
38.079999999965366,503.8964539999654,0.0,0.0,0.0
38.08999999996536,503.9064539999654,0.0,0.0,0.0
38.09999999996535,503.91645399996537,0.0,0.0,0.0
38.10999999996534,503.92645399996536,0.0,0.0,0.0
38.11999999996533,503.93645399996535,0.0,0.0,0.0
38.12999999996532,503.94645399996534,0.0,0.0,0.0
38.13999999996531,503.95645399996533,0.0,0.0,0.0
38.1499999999653,503.9664539999653,0.0,0.0,0.0
38.159999999965294,503.9764539999653,0.0,0.11856966536811224,0.0
38.169999999965285,503.9864539999653,0.0,0.611787914442927,0.0
38.179999999965275,503.9964539999653,0.0,1.1050061635177417,0.0
38.189999999965266,504.0064539999653,0.0,1.5982244125925564,0.0
38.19999999996526,504.0164539999653,0.0,2.0914426616673714,0.0
38.20999999996525,504.02645399996527,0.0,2.584660910742186,0.0
38.21999999996524,504.03645399996526,0.0,3.0778791598170008,0.0
38.22999999996523,504.04645399996525,0.0,3.5710974088918155,0.0
38.23999999996522,504.05645399996524,0.0,4.06431565796663,0.0
38.24999999996521,504.06645399996523,0.0,4.557533907041445,0.0
38.2599999999652,504.0764539999652,0.0,5.05075215611626,0.0
38.269999999965194,504.0864539999652,0.0,5.543970405191074,0.0
38.279999999965185,504.0964539999652,0.0,6.037188654265889,0.0
38.289999999965175,504.1064539999652,0.0,6.530406903340705,0.0
38.299999999965166,504.1164539999652,0.0,7.023625152415519,0.0
38.30999999996516,504.1264539999652,0.0,7.516843401490334,0.0
38.31999999996515,504.13645399996517,0.0,8.010061650565149,0.0
38.32999999996514,504.14645399996516,0.0,8.503279899639963,0.0
38.33999999996513,504.15645399996515,0.0,8.996498148714778,0.0
38.34999999996512,504.16645399996514,0.0,9.489716397789593,0.0
38.35999999996511,504.17645399996513,0.0,9.982934646864408,0.0
38.3699999999651,504.1864539999651,0.0,11.818800191751652,10.0
38.379999999965094,504.1964539999651,0.0,13.70278630974681,10.0
38.389999999965084,504.2064539999651,0.0,15.586772427741966,10.0
38.399999999965075,504.2164539999651,0.0,17.47075854573712,10.0
38.409999999965066,504.2264539999651,0.0,19.354744663732276,10.0
38.41999999996506,504.2364539999651,0.0,21.238730781727433,10.0
38.42999999996505,504.24645399996507,0.0,23.12271689972259,10.0
38.43999999996504,504.25645399996506,0.0,25.006703017717747,10.0
38.44999999996503,504.26645399996505,0.0,26.890689135712904,10.0
38.45999999996502,504.27645399996504,0.0,28.77467525370806,10.0
38.46999999996501,504.28645399996503,0.0,30.658661371703218,10.0
38.479999999965,504.296453999965,0.0,32.54264748969837,10.0
38.48999999996499,504.306453999965,0.0,34.42663360769353,10.0
38.499999999964984,504.316453999965,0.0,36.31061972568868,10.0
38.509999999964975,504.326453999965,0.3987755030611414,38.194605843683846,10.0
38.519999999964966,504.336453999965,2.4083412255942993,40.078591961678995,10.0
38.52999999996496,504.346453999965,4.330721642273386,41.96257807967416,10.0
38.53999999996495,504.35645399996497,6.0,43.84656419766931,10.0
38.54999999996494,504.36645399996496,6.198415838116773,45.730550315664466,10.0
38.55999999996493,504.37645399996495,7.367922698542906,47.61453643365962,10.0
38.56999999996492,504.38645399996494,9.273832592948745,47.76344981516824,48.0
38.57999999996491,504.39645399996493,11.024578309033796,47.466052045651786,48.0
38.5899999999649,504.4064539999649,12.190399996495389,47.16865427613533,48.0
38.59999999996489,504.4164539999649,12.804717952312535,46.87125650661888,48.0
38.609999999964884,504.4264539999649,11.789853661957322,46.57385873710243,48.0
38.619999999964875,504.4364539999649,10.816038650734038,46.276460967585976,48.0
38.629999999964866,504.4464539999649,9.83555555926732,45.979063198069525,48.0
38.63999999996486,504.4564539999649,9.0,45.68166542855307,48.0
38.64999999996485,504.46645399996487,9.0,45.38426765903662,48.0
38.65999999996484,504.47645399996486,8.844853559422104,45.086869889520166,48.0
38.66999999996483,504.48645399996485,8.008033475741767,44.789472120003715,48.0
38.67999999996482,504.49645399996484,5.705945951376055,44.492074350487265,48.0
38.68999999996481,504.50645399996483,4.161544406974647,44.19467658097081,48.0
38.6999999999648,504.5164539999648,2.8461417350530196,43.897278811454356,48.0
38.70999999996479,504.5264539999648,2.058740160250293,43.599881041937905,48.0
38.719999999964784,504.5364539999648,1.7397894786174743,43.302483272421455,48.0
38.729999999964775,504.5464539999648,0.33628070668932963,43.005085502905004,48.0
38.739999999964766,504.5564539999648,0.0,42.707687733388546,48.0
38.74999999996476,504.5664539999648,0.0,42.410289963872096,48.0
38.75999999996475,504.57645399996477,0.0,42.112892194355645,48.0
38.76999999996474,504.58645399996476,0.0,41.35455041238325,42.0
38.77999999996473,504.59645399996475,0.0,40.31417389516833,42.0
38.78999999996472,504.60645399996474,0.0,39.273797377953414,42.0
38.79999999996471,504.61645399996473,0.0,38.2334208607385,42.0
38.8099999999647,504.6264539999647,0.0,37.19304434352358,42.0
38.81999999996469,504.6364539999647,0.0,36.152667826308665,42.0
38.829999999964684,504.6464539999647,0.0,35.11229130909375,42.0
38.839999999964675,504.6564539999647,0.0,34.07191479187883,42.0
38.849999999964666,504.6664539999647,0.0,33.031538274663916,42.0
38.85999999996466,504.6764539999647,0.0,31.991161757449,42.0
38.86999999996465,504.68645399996467,0.0,30.950785240234083,42.0
38.87999999996464,504.69645399996466,0.0,29.910408723019167,42.0
38.88999999996463,504.70645399996465,0.0,28.87003220580425,42.0
38.89999999996462,504.71645399996464,0.0,27.829655688589334,42.0
38.90999999996461,504.72645399996463,0.0,26.789279171374417,42.0
38.9199999999646,504.7364539999646,0.0,25.748902654159505,42.0
38.92999999996459,504.7464539999646,0.0,24.708526136944588,42.0
38.939999999964584,504.7564539999646,0.0,23.66814961972967,42.0
38.949999999964575,504.7664539999646,0.0,22.627773102514755,42.0
38.959999999964566,504.7764539999646,0.0,21.58739658529984,42.0
38.96999999996456,504.7864539999646,0.0,20.547356439321536,21.0
38.97999999996455,504.79645399996457,0.0,19.50775247892643,21.0
38.98999999996454,504.80645399996456,0.0,18.46814851853133,21.0
38.99999999996453,504.81645399996455,0.0,17.428544558136224,21.0
39.00999999996452,504.82645399996454,0.0,16.388940597741122,21.0
39.01999999996451,504.83645399996453,0.0,15.349336637346017,21.0
39.0299999999645,504.8464539999645,0.0,14.309732676950915,21.0
39.03999999996449,504.8564539999645,0.0,13.27012871655581,21.0
39.049999999964484,504.8664539999645,0.0,12.230524756160708,21.0
39.059999999964475,504.8764539999645,0.0,11.190920795765605,21.0
39.069999999964466,504.8864539999645,0.0,10.151316835370501,21.0
39.07999999996446,504.8964539999645,0.0,9.111712874975398,21.0
39.08999999996445,504.90645399996447,0.0,8.072108914580294,21.0
39.09999999996444,504.91645399996446,0.0,7.032504954185191,21.0
39.10999999996443,504.92645399996445,0.0,5.992900993790087,21.0
39.11999999996442,504.93645399996444,0.0,4.953297033394982,21.0
39.12999999996441,504.94645399996443,0.0,3.9136930729998802,21.0
39.1399999999644,504.9564539999644,0.0,2.874089112604775,21.0
39.14999999996439,504.9664539999644,0.0,1.8344851522096732,21.0
39.159999999964384,504.9764539999644,0.0,0.794881191814568,21.0
39.169999999964375,504.9864539999644,0.0,0.0,0.0
39.179999999964366,504.9964539999644,0.0,0.0,0.0
39.18999999996436,505.0064539999644,0.0,0.0,0.0
39.19999999996435,505.01645399996437,0.0,0.0,0.0
39.20999999996434,505.02645399996436,0.0,0.0,0.0
39.21999999996433,505.03645399996435,0.0,0.0,0.0
39.22999999996432,505.04645399996434,0.0,0.0,0.0
39.23999999996431,505.05645399996433,0.0,0.0,0.0
39.2499999999643,505.0664539999643,0.0,0.0,0.0
39.25999999996429,505.0764539999643,0.0,0.0,0.0
39.269999999964284,505.0864539999643,0.0,0.0,0.0
39.279999999964275,505.0964539999643,0.0,0.0,0.0
39.289999999964266,505.1064539999643,0.0,0.0,0.0
39.29999999996426,505.1164539999643,0.0,0.0,0.0
39.30999999996425,505.12645399996427,0.0,0.0,0.0
39.31999999996424,505.13645399996426,0.0,0.0,0.0
39.32999999996423,505.14645399996425,0.0,0.0,0.0
39.33999999996422,505.15645399996424,0.0,0.0,0.0
39.34999999996421,505.16645399996423,0.0,0.0,0.0
39.3599999999642,505.1764539999642,0.0,0.0,0.0
39.36999999996419,505.1864539999642,0.0,0.0,0.0
39.379999999964184,505.1964539999642,0.0,3.7498736547483613,0.0
39.389999999964175,505.2064539999642,0.0,7.614129290116962,0.0
39.399999999964166,505.2164539999642,0.0,11.478384925485562,0.0
39.40999999996416,505.2264539999642,0.0,15.342640560854164,0.0
39.41999999996415,505.23645399996417,0.0,19.206896196222765,0.0
39.42999999996414,505.24645399996416,0.0,23.071151831591365,0.0
39.43999999996413,505.25645399996415,0.0,26.935407466959965,0.0
39.44999999996412,505.26645399996414,1.0877999749259644,30.799663102328566,0.0
39.45999999996411,505.27645399996413,8.602061818699104,34.663918737697166,0.0
39.4699999999641,505.2864539999641,18.6769848922125,38.52817437306577,0.0
39.47999999996409,505.2964539999641,27.32452171419431,42.39243000843437,0.0
39.489999999964084,505.3064539999641,34.37581392012551,46.25668564380297,0.0
39.499999999964075,505.3164539999641,42.90957981384239,50.12094127917157,0.0
39.509999999964066,505.3264539999641,47.951596620549665,53.98519691454017,0.0
39.51999999996406,505.3364539999641,52.38765624158639,57.849452549908776,0.0
39.52999999996405,505.34645399996407,54.731406241579315,61.713708185277376,0.0
39.53999999996404,505.35645399996406,57.0,65.57796382064598,0.0
39.54999999996403,505.36645399996405,57.0,69.44221945601457,0.0
39.55999999996402,505.37645399996404,57.0,73.30647509138318,0.0
39.56999999996401,505.38645399996403,57.0,77.17073072675177,0.0
39.579999999964,505.396453999964,57.14178010094873,78.0,78.0
39.58999999996399,505.406453999964,58.18222221858771,78.0,78.0
39.599999999963984,505.416453999964,59.18666666314148,78.0,78.0
39.609999999963975,505.426453999964,60.17212120848821,78.0,78.0
39.619999999963966,505.436453999964,60.817777781413334,78.0,78.0
39.62999999996396,505.446453999964,59.8195260697638,78.0,78.0
39.63999999996395,505.45645399996397,58.85821989905638,78.0,78.0
39.64999999996394,505.46645399996396,57.832962966295554,78.0,78.0
39.65999999996393,505.47645399996395,57.0,78.0,78.0
39.66999999996392,505.48645399996394,57.0,78.0,78.0
39.67999999996391,505.49645399996393,57.11399999672506,78.0,78.0
39.6899999999639,505.5064539999639,58.026321239787016,78.0,78.0
39.69999999996389,505.5164539999639,59.06863635953609,78.0,78.0
39.709999999963884,505.5264539999639,60.15159663562607,78.0,78.0
39.719999999963875,505.5364539999639,60.991932770077284,78.0,78.0
39.729999999963866,505.5464539999639,59.74054902526592,78.0,78.0
39.73999999996386,505.5564539999639,58.17192157429182,78.0,78.0
39.74999999996385,505.56645399996387,55.8685106408591,78.0,78.0
39.75999999996384,505.57645399996386,55.15929078270296,78.0,78.0
39.76999999996383,505.58645399996385,55.36079999277773,78.0,78.0
39.77999999996382,505.59645399996384,57.309699564608465,76.50608868847992,78.0
39.78999999996381,505.60645399996383,59.0,74.0785434816458,78.0
39.7999999999638,505.6164539999638,59.0,71.65099827481168,78.0
39.80999999996379,505.6264539999638,58.646857149746374,69.22345306797756,78.0
39.819999999963784,505.6364539999638,56.71643979814847,66.79590786114343,78.0
39.829999999963775,505.6464539999638,54.81869347097088,64.36836265430932,78.0
39.839999999963766,505.6564539999638,53.45736586424772,61.9408174474752,78.0
39.84999999996376,505.6664539999638,51.0,59.51327224064107,78.0
39.85999999996375,505.67645399996377,51.0,57.085727033806954,78.0
39.86999999996374,505.68645399996376,48.0,54.658181826972836,78.0
39.87999999996373,505.69645399996375,47.724021171683965,52.23063662013871,78.0
39.88999999996372,505.70645399996374,45.258400014490924,49.803091413304585,78.0
39.89999999996371,505.71645399996373,41.48972478061313,47.37554620647047,78.0
39.9099999999637,505.7264539999637,38.43605913471807,44.94800099963635,78.0
39.91999999996369,505.7364539999637,32.559452074658815,42.520455792802224,78.0
39.929999999963684,505.7464539999637,27.080000019887617,40.092910585968106,78.0
39.939999999963675,505.7564539999637,21.057889469130398,37.66536537913399,78.0
39.949999999963666,505.7664539999637,15.96406781507382,35.23782017229986,78.0
39.95999999996366,505.7764539999637,6.368520748724837,32.810274965465744,78.0
39.96999999996365,505.78645399996367,0.6613825085615641,30.38272975863162,78.0
39.97999999996364,505.79645399996366,0.0,28.594666670088316,29.0
39.98999999996363,505.80645399996365,0.0,27.652907066619548,29.0
39.99999999996362,505.81645399996364,0.0,26.711147463150784,29.0
40.00999999996361,505.82645399996363,0.0,25.76938785968202,29.0
40.0199999999636,505.8364539999636,0.0,24.827628256213252,29.0
40.02999999996359,505.8464539999636,0.0,23.885868652744488,29.0
40.039999999963584,505.8564539999636,0.0,22.944109049275724,29.0
40.049999999963575,505.8664539999636,0.0,22.00234944580696,29.0
40.059999999963566,505.8764539999636,0.0,21.060589842338196,29.0
40.06999999996356,505.8864539999636,0.0,20.11883023886943,29.0
40.07999999996355,505.89645399996357,0.0,19.177070635400664,29.0
40.08999999996354,505.90645399996356,0.0,18.2353110319319,29.0
40.09999999996353,505.91645399996355,0.0,17.293551428463132,29.0
40.10999999996352,505.92645399996354,0.0,16.35179182499437,29.0
40.11999999996351,505.93645399996353,0.0,15.410032221525604,29.0
40.1299999999635,505.9464539999635,0.0,14.468272618056838,29.0
40.13999999996349,505.9564539999635,0.0,13.526513014588074,29.0
40.149999999963484,505.9664539999635,0.0,12.584753411119308,29.0
40.159999999963475,505.9764539999635,0.0,11.642993807650544,29.0
40.169999999963466,505.9864539999635,0.0,10.701234204181777,29.0
40.17999999996346,505.9964539999635,0.0,9.874063118171499,10.0
40.18999999996345,506.00645399996347,0.0,9.380966471229069,10.0
40.19999999996344,506.01645399996346,0.0,8.887869824286637,10.0
40.20999999996343,506.02645399996345,0.0,8.394773177344208,10.0
40.21999999996342,506.03645399996344,0.0,7.901676530401778,10.0
40.22999999996341,506.04645399996343,0.0,7.408579883459347,10.0
40.2399999999634,506.0564539999634,0.0,6.915483236516916,10.0
40.24999999996339,506.0664539999634,0.0,6.4223865895744865,10.0
40.259999999963384,506.0764539999634,0.0,5.929289942632056,10.0
40.269999999963375,506.0864539999634,0.0,5.436193295689626,10.0
40.279999999963366,506.0964539999634,0.0,4.943096648747195,10.0
40.28999999996336,506.1064539999634,0.0,4.4500000018047645,10.0
40.29999999996335,506.11645399996337,0.0,3.9569033548623347,10.0
40.30999999996334,506.12645399996336,0.0,3.463806707919904,10.0
40.31999999996333,506.13645399996335,0.0,2.970710060977474,10.0
40.32999999996332,506.14645399996334,0.0,2.4776134140350434,10.0
40.33999999996331,506.15645399996333,0.0,1.9845167670926127,10.0
40.3499999999633,506.1664539999633,0.0,1.4914201201501829,10.0
40.35999999996329,506.1764539999633,0.0,0.998323473207753,10.0
40.369999999963284,506.1864539999633,0.0,0.5052268262653214,10.0
40.379999999963275,506.1964539999633,0.0,0.012130179322891621,10.0
40.389999999963266,506.2064539999633,0.0,0.0,0.0
40.399999999963256,506.2164539999633,0.0,0.0,0.0
40.40999999996325,506.22645399996327,0.0,0.0,0.0
40.41999999996324,506.23645399996326,0.0,0.0,0.0
40.42999999996323,506.24645399996325,0.0,0.0,0.0
40.43999999996322,506.25645399996324,0.0,0.0,0.0
40.44999999996321,506.26645399996323,0.0,0.0,0.0
40.4599999999632,506.2764539999632,0.0,0.0,0.0
40.46999999996319,506.2864539999632,0.0,0.0,0.0
40.479999999963184,506.2964539999632,0.0,0.0,0.0
40.489999999963175,506.3064539999632,0.0,0.0,0.0
40.499999999963165,506.3164539999632,0.0,0.0,0.0
40.509999999963156,506.3264539999632,0.0,0.0,0.0
40.51999999996315,506.33645399996317,0.0,0.0,0.0
40.52999999996314,506.34645399996316,0.0,0.0,0.0
40.53999999996313,506.35645399996315,0.0,0.0,0.0
40.54999999996312,506.36645399996314,0.0,0.0,0.0
40.55999999996311,506.37645399996313,0.0,0.0,0.0
40.5699999999631,506.3864539999631,0.0,0.0,0.0
40.57999999996309,506.3964539999631,0.0,0.0,0.0
40.589999999963084,506.4064539999631,0.0,0.0,0.0
40.599999999963075,506.4164539999631,0.0,0.0,0.0
40.609999999963065,506.4264539999631,0.0,0.0,0.0
40.619999999963056,506.4364539999631,0.0,0.0,0.0
40.62999999996305,506.44645399996307,0.0,0.0,0.0
40.63999999996304,506.45645399996306,0.0,0.0,0.0
40.64999999996303,506.46645399996305,0.0,0.0,0.0
40.65999999996302,506.47645399996304,0.0,0.0,0.0
40.66999999996301,506.48645399996303,0.0,0.0,0.0
40.679999999963,506.496453999963,0.0,0.0,0.0
40.68999999996299,506.506453999963,0.0,0.0,0.0
40.699999999962984,506.516453999963,0.0,0.0,0.0
40.709999999962974,506.526453999963,0.0,0.0,0.0
40.719999999962965,506.536453999963,0.0,0.0,0.0
40.729999999962956,506.546453999963,0.0,0.0,0.0
40.73999999996295,506.55645399996297,0.0,0.0,0.0
40.74999999996294,506.56645399996296,0.0,0.0,0.0
40.75999999996293,506.57645399996295,0.0,0.0,0.0
40.76999999996292,506.58645399996294,0.0,0.0,0.0
40.77999999996291,506.59645399996293,0.0,0.0,0.0
40.7899999999629,506.6064539999629,0.0,0.0,0.0
40.79999999996289,506.6164539999629,0.0,0.0,0.0
40.80999999996288,506.6264539999629,0.0,0.0,0.0
40.819999999962874,506.6364539999629,0.0,0.0,0.0
40.829999999962865,506.6464539999629,0.0,0.0,0.0
40.839999999962856,506.6564539999629,0.0,0.0,0.0
40.84999999996285,506.66645399996287,0.0,0.0,0.0
40.85999999996284,506.67645399996286,0.0,0.0,0.0
40.86999999996283,506.68645399996285,0.0,0.0,0.0
40.87999999996282,506.69645399996284,0.0,0.0,0.0
40.88999999996281,506.70645399996283,0.0,0.0,0.0
40.8999999999628,506.7164539999628,0.0,0.0,0.0
40.90999999996279,506.7264539999628,0.0,0.0,0.0
40.91999999996278,506.7364539999628,0.0,0.0,0.0
40.929999999962774,506.7464539999628,0.0,0.0,0.0
40.939999999962765,506.7564539999628,0.0,0.0,0.0
40.949999999962756,506.7664539999628,0.0,0.0,0.0
40.95999999996275,506.77645399996277,0.0,0.0,0.0
40.96999999996274,506.78645399996276,0.0,0.0,0.0
40.97999999996273,506.79645399996275,0.0,0.0,0.0
40.98999999996272,506.80645399996274,0.0,0.0,0.0
40.99999999996271,506.81645399996273,0.0,0.0,0.0
41.0099999999627,506.8264539999627,0.0,0.0,0.0
41.01999999996269,506.8364539999627,0.0,0.0,0.0
41.02999999996268,506.8464539999627,0.0,0.0,0.0
41.039999999962674,506.8564539999627,0.0,0.0,0.0
41.049999999962665,506.8664539999627,0.0,0.0,0.0
41.059999999962656,506.8764539999627,0.0,0.0,0.0
41.06999999996265,506.88645399996267,0.0,0.0,0.0
41.07999999996264,506.89645399996266,0.0,0.0,0.0
41.08999999996263,506.90645399996265,0.0,0.0,0.0
41.09999999996262,506.91645399996264,0.0,0.0,0.0
41.10999999996261,506.92645399996263,0.0,0.0,0.0
41.1199999999626,506.9364539999626,0.0,0.0,0.0
41.12999999996259,506.9464539999626,0.0,0.0,0.0
41.13999999996258,506.9564539999626,0.0,0.0,0.0
41.149999999962574,506.9664539999626,0.0,0.0,0.0
41.159999999962565,506.9764539999626,0.0,0.0,0.0
41.169999999962556,506.9864539999626,0.0,0.0,0.0
41.17999999996255,506.99645399996257,0.0,0.0,0.0
41.18999999996254,507.00645399996256,0.0,0.0,0.0
41.19999999996253,507.01645399996255,0.0,0.0,0.0
41.20999999996252,507.02645399996254,0.0,0.0,0.0
41.21999999996251,507.03645399996253,0.0,0.0,0.0
41.2299999999625,507.0464539999625,0.0,0.0,0.0
41.23999999996249,507.0564539999625,0.0,0.0,0.0
41.24999999996248,507.0664539999625,0.0,0.0,0.0
41.259999999962474,507.0764539999625,0.0,0.0,0.0
41.269999999962465,507.0864539999625,0.0,0.0,0.0
41.279999999962456,507.0964539999625,0.0,0.0,0.0
41.28999999996245,507.10645399996247,0.0,0.0,0.0
41.29999999996244,507.11645399996246,0.0,0.0,0.0
41.30999999996243,507.12645399996245,0.0,0.0,0.0
41.31999999996242,507.13645399996244,0.0,0.0,0.0
41.32999999996241,507.14645399996243,0.0,0.0,0.0
41.3399999999624,507.1564539999624,0.0,0.0,0.0
41.34999999996239,507.1664539999624,0.0,0.0,0.0
41.35999999996238,507.1764539999624,0.0,0.0,0.0
41.369999999962374,507.1864539999624,0.0,0.0,0.0
41.379999999962365,507.1964539999624,0.0,0.0,0.0
41.389999999962356,507.2064539999624,0.0,0.0,0.0
41.39999999996235,507.21645399996237,0.0,0.0,0.0
41.40999999996234,507.22645399996236,0.0,0.0,0.0
41.41999999996233,507.23645399996235,0.0,0.0,0.0
41.42999999996232,507.24645399996234,0.0,0.0,0.0
41.43999999996231,507.25645399996233,0.0,0.0,0.0
41.4499999999623,507.2664539999623,0.0,0.0,0.0
41.45999999996229,507.2764539999623,0.0,0.0,0.0
41.46999999996228,507.2864539999623,0.0,0.0,0.0
41.479999999962274,507.2964539999623,0.0,0.0,0.0
41.489999999962265,507.3064539999623,0.0,0.0,0.0
41.499999999962256,507.3164539999623,0.0,0.0,0.0
41.50999999996225,507.32645399996227,0.0,0.0,0.0
41.51999999996224,507.33645399996226,0.0,0.0,0.0
41.52999999996223,507.34645399996225,0.0,0.0,0.0
41.53999999996222,507.35645399996224,0.0,0.0,0.0
41.54999999996221,507.36645399996223,0.0,0.0,0.0
41.5599999999622,507.3764539999622,0.0,0.0,0.0
41.56999999996219,507.3864539999622,0.0,0.0,0.0
41.57999999996218,507.3964539999622,0.0,0.0,0.0
41.589999999962174,507.4064539999622,0.0,0.0,0.0
41.599999999962165,507.4164539999622,0.0,0.0,0.0
41.609999999962156,507.4264539999622,0.0,0.0,0.0
41.61999999996215,507.43645399996217,0.0,0.0,0.0
41.62999999996214,507.44645399996216,0.0,0.0,0.0
41.63999999996213,507.45645399996215,0.0,0.0,0.0
41.64999999996212,507.46645399996214,0.0,0.0,0.0
41.65999999996211,507.47645399996213,0.0,0.0,0.0
41.6699999999621,507.4864539999621,0.0,0.0,0.0
41.67999999996209,507.4964539999621,0.0,0.0,0.0
41.68999999996208,507.5064539999621,0.0,0.0,0.0
41.699999999962074,507.5164539999621,0.0,0.0,0.0
41.709999999962065,507.5264539999621,0.0,0.0,0.0
41.719999999962056,507.5364539999621,0.0,0.0,0.0
41.72999999996205,507.54645399996207,0.0,0.0,0.0
41.73999999996204,507.55645399996206,0.0,0.0,0.0
41.74999999996203,507.56645399996205,0.0,0.0,0.0
41.75999999996202,507.57645399996204,0.0,0.0,0.0
41.76999999996201,507.58645399996203,0.0,0.0,0.0
41.779999999962,507.596453999962,0.0,0.0,0.0
41.78999999996199,507.606453999962,0.0,0.0,0.0
41.79999999996198,507.616453999962,0.0,0.0,0.0
41.809999999961974,507.626453999962,0.0,0.0,0.0
41.819999999961965,507.636453999962,0.0,0.0,0.0
41.829999999961956,507.646453999962,0.0,0.0,0.0
41.83999999996195,507.65645399996197,0.0,0.0,0.0
41.84999999996194,507.66645399996196,0.0,0.0,0.0
41.85999999996193,507.67645399996195,0.0,0.0,0.0
41.86999999996192,507.68645399996194,0.0,0.0,0.0
41.87999999996191,507.69645399996193,0.0,0.0,0.0
41.8899999999619,507.7064539999619,0.0,0.0,0.0
41.89999999996189,507.7164539999619,0.0,0.0,0.0
41.90999999996188,507.7264539999619,0.0,0.0,0.0
41.919999999961874,507.7364539999619,0.0,0.0,0.0
41.929999999961865,507.7464539999619,0.0,0.0,0.0
41.939999999961856,507.7564539999619,0.0,0.0,0.0
41.94999999996185,507.76645399996187,0.0,0.0,0.0
41.95999999996184,507.77645399996186,0.0,0.0,0.0
41.96999999996183,507.78645399996185,0.0,0.0,0.0
41.97999999996182,507.79645399996184,0.0,0.0,0.0
41.98999999996181,507.80645399996183,0.0,0.0,0.0
41.9999999999618,507.8164539999618,0.0,0.0,0.0
42.00999999996179,507.8264539999618,0.0,0.0,0.0
42.01999999996178,507.8364539999618,0.0,0.0,0.0
42.029999999961774,507.8464539999618,0.0,0.0,0.0
42.039999999961765,507.8564539999618,0.0,0.0,0.0
42.049999999961756,507.8664539999618,0.0,0.0,0.0
42.05999999996175,507.87645399996177,0.0,0.0,0.0
42.06999999996174,507.88645399996176,0.0,0.0,0.0
42.07999999996173,507.89645399996175,0.0,0.0,0.0
42.08999999996172,507.90645399996174,0.0,0.0,0.0
42.09999999996171,507.91645399996173,0.0,0.0,0.0
42.1099999999617,507.9264539999617,0.0,0.0,0.0
42.11999999996169,507.9364539999617,0.0,0.0,0.0
42.12999999996168,507.9464539999617,0.0,0.0,0.0
42.139999999961674,507.9564539999617,0.0,0.0,0.0
42.149999999961665,507.9664539999617,0.0,0.0,0.0
42.159999999961656,507.9764539999617,0.0,0.0,0.0
42.16999999996165,507.98645399996167,0.0,0.0,0.0
42.17999999996164,507.99645399996166,0.0,0.0,0.0
42.18999999996163,508.00645399996165,0.0,0.0,0.0
42.19999999996162,508.01645399996164,0.0,0.0,0.0
42.20999999996161,508.02645399996163,0.0,0.0,0.0
42.2199999999616,508.0364539999616,0.0,0.0,0.0
42.22999999996159,508.0464539999616,0.0,0.0,0.0
42.23999999996158,508.0564539999616,0.0,0.0,0.0
42.249999999961574,508.0664539999616,0.0,0.0,0.0
42.259999999961565,508.0764539999616,0.0,0.0,0.0
42.269999999961556,508.0864539999616,0.0,0.0,0.0
42.27999999996155,508.09645399996157,0.0,0.0,0.0
42.28999999996154,508.10645399996156,0.0,0.0,0.0
42.29999999996153,508.11645399996155,0.0,0.0,0.0
42.30999999996152,508.12645399996154,0.0,0.0,0.0
42.31999999996151,508.13645399996153,0.0,0.0,0.0
42.3299999999615,508.1464539999615,0.0,0.0,0.0
42.33999999996149,508.1564539999615,0.0,0.0,0.0
42.34999999996148,508.1664539999615,0.0,0.0,0.0
42.359999999961474,508.1764539999615,0.0,0.0,0.0
42.369999999961465,508.1864539999615,0.0,0.0,0.0
42.379999999961456,508.1964539999615,0.0,0.0,0.0
42.38999999996145,508.20645399996147,0.0,0.0,0.0
42.39999999996144,508.21645399996146,0.0,0.0,0.0
42.40999999996143,508.22645399996145,0.0,0.0,0.0
42.41999999996142,508.23645399996144,0.0,0.0,0.0
42.42999999996141,508.24645399996143,0.0,0.0,0.0
42.4399999999614,508.2564539999614,0.0,0.0,0.0
42.44999999996139,508.2664539999614,0.0,0.0,0.0
42.45999999996138,508.2764539999614,0.0,0.0,0.0
42.469999999961374,508.2864539999614,0.0,0.0,0.0
42.479999999961365,508.2964539999614,0.0,0.0,0.0
42.489999999961356,508.3064539999614,0.0,0.0,0.0
42.49999999996135,508.31645399996137,0.0,0.0,0.0
42.50999999996134,508.32645399996136,0.0,0.0,0.0
42.51999999996133,508.33645399996135,0.0,0.0,0.0
42.52999999996132,508.34645399996134,0.0,0.0,0.0
42.53999999996131,508.35645399996133,0.0,0.0,0.0
42.5499999999613,508.3664539999613,0.0,0.0,0.0
42.55999999996129,508.3764539999613,0.0,0.0,0.0
42.56999999996128,508.3864539999613,0.0,0.0,0.0
42.579999999961274,508.3964539999613,0.0,0.0,0.0
42.589999999961265,508.4064539999613,0.0,0.0,0.0
42.599999999961256,508.4164539999613,0.0,0.0,0.0
42.609999999961246,508.42645399996127,0.0,0.0,0.0
42.61999999996124,508.43645399996126,0.0,0.0,0.0
42.62999999996123,508.44645399996125,0.0,0.0,0.0
42.63999999996122,508.45645399996124,0.0,0.0,0.0
42.64999999996121,508.46645399996123,0.0,0.0,0.0
42.6599999999612,508.4764539999612,0.0,0.0,0.0
42.66999999996119,508.4864539999612,0.0,0.0,0.0
42.67999999996118,508.4964539999612,0.0,0.0,0.0
42.689999999961174,508.5064539999612,0.0,0.0,0.0
42.699999999961165,508.5164539999612,0.0,0.0,0.0
42.709999999961155,508.5264539999612,0.0,0.0,0.0
42.719999999961146,508.53645399996117,0.0,0.0,0.0
42.72999999996114,508.54645399996116,0.0,0.0,0.0
42.73999999996113,508.55645399996115,0.0,0.0,0.0
42.74999999996112,508.56645399996114,0.0,0.0,0.0
42.75999999996111,508.57645399996113,0.0,0.0,0.0
42.7699999999611,508.5864539999611,0.0,0.0,0.0
42.77999999996109,508.5964539999611,0.0,0.0,0.0
42.78999999996108,508.6064539999611,0.0,0.0,0.0
42.799999999961074,508.6164539999611,0.0,0.0,0.0
42.809999999961065,508.6264539999611,0.0,0.0,0.0
42.819999999961055,508.6364539999611,0.0,0.0,0.0
42.829999999961046,508.64645399996107,0.0,0.0,0.0
42.83999999996104,508.65645399996106,0.0,0.0,0.0
42.84999999996103,508.66645399996105,0.0,0.0,0.0
42.85999999996102,508.67645399996104,0.0,0.0,0.0
42.86999999996101,508.68645399996103,0.0,0.0,0.0
42.879999999961,508.696453999961,0.0,0.0,0.0
42.88999999996099,508.706453999961,0.0,0.0,0.0
42.89999999996098,508.716453999961,0.0,0.0,0.0
42.909999999960974,508.726453999961,0.0,0.0,0.0
42.919999999960964,508.736453999961,0.0,0.0,0.0
42.929999999960955,508.746453999961,0.0,0.0,0.0
42.939999999960946,508.75645399996097,0.0,0.0,0.0
42.94999999996094,508.76645399996096,0.0,0.0,0.0
42.95999999996093,508.77645399996095,0.0,0.0,0.0
42.96999999996092,508.78645399996094,0.0,0.0,0.0
42.97999999996091,508.79645399996093,0.0,0.0,0.0
42.9899999999609,508.8064539999609,0.0,0.0,0.0
42.99999999996089,508.8164539999609,0.0,0.0,0.0
43.00999999996088,508.8264539999609,0.0,0.0,0.0
43.01999999996087,508.8364539999609,0.0,0.0,0.0
43.029999999960864,508.8464539999609,0.0,0.0,0.0
43.039999999960855,508.8564539999609,0.0,0.0,0.0
43.049999999960846,508.86645399996087,0.0,0.0,0.0
43.05999999996084,508.87645399996086,0.0,0.0,0.0
43.06999999996083,508.88645399996085,0.0,0.0,0.0
43.07999999996082,508.89645399996084,0.0,0.0,0.0
43.08999999996081,508.90645399996083,0.0,0.0,0.0
43.0999999999608,508.9164539999608,0.0,0.0,0.0
43.10999999996079,508.9264539999608,0.0,0.0,0.0
43.11999999996078,508.9364539999608,0.0,0.0,0.0
43.12999999996077,508.9464539999608,0.0,0.0,0.0
43.139999999960764,508.9564539999608,0.0,0.0,0.0
43.149999999960755,508.9664539999608,0.0,0.0,0.0
43.159999999960746,508.97645399996077,0.0,0.0,0.0
43.16999999996074,508.98645399996076,0.0,0.0,0.0
43.17999999996073,508.99645399996075,0.0,0.0,0.0
43.18999999996072,509.00645399996074,0.0,0.0,0.0
43.19999999996071,509.01645399996073,0.0,0.0,0.0
43.2099999999607,509.0264539999607,0.0,0.0,0.0
43.21999999996069,509.0364539999607,0.0,0.0,0.0
43.22999999996068,509.0464539999607,0.0,0.0,0.0
43.23999999996067,509.0564539999607,0.0,0.0,0.0
43.249999999960664,509.0664539999607,0.0,0.0,0.0
43.259999999960655,509.0764539999607,0.0,0.0,0.0
43.269999999960646,509.08645399996067,0.0,0.0,0.0
43.27999999996064,509.09645399996066,0.0,0.0,0.0
43.28999999996063,509.10645399996065,0.0,0.0,0.0
43.29999999996062,509.11645399996064,0.0,0.0,0.0
43.30999999996061,509.12645399996063,0.0,0.0,0.0
43.3199999999606,509.1364539999606,0.0,0.0,0.0
43.32999999996059,509.1464539999606,0.0,0.0,0.0
43.33999999996058,509.1564539999606,0.0,0.0,0.0
43.34999999996057,509.1664539999606,0.0,0.0,0.0
43.359999999960564,509.1764539999606,0.0,0.0,0.0
43.369999999960555,509.1864539999606,0.0,0.0,0.0
43.379999999960546,509.19645399996057,0.0,0.0,0.0
43.38999999996054,509.20645399996056,0.0,0.0,0.0
43.39999999996053,509.21645399996055,0.0,0.0,0.0
43.40999999996052,509.22645399996054,0.0,0.0,0.0
43.41999999996051,509.23645399996053,0.0,0.0,0.0
43.4299999999605,509.2464539999605,0.0,0.0,0.0
43.43999999996049,509.2564539999605,0.0,0.0,0.0
43.44999999996048,509.2664539999605,0.0,0.0,0.0
43.45999999996047,509.2764539999605,0.0,0.0,0.0
43.469999999960464,509.2864539999605,0.0,0.0,0.0
43.479999999960455,509.2964539999605,0.0,0.0,0.0
43.489999999960446,509.30645399996047,0.0,0.0,0.0
43.49999999996044,509.31645399996046,0.0,0.0,0.0
43.50999999996043,509.32645399996045,0.0,0.0,0.0
43.51999999996042,509.33645399996044,0.0,0.0,0.0
43.52999999996041,509.34645399996043,0.0,0.0,0.0
43.5399999999604,509.3564539999604,0.0,0.0,0.0
43.54999999996039,509.3664539999604,0.0,0.0,0.0
43.55999999996038,509.3764539999604,0.0,0.0,0.0
43.56999999996037,509.3864539999604,0.0,0.0,0.0
43.579999999960364,509.3964539999604,0.0,0.0,0.0
43.589999999960355,509.4064539999604,0.0,0.0,0.0
43.599999999960346,509.41645399996037,0.0,0.0,0.0
43.60999999996034,509.42645399996036,0.0,0.0,0.0
43.61999999996033,509.43645399996035,0.0,0.0,0.0
43.62999999996032,509.44645399996034,0.0,0.0,0.0
43.63999999996031,509.45645399996033,0.0,0.0,0.0
43.6499999999603,509.4664539999603,0.0,0.0,0.0
43.65999999996029,509.4764539999603,0.0,0.0,0.0
43.66999999996028,509.4864539999603,0.0,0.0,0.0
43.67999999996027,509.4964539999603,0.0,0.0,0.0
43.689999999960264,509.5064539999603,0.0,0.0,0.0
43.699999999960255,509.5164539999603,0.0,0.0,0.0
43.709999999960246,509.52645399996027,0.0,0.0,0.0
43.71999999996024,509.53645399996026,0.0,0.0,0.0
43.72999999996023,509.54645399996025,0.0,0.0,0.0
43.73999999996022,509.55645399996024,0.0,0.0,0.0
43.74999999996021,509.56645399996023,0.0,0.0,0.0
43.7599999999602,509.5764539999602,0.0,0.0,0.0
43.76999999996019,509.5864539999602,0.0,0.0,0.0
43.77999999996018,509.5964539999602,0.0,0.0,0.0
43.78999999996017,509.6064539999602,0.0,0.0,0.0
43.799999999960164,509.6164539999602,0.0,0.0,0.0
43.809999999960155,509.6264539999602,0.0,0.0,0.0
43.819999999960146,509.63645399996017,0.0,0.0,0.0
43.82999999996014,509.64645399996016,0.0,0.0,0.0
43.83999999996013,509.65645399996015,0.0,0.0,0.0
43.84999999996012,509.66645399996014,0.0,0.0,0.0
43.85999999996011,509.67645399996013,0.0,0.0,0.0
43.8699999999601,509.6864539999601,0.0,0.0,0.0
43.87999999996009,509.6964539999601,0.0,0.0,0.0
43.88999999996008,509.7064539999601,0.0,0.0,0.0
43.89999999996007,509.7164539999601,0.0,0.0,0.0
43.909999999960064,509.7264539999601,0.0,0.0,0.0
43.919999999960055,509.7364539999601,0.0,0.0,0.0
43.929999999960046,509.74645399996007,0.0,0.0,0.0
43.93999999996004,509.75645399996006,0.0,0.0,0.0
43.94999999996003,509.76645399996005,0.0,0.0,0.0
43.95999999996002,509.77645399996004,0.0,0.0,0.0
43.96999999996001,509.78645399996003,0.0,0.0,0.0
43.97999999996,509.79645399996,0.0,0.0,0.0
43.98999999995999,509.80645399996,0.0,0.0,0.0
43.99999999995998,509.81645399996,0.0,0.0,0.0
44.00999999995997,509.82645399996,0.0,0.0,0.0
44.019999999959964,509.83645399996,0.0,0.0,0.0
44.029999999959955,509.84645399996,0.0,0.0,0.0
44.039999999959946,509.85645399995997,0.0,0.0,0.0
44.04999999995994,509.86645399995996,0.0,0.0,0.0
44.05999999995993,509.87645399995995,0.0,0.0,0.0
44.06999999995992,509.88645399995994,0.0,0.0,0.0
44.07999999995991,509.89645399995993,0.0,0.0,0.0
44.0899999999599,509.9064539999599,0.0,0.0,0.0
44.09999999995989,509.9164539999599,0.0,0.0,0.0
44.10999999995988,509.9264539999599,0.0,0.0,0.0
44.11999999995987,509.9364539999599,0.0,0.0,0.0
44.129999999959864,509.9464539999599,0.0,0.0,0.0
44.139999999959855,509.9564539999599,0.0,0.0,0.0
44.149999999959846,509.96645399995987,0.0,0.0,0.0
44.15999999995984,509.97645399995986,0.0,0.0,0.0
44.16999999995983,509.98645399995985,0.0,0.0,0.0
44.17999999995982,509.99645399995984,0.0,0.0,0.0
44.18999999995981,510.00645399995983,0.0,0.0,0.0
44.1999999999598,510.0164539999598,0.0,0.0,0.0
44.20999999995979,510.0264539999598,0.0,0.0,0.0
44.21999999995978,510.0364539999598,0.0,0.0,0.0
44.22999999995977,510.0464539999598,0.0,0.0,0.0
44.239999999959764,510.0564539999598,0.0,0.0,0.0
44.249999999959755,510.0664539999598,0.0,0.0,0.0
44.259999999959746,510.07645399995977,0.0,0.0,0.0
44.26999999995974,510.08645399995976,0.0,0.0,0.0
44.27999999995973,510.09645399995975,0.0,0.0,0.0
44.28999999995972,510.10645399995974,0.0,0.0,0.0
44.29999999995971,510.11645399995973,0.0,0.0,0.0
44.3099999999597,510.1264539999597,0.0,0.0,0.0
44.31999999995969,510.1364539999597,0.0,0.0,0.0
44.32999999995968,510.1464539999597,0.0,0.0,0.0
44.33999999995967,510.1564539999597,0.0,0.0,0.0
44.349999999959664,510.1664539999597,0.0,0.0,0.0
44.359999999959655,510.1764539999597,0.0,0.0,0.0
44.369999999959646,510.18645399995967,0.0,0.0,0.0
44.37999999995964,510.19645399995966,0.0,0.0,0.0
44.38999999995963,510.20645399995965,0.0,0.0,0.0
44.39999999995962,510.21645399995964,0.0,0.0,0.0
44.40999999995961,510.22645399995963,0.0,0.0,0.0
44.4199999999596,510.2364539999596,0.0,0.0,0.0
44.42999999995959,510.2464539999596,0.0,0.0,0.0
44.43999999995958,510.2564539999596,0.0,0.0,0.0
44.44999999995957,510.2664539999596,0.0,0.0,0.0
44.459999999959564,510.2764539999596,0.0,0.0,0.0
44.469999999959555,510.2864539999596,0.0,0.0,0.0
44.479999999959546,510.29645399995957,0.0,0.0,0.0
44.48999999995954,510.30645399995956,0.0,0.0,0.0
44.49999999995953,510.31645399995955,0.0,0.0,0.0
44.50999999995952,510.32645399995954,0.0,0.0,0.0
44.51999999995951,510.33645399995953,0.0,0.0,0.0
44.5299999999595,510.3464539999595,0.0,0.0,0.0
44.53999999995949,510.3564539999595,0.0,0.0,0.0
44.54999999995948,510.3664539999595,0.0,0.0,0.0
44.55999999995947,510.3764539999595,0.0,0.0,0.0
44.569999999959464,510.3864539999595,0.0,0.0,0.0
44.579999999959455,510.3964539999595,0.0,0.0,0.0
44.589999999959446,510.40645399995947,0.0,0.0,0.0
44.59999999995944,510.41645399995946,0.0,0.0,0.0
44.60999999995943,510.42645399995945,0.0,0.0,0.0
44.61999999995942,510.43645399995944,0.0,0.0,0.0
44.62999999995941,510.44645399995943,0.0,0.0,0.0
44.6399999999594,510.4564539999594,0.0,0.0,0.0
44.64999999995939,510.4664539999594,0.0,0.0,0.0
44.65999999995938,510.4764539999594,0.0,0.0,0.0
44.66999999995937,510.4864539999594,0.0,0.0,0.0
44.679999999959364,510.4964539999594,0.0,0.0,0.0
44.689999999959355,510.5064539999594,0.0,0.0,0.0
44.699999999959346,510.51645399995937,0.0,0.0,0.0
44.70999999995934,510.52645399995936,0.0,0.0,0.0
44.71999999995933,510.53645399995935,0.0,0.0,0.0
44.72999999995932,510.54645399995934,0.0,0.0,0.0
44.73999999995931,510.55645399995933,0.0,0.0,0.0
44.7499999999593,510.5664539999593,0.0,0.0,0.0
44.75999999995929,510.5764539999593,0.0,0.0,0.0
44.76999999995928,510.5864539999593,0.0,0.0,0.0
44.77999999995927,510.5964539999593,0.0,0.0,0.0
44.789999999959264,510.6064539999593,0.0,0.0,0.0
44.799999999959255,510.6164539999593,0.0,0.0,0.0
44.809999999959246,510.62645399995927,0.0,0.0,0.0
44.81999999995924,510.63645399995926,0.0,0.0,0.0
44.82999999995923,510.64645399995925,0.0,0.0,0.0
44.83999999995922,510.65645399995924,0.0,0.0,0.0
44.84999999995921,510.66645399995923,0.0,0.0,0.0
44.8599999999592,510.6764539999592,0.0,0.0,0.0
44.86999999995919,510.6864539999592,0.0,0.0,0.0
44.87999999995918,510.6964539999592,0.0,0.0,0.0
44.88999999995917,510.7064539999592,0.0,0.0,0.0
44.899999999959164,510.7164539999592,0.0,0.0,0.0
44.909999999959155,510.7264539999592,0.0,0.0,0.0
44.919999999959145,510.73645399995917,0.0,0.0,0.0
44.929999999959136,510.74645399995916,0.0,0.0,0.0
44.93999999995913,510.75645399995915,0.0,0.0,0.0
44.94999999995912,510.76645399995914,0.0,0.0,0.0
44.95999999995911,510.77645399995913,0.0,0.0,0.0
44.9699999999591,510.7864539999591,0.0,0.0,0.0
44.97999999995909,510.7964539999591,0.0,0.0,0.0
44.98999999995908,510.8064539999591,0.0,0.0,0.0
44.99999999995907,510.8164539999591,0.0,0.0,0.0
45.009999999959064,510.8264539999591,0.0,0.0,0.0
45.019999999959055,510.8364539999591,0.0,0.0,0.0
45.029999999959045,510.84645399995907,0.0,0.0,0.0
45.039999999959036,510.85645399995906,0.0,0.0,0.0
45.04999999995903,510.86645399995905,0.0,0.0,0.0
45.05999999995902,510.87645399995904,0.0,0.0,0.0
45.06999999995901,510.88645399995903,0.0,0.0,0.0
45.079999999959,510.896453999959,0.0,0.0,0.0
45.08999999995899,510.906453999959,0.0,0.0,0.0
45.09999999995898,510.916453999959,0.0,0.0,0.0
45.10999999995897,510.926453999959,0.0,0.0,0.0
45.119999999958964,510.936453999959,0.0,0.0,0.0
45.129999999958955,510.946453999959,0.0,0.0,0.0
45.139999999958945,510.95645399995897,0.0,0.0,0.0
45.149999999958936,510.96645399995896,0.0,0.0,0.0
45.15999999995893,510.97645399995895,0.0,0.0,0.0
45.16999999995892,510.98645399995894,0.0,0.0,0.0
45.17999999995891,510.99645399995893,0.0,0.0,0.0
45.1899999999589,511.0064539999589,0.0,0.0,0.0
45.19999999995889,511.0164539999589,0.0,0.0,0.0
45.20999999995888,511.0264539999589,0.0,0.0,0.0
45.21999999995887,511.0364539999589,0.0,0.0,0.0
45.229999999958864,511.0464539999589,0.0,0.0,0.0
45.239999999958854,511.0564539999589,0.0,0.0,0.0
45.249999999958845,511.06645399995887,0.0,0.0,0.0
45.259999999958836,511.07645399995886,0.0,0.0,0.0
45.26999999995883,511.08645399995885,0.0,0.0,0.0
45.27999999995882,511.09645399995884,0.0,0.0,0.0
45.28999999995881,511.10645399995883,0.0,0.0,0.0
45.2999999999588,511.1164539999588,0.0,0.0,0.0
45.30999999995879,511.1264539999588,0.0,0.0,0.0
45.31999999995878,511.1364539999588,0.0,0.0,0.0
45.32999999995877,511.1464539999588,0.0,0.0,0.0
45.33999999995876,511.1564539999588,0.0,0.0,0.0
45.349999999958754,511.1664539999588,0.0,0.0,0.0
45.359999999958745,511.17645399995877,0.0,0.0,0.0
45.369999999958736,511.18645399995876,0.0,0.0,0.0
45.37999999995873,511.19645399995875,0.0,0.0,0.0
45.38999999995872,511.20645399995874,0.0,0.0,0.0
45.39999999995871,511.21645399995873,0.0,0.0,0.0
45.4099999999587,511.2264539999587,0.0,0.0,0.0
45.41999999995869,511.2364539999587,0.0,0.0,0.0
45.42999999995868,511.2464539999587,0.0,0.0,0.0
45.43999999995867,511.2564539999587,0.0,0.0,0.0
45.44999999995866,511.2664539999587,0.0,0.0,0.0
45.459999999958654,511.2764539999587,0.0,0.0,0.0
45.469999999958645,511.28645399995867,0.0,0.0,0.0
45.479999999958636,511.29645399995866,0.0,0.0,0.0
45.48999999995863,511.30645399995865,0.0,0.0,0.0
45.49999999995862,511.31645399995864,0.0,0.0,0.0
45.50999999995861,511.32645399995863,0.0,0.0,0.0
45.5199999999586,511.3364539999586,0.0,0.0,0.0
45.52999999995859,511.3464539999586,0.0,0.0,0.0
45.53999999995858,511.3564539999586,0.0,0.0,0.0
45.54999999995857,511.3664539999586,0.0,0.0,0.0
45.55999999995856,511.3764539999586,0.0,0.0,0.0
45.569999999958554,511.3864539999586,0.0,0.0,0.0
45.579999999958545,511.39645399995857,0.0,0.0,0.0
45.589999999958536,511.40645399995856,0.0,0.0,0.0
45.59999999995853,511.41645399995855,0.0,0.0,0.0
45.60999999995852,511.42645399995854,0.0,0.0,0.0
45.61999999995851,511.43645399995853,0.0,0.0,0.0
45.6299999999585,511.4464539999585,0.0,0.0,0.0
45.63999999995849,511.4564539999585,0.0,1.3342715479804725,0.0
45.64999999995848,511.4664539999585,0.0,3.2668780891086273,0.0
45.65999999995847,511.4764539999585,0.0,5.199484630236783,0.0
45.66999999995846,511.4864539999585,0.0,7.132091171364937,0.0
45.679999999958454,511.4964539999585,0.0,9.064697712493093,0.0
45.689999999958445,511.50645399995847,0.0,10.997304253621246,0.0
45.699999999958436,511.51645399995846,0.0,12.929910794749402,0.0
45.70999999995843,511.52645399995845,0.0,14.862517335877557,0.0
45.71999999995842,511.53645399995844,0.0,16.79512387700571,0.0
45.72999999995841,511.54645399995843,0.0,18.727730418133866,0.0
45.7399999999584,511.5564539999584,0.0,20.660336959262022,0.0
45.74999999995839,511.5664539999584,0.0,22.592943500390177,0.0
45.75999999995838,511.5764539999584,0.0,24.525550041518333,0.0
45.76999999995837,511.5864539999584,0.0,26.458156582646488,0.0
45.77999999995836,511.5964539999584,0.0,28.39076312377464,0.0
45.789999999958354,511.6064539999584,0.0,30.323369664902796,0.0
45.799999999958345,511.61645399995837,0.0,32.25597620603095,0.0
45.809999999958336,511.62645399995836,0.0,34.1885827471591,0.0
45.81999999995833,511.63645399995835,0.0,36.12118928828726,0.0
45.82999999995832,511.64645399995834,0.0,38.053795829415414,0.0
45.83999999995831,511.65645399995833,0.0,39.02529863672045,39.0
45.8499999999583,511.6664539999583,0.0,39.07486493163986,39.0
45.85999999995829,511.6764539999583,0.0,39.12443122655927,39.0
45.86999999995828,511.6864539999583,0.0,39.173997521478675,39.0
45.87999999995827,511.6964539999583,0.0,39.223563816398084,39.0
45.88999999995826,511.7064539999583,0.0,39.27313011131749,39.0
45.899999999958254,511.7164539999583,0.0,39.3226964062369,39.0
45.909999999958245,511.72645399995827,0.0,39.37226270115631,39.0
45.919999999958236,511.73645399995826,0.0,39.42182899607572,39.0
45.92999999995823,511.74645399995825,0.0,39.471395290995126,39.0
45.93999999995822,511.75645399995824,0.0,39.520961585914534,39.0
45.94999999995821,511.76645399995823,0.0,39.57052788083394,39.0
45.9599999999582,511.7764539999582,0.0,39.62009417575335,39.0
45.96999999995819,511.7864539999582,0.0,39.66966047067276,39.0
45.97999999995818,511.7964539999582,0.0,39.71922676559217,39.0
45.98999999995817,511.8064539999582,0.0,39.76879306051158,39.0
45.99999999995816,511.8164539999582,0.0,39.81835935543099,39.0
46.009999999958154,511.8264539999582,0.0,39.8679256503504,39.0
46.019999999958145,511.83645399995817,0.0,39.91749194526981,39.0
46.029999999958136,511.84645399995816,0.0,39.96705824018922,39.0
46.03999999995813,511.85645399995815,0.0,40.19944499255689,40.0
46.04999999995812,511.86645399995814,0.0,40.79409315905786,40.0
46.05999999995811,511.87645399995813,0.0,41.38874132555883,40.0
46.0699999999581,511.8864539999581,0.0,41.9833894920598,40.0
46.07999999995809,511.8964539999581,0.0,42.578037658560774,40.0
46.08999999995808,511.9064539999581,2.0314396854561023,43.17268582506174,40.0
46.09999999995807,511.9164539999581,2.8096498021894787,43.767333991562715,40.0
46.10999999995806,511.9264539999581,3.0,44.36198215806368,40.0
46.119999999958054,511.9364539999581,3.0,44.95663032456466,40.0
46.129999999958045,511.94645399995807,2.999605915458493,45.551278491065624,40.0
46.139999999958036,511.95645399995806,2.0143842405835217,46.1459266575666,40.0
46.14999999995803,511.96645399995805,0.0711557704653597,46.740574824067565,40.0
46.15999999995802,511.97645399995804,2.039414630053983,47.33522299056854,40.0
46.16999999995801,511.98645399995803,3.0157948674932,47.929871157069506,40.0
46.179999999958,511.996453999958,4.078829260107529,48.52451932357048,40.0
46.18999999995799,512.006453999958,6.0,49.11916749007145,40.0
46.19999999995798,512.016453999958,6.0,49.71381565657242,40.0
46.20999999995797,512.026453999958,9.14231154093072,50.308463823073396,40.0
46.21999999995796,512.036453999958,13.154641132269115,50.90311198957436,40.0
46.229999999957954,512.046453999958,16.982392328440945,51.49776015607533,40.0
46.239999999957945,512.056453999958,17.94350710502059,52.13775916889363,52.0
46.249999999957936,512.066453999958,18.0,53.024240331168286,52.0
46.25999999995793,512.076453999958,18.0,53.91072149344295,52.0
46.26999999995792,512.0864539999579,18.0,54.79720265571761,52.0
46.27999999995791,512.0964539999579,19.022078847025313,55.683683817992275,52.0
46.2899999999579,512.1064539999579,20.45577060329409,56.57016498026694,52.0
46.29999999995789,512.1164539999579,22.0,57.456646142541594,52.0
46.30999999995788,512.1264539999579,22.0,58.34312730481626,52.0
46.31999999995787,512.1364539999579,21.15209040023568,59.22960846709092,52.0
46.32999999995786,512.1464539999579,22.03642856390662,60.11608962936558,52.0
46.339999999957854,512.1564539999579,23.822142849632506,61.00257079164024,52.0
46.349999999957845,512.1664539999579,26.021333324697455,61.8890519539149,52.0
46.359999999957836,512.1764539999579,28.0,62.775533116189564,52.0
46.36999999995783,512.1864539999578,28.0100970832913,63.66201427846423,52.0
46.37999999995782,512.1964539999578,28.980970869695422,64.54849544073889,52.0
46.38999999995781,512.2064539999578,30.103609743758163,65.43497660301355,52.0
46.3999999999578,512.2164539999578,33.031199987369874,66.32145776528822,52.0
46.40999999995779,512.2264539999578,36.031999987011574,67.20793892756288,52.0
46.41999999995778,512.2364539999578,39.0,68.09442008983754,52.0
46.42999999995777,512.2464539999578,39.0,68.98090125211219,52.0
46.43999999995776,512.2564539999578,39.0,69.86738241438685,52.0
46.449999999957754,512.2664539999578,39.0267841372553,70.33754403206504,70.0
46.459999999957745,512.2764539999578,39.907841405968675,70.73446787230284,70.0
46.469999999957736,512.2864539999578,42.00855966730756,71.13139171254063,70.0
46.47999999995773,512.2964539999577,42.83160493479519,71.52831555277844,70.0
46.48999999995772,512.3064539999577,43.0,71.92523939301623,70.0
46.49999999995771,512.3164539999577,43.0,72.32216323325403,70.0
46.5099999999577,512.3264539999577,43.047315168519496,72.71908707349183,70.0
46.51999999995769,512.3364539999577,44.60373540198625,73.11601091372962,70.0
46.52999999995768,512.3464539999577,46.974569525224894,73.51293475396743,70.0
46.53999999995767,512.3564539999577,48.05931706492401,73.90985859420522,70.0
46.54999999995766,512.3664539999577,49.98951457132317,74.30678243444302,70.0
46.559999999957654,512.3764539999577,48.047766998514916,74.70370627468083,70.0
46.569999999957645,512.3864539999577,48.0,75.10063011491862,70.0
46.579999999957636,512.3964539999577,48.0,75.49755395515642,70.0
46.58999999995763,512.4064539999576,48.03183672173659,75.89447779539421,70.0
46.59999999995762,512.4164539999576,51.0,76.29140163563201,70.0
46.60999999995761,512.4264539999576,51.0,76.68832547586982,70.0
46.6199999999576,512.4364539999576,51.0,77.0852493161076,70.0
46.62999999995759,512.4464539999576,51.0,77.48217315634541,70.0
46.63999999995758,512.4564539999576,51.0,77.8790969965832,70.0
46.64999999995757,512.4664539999576,51.0,77.58648166753275,78.0
46.65999999995756,512.4764539999576,52.0,76.99183350103196,78.0
46.669999999957554,512.4864539999576,52.0,76.39718533453116,78.0
46.679999999957545,512.4964539999576,51.02142076965744,75.80253716803036,78.0
46.689999999957536,512.5064539999576,50.16561702488336,75.20788900152955,78.0
46.69999999995753,512.5164539999575,48.11602340173162,74.61324083502875,78.0
46.70999999995752,512.5264539999575,48.0,74.01859266852794,78.0
46.71999999995751,512.5364539999575,50.0,73.42394450202714,78.0
46.7299999999575,512.5464539999575,50.0,72.82929633552634,78.0
46.73999999995749,512.5564539999575,50.9557575628825,72.23464816902553,78.0
46.74999999995748,512.5664539999575,50.99540425893003,71.64000000252473,78.0
46.75999999995747,512.5764539999575,50.14434042914403,71.04535183602393,78.0
46.76999999995746,512.5864539999575,47.99958974795169,70.45070366952312,78.0
46.779999999957454,512.5964539999575,46.92742858356501,69.85605550302232,78.0
46.789999999957445,512.6064539999575,44.07028572641906,69.26140733652151,78.0
46.799999999957436,512.6164539999575,40.997948739758435,68.66675917002071,78.0
46.80999999995743,512.6264539999574,35.90087806535769,68.07211100351991,78.0
46.81999999995742,512.6364539999574,31.999080469546893,67.4774628370191,78.0
46.82999999995741,512.6464539999574,29.700229894840056,66.8828146705183,78.0
46.8399999999574,512.6564539999574,24.97275110285252,66.2881665040175,78.0
46.84999999995739,512.6664539999574,22.352663766603037,65.38703667503339,66.0
46.85999999995738,512.6764539999574,18.02114944488719,64.19774034203178,66.0
46.86999999995737,512.6864539999574,14.945600011354536,63.00844400903018,66.0
46.87999999995736,512.6964539999574,12.278933344694607,61.81914767602857,66.0
46.889999999957354,512.7064539999574,8.999669425011788,60.629851343026964,66.0
46.899999999957345,512.7164539999574,8.173223144015239,59.440555010025356,66.0
46.909999999957336,512.7264539999574,7.036097566166804,58.25125867702375,66.0
46.91999999995733,512.7364539999573,7.752248058711578,57.06196234402214,66.0
46.92999999995732,512.7464539999573,7.976666673133352,55.87266601102054,66.0
46.93999999995731,512.7564539999573,6.461515157981315,54.683369678018934,66.0
46.9499999999573,512.7664539999573,3.142191798357177,53.49407334501733,66.0
46.95999999995729,512.7764539999573,0.0,52.30477701201572,66.0
46.96999999995728,512.7864539999573,0.0,51.11548067901411,66.0
46.97999999995727,512.7964539999573,0.0,49.926184346012505,66.0
46.98999999995726,512.8064539999573,0.0,48.7368880130109,66.0
46.999999999957254,512.8164539999573,0.0,47.54759168000929,66.0
47.009999999957245,512.8264539999573,0.0,46.35829534700768,66.0
47.019999999957236,512.8364539999573,0.0,45.168999014006076,66.0
47.02999999995723,512.8464539999572,0.0,43.979702681004476,66.0
47.03999999995722,512.8564539999572,0.0,42.79040634800287,66.0
47.04999999995721,512.8664539999572,0.0,42.09974721062303,42.0
47.0599999999572,512.8764539999572,0.0,42.397144980139565,42.0
47.06999999995719,512.8864539999572,0.0,42.6945427496561,42.0
47.07999999995718,512.8964539999572,0.0,42.99194051917264,42.0
47.08999999995717,512.9064539999572,0.0,43.28933828868917,42.0
47.09999999995716,512.9164539999572,0.0,43.58673605820571,42.0
47.109999999957154,512.9264539999572,0.0,43.884133827722245,42.0
47.119999999957145,512.9364539999572,0.0,44.18153159723878,42.0
47.129999999957136,512.9464539999572,0.0,44.47892936675532,42.0
47.139999999957126,512.9564539999571,0.0,44.77632713627185,42.0
47.14999999995712,512.9664539999571,0.0,45.07372490578839,42.0
47.15999999995711,512.9764539999571,0.0,45.371122675304925,42.0
47.1699999999571,512.9864539999571,0.04379145699321288,45.66852044482146,42.0
47.17999999995709,512.9964539999571,2.887393352734245,45.965918214338,42.0
47.18999999995708,513.0064539999571,3.0,46.26331598385453,42.0
47.19999999995707,513.0164539999571,3.9903999957154976,46.56071375337107,42.0
47.20999999995706,513.0264539999571,5.990753760229654,46.858111522887604,42.0
47.219999999957054,513.0364539999571,8.971343270792495,47.15550929240414,42.0
47.229999999957045,513.0464539999571,13.044067778434286,47.452907061920676,42.0
47.239999999957035,513.0564539999571,17.281355914025873,47.75030483143721,42.0
47.249999999957026,513.066453999957,22.71818179376804,48.426890082216595,48.0
47.25999999995702,513.076453999957,27.05098037112956,51.08829964357446,48.0
47.26999999995701,513.086453999957,31.95294115541269,53.749709204932316,48.0
47.279999999957,513.096453999957,35.961599982816516,56.41111876629017,48.0
47.28999999995699,513.106453999957,39.040173901820665,59.07252832764804,48.0
47.29999999995698,513.116453999957,41.64886955400232,61.7339378890059,48.0
47.30999999995697,513.126453999957,43.978057133037936,64.39534745036376,48.0
47.31999999995696,513.136453999957,46.486359821834576,67.05675701172161,48.0
47.329999999956954,513.146453999957,50.92790121335907,69.71816657307949,48.0
47.339999999956945,513.156453999957,53.795460980702394,72.37957613443734,48.0
47.349999999956935,513.166453999957,59.1695651862025,75.0409856957952,48.0
47.359999999956926,513.176453999957,62.222761495477975,77.70239525715306,48.0
47.36999999995692,513.1864539999569,65.95885712439795,80.36380481851091,48.0
47.37999999995691,513.1964539999569,69.04078429685907,83.02521437986877,48.0
47.3899999999569,513.2064539999569,72.96235292428557,85.68662394122664,48.0
47.39999999995689,513.2164539999569,75.97119998707828,88.3480335025845,48.0
47.40999999995688,513.2264539999569,79.01980951559575,91.00944306394236,48.0
47.41999999995687,513.2364539999569,80.92457142035971,93.67085262530023,48.0
47.42999999995686,513.2464539999569,84.94010254643665,96.33226218665808,48.0
47.439999999956854,513.2564539999569,89.97676765500768,98.99367174801594,48.0
47.449999999956844,513.2664539999569,93.37423727352925,101.6550813093738,48.0
47.459999999956835,513.2764539999569,95.96481926670552,102.90644185020818,102.0
47.469999999956826,513.2864539999568,96.0,103.94785023106529,102.0
47.47999999995682,513.2964539999568,96.95517587506554,104.98925861192241,102.0
47.48999999995681,513.3064539999568,98.96989689831496,106.03066699277953,102.0
47.4999999999568,513.3164539999568,102.01807529937732,107.07207537363665,102.0
47.50999999995679,513.3264539999568,105.36535563408273,108.11348375449377,102.0
47.51999999995678,513.3364539999568,108.9469090752095,109.15489213535088,102.0
47.52999999995677,513.3464539999568,110.64920501369934,110.196300516208,102.0
47.53999999995676,513.3564539999568,112.77617976557686,111.23770889706512,102.0
47.54999999995675,513.3664539999568,112.30471042804855,112.27911727792224,102.0
47.559999999956744,513.3764539999568,111.01236640231518,113.32052565877936,102.0
47.569999999956735,513.3864539999568,113.30244273818947,114.36193403963648,102.0
47.579999999956726,513.3964539999567,114.0,115.40334242049359,102.0
47.58999999995672,513.4064539999567,117.01528300663472,116.44475080135071,102.0
47.59999999995671,513.4164539999567,119.84547168585937,117.48615918220783,102.0
47.6099999999567,513.4264539999567,120.0,118.52756756306495,102.0
47.61999999995669,513.4364539999567,121.00529411340942,119.56897594392206,102.0
47.62999999995668,513.4464539999567,121.98568627026604,120.61038432477918,102.0
47.63999999995667,513.4564539999567,122.0,121.6517927056363,102.0
47.64999999995666,513.4664539999567,120.07219513249998,122.69320108649342,102.0
47.65999999995665,513.4764539999567,118.04944724487677,122.65044598826944,123.0
47.669999999956644,513.4864539999567,117.01474747911989,122.15490584951877,123.0
47.679999999956635,513.4964539999567,117.0,121.6593657107681,123.0
47.689999999956626,513.5064539999566,117.9678260822434,121.16382557201743,123.0
47.69999999995662,513.5164539999566,119.65880341138667,120.66828543326676,123.0
47.70999999995661,513.5264539999566,120.0,120.17274529451609,123.0
47.7199999999566,513.5364539999566,120.0,119.67720515576542,123.0
47.72999999995659,513.5464539999566,117.03182321881106,119.18166501701475,123.0
47.73999999995658,513.5564539999566,114.85472925127262,118.68612487826408,123.0
47.74999999995657,513.5664539999566,112.396291402224,118.19058473951341,123.0
47.75999999995656,513.5764539999566,110.11719558156854,117.69504460076274,123.0
47.76999999995655,513.5864539999566,109.00031007415205,117.19950446201207,123.0
47.779999999956544,513.5964539999566,109.77550387260426,116.7039643232614,123.0
47.789999999956535,513.6064539999566,110.9798620629792,116.20842418451073,123.0
47.799999999956526,513.6164539999565,111.0,115.71288404576006,123.0
47.80999999995652,513.6264539999565,109.1503030434641,115.2173439070094,123.0
47.81999999995651,513.6364539999565,106.04538861452892,114.72180376825872,123.0
47.8299999999565,513.6464539999565,102.99963636758531,114.22626362950805,123.0
47.83999999995649,513.6564539999565,102.09054545849253,113.73072349075738,123.0
47.84999999995648,513.6664539999565,101.04212766419687,113.23518335200671,123.0
47.85999999995647,513.6764539999565,100.00476684389008,112.47967319074088,113.0
47.86999999995646,513.6864539999565,99.02411765132263,111.4893290461516,113.0
47.87999999995645,513.6964539999565,97.02949495828571,110.4989849015623,113.0
47.889999999956444,513.7064539999565,95.99960784740708,109.50864075697301,113.0
47.899999999956435,513.7164539999565,95.01921569053953,108.51829661238372,113.0
47.909999999956426,513.7264539999564,93.08702439874168,107.52795246779442,113.0
47.91999999995642,513.7364539999564,90.99890910278695,106.53760832320513,113.0
47.92999999995641,513.7464539999564,88.27163637550858,105.54726417861583,113.0
47.9399999999564,513.7564539999564,85.04786886672619,104.55692003402655,113.0
47.94999999995639,513.7664539999564,83.33687764448989,103.56657588943726,113.0
47.95999999995638,513.7764539999564,81.12771930842905,102.57623174484796,113.0
47.96999999995637,513.7864539999564,81.0,101.58588760025867,113.0
47.97999999995636,513.7964539999564,81.0,100.59554345566939,113.0
47.98999999995635,513.8064539999564,81.0,99.60519931108009,113.0
47.999999999956344,513.8164539999564,80.02013793705217,98.6148551664908,113.0
48.009999999956335,513.8264539999564,77.79388060677347,97.62451102190151,113.0
48.019999999956326,513.8364539999563,74.31083335149586,96.63416687731221,113.0
48.02999999995632,513.8464539999563,72.02053476869312,95.64382273272292,113.0
48.03999999995631,513.8564539999563,70.0092462399303,94.65347858813362,113.0
48.0499999999563,513.8664539999563,69.0428846195833,93.66313444354434,113.0
48.05999999995629,513.8764539999563,68.0944075870754,91.47772110014284,93.0
48.06999999995628,513.8864539999563,65.99924529125771,86.87033938104692,93.0
48.07999999995627,513.8964539999563,64.11245283842104,82.26295766195099,93.0
48.08999999995626,513.9064539999563,63.0254922325093,77.65557594285507,93.0
48.09999999995625,513.9164539999563,61.01949239467089,73.04819422375914,93.0
48.109999999956244,513.9264539999563,57.116078448512134,68.44081250466321,93.0
48.119999999956235,513.9364539999563,52.02358976601488,63.83343078556729,93.0
48.129999999956226,513.9464539999562,43.045714329209275,59.226049066471354,93.0
48.13999999995622,513.9564539999562,35.036800035033735,54.61866734737543,93.0
48.14999999995621,513.9664539999562,24.22022476823703,50.0112856282795,93.0
48.1599999999562,513.9764539999562,15.607470854608644,45.403903909183576,93.0
48.16999999995619,513.9864539999562,2.449103514758267,40.79652219008765,93.0
48.17999999995618,513.9964539999562,0.46577075790447364,36.189140470991724,93.0
48.18999999995617,514.0064539999562,0.0,31.581758751895798,93.0
48.19999999995616,514.0164539999562,0.0,26.974377032799865,93.0
48.20999999995615,514.0264539999562,0.0,22.36699531370394,93.0
48.219999999956144,514.0364539999562,0.0,17.759613594608012,93.0
48.229999999956135,514.0464539999562,0.0,13.152231875512086,93.0
48.239999999956126,514.0564539999561,0.0,8.54485015641616,93.0
48.24999999995612,514.0664539999561,0.0,3.937468437320234,93.0
48.25999999995611,514.0764539999561,0.0,0.0,0.0
48.2699999999561,514.0864539999561,0.0,0.0,0.0
48.27999999995609,514.0964539999561,0.0,0.0,0.0
48.28999999995608,514.1064539999561,0.0,0.0,0.0
48.29999999995607,514.1164539999561,0.0,0.0,0.0
48.30999999995606,514.1264539999561,0.0,0.0,0.0
48.31999999995605,514.1364539999561,0.0,0.0,0.0
48.329999999956044,514.1464539999561,0.0,0.0,0.0
48.339999999956035,514.156453999956,0.0,0.0,0.0
48.349999999956026,514.166453999956,0.0,0.0,0.0
48.35999999995602,514.176453999956,0.0,0.0,0.0
48.36999999995601,514.186453999956,0.0,0.0,0.0
48.379999999956,514.196453999956,0.0,0.0,0.0
48.38999999995599,514.206453999956,0.0,0.0,0.0
48.39999999995598,514.216453999956,0.0,0.0,0.0
48.40999999995597,514.226453999956,0.0,0.0,0.0
48.41999999995596,514.236453999956,0.0,0.0,0.0
48.42999999995595,514.246453999956,0.0,0.0,0.0
48.439999999955944,514.256453999956,0.0,0.0,0.0
48.449999999955935,514.266453999956,0.0,0.0,0.0
48.459999999955926,514.276453999956,0.0,0.0,0.0
48.46999999995592,514.2864539999559,0.0,0.0,0.0
48.47999999995591,514.2964539999559,0.0,0.0,0.0
48.4899999999559,514.3064539999559,0.0,0.0,0.0
48.49999999995589,514.3164539999559,0.0,0.0,0.0
48.50999999995588,514.3264539999559,0.0,0.0,0.0
48.51999999995587,514.3364539999559,0.0,0.0,0.0
48.52999999995586,514.3464539999559,0.0,0.0,0.0
48.53999999995585,514.3564539999559,0.0,0.0,0.0
48.549999999955844,514.3664539999559,0.0,0.0,0.0
48.559999999955835,514.3764539999559,0.0,0.0,0.0
48.569999999955826,514.3864539999558,0.0,0.0,0.0
48.57999999995582,514.3964539999558,0.0,0.0,0.0
48.58999999995581,514.4064539999558,0.0,0.0,0.0
48.5999999999558,514.4164539999558,0.0,0.0,0.0
48.60999999995579,514.4264539999558,0.0,0.0,0.0
48.61999999995578,514.4364539999558,0.0,0.0,0.0
48.62999999995577,514.4464539999558,0.0,0.0,0.0
48.63999999995576,514.4564539999558,0.0,0.0,0.0
48.64999999995575,514.4664539999558,0.0,0.0,0.0
48.659999999955744,514.4764539999558,0.0,0.0,0.0
48.669999999955735,514.4864539999558,0.0,0.0,0.0
48.679999999955726,514.4964539999557,0.0,0.0,0.0
48.68999999995572,514.5064539999557,0.0,0.0,0.0
48.69999999995571,514.5164539999557,0.0,0.0,0.0
48.7099999999557,514.5264539999557,0.0,0.0,0.0
48.71999999995569,514.5364539999557,0.0,0.0,0.0
48.72999999995568,514.5464539999557,0.0,0.0,0.0
48.73999999995567,514.5564539999557,0.0,0.0,0.0
48.74999999995566,514.5664539999557,0.0,0.0,0.0
48.75999999995565,514.5764539999557,0.0,0.0,0.0
48.769999999955644,514.5864539999557,0.0,0.0,0.0
48.779999999955635,514.5964539999557,0.0,0.0,0.0
48.789999999955626,514.6064539999556,0.0,0.0,0.0
48.79999999995562,514.6164539999556,0.0,0.0,0.0
48.80999999995561,514.6264539999556,0.0,0.0,0.0
48.8199999999556,514.6364539999556,0.0,0.0,0.0
48.82999999995559,514.6464539999556,0.0,0.0,0.0
48.83999999995558,514.6564539999556,0.0,0.0,0.0
48.84999999995557,514.6664539999556,0.0,0.0,0.0
48.85999999995556,514.6764539999556,0.0,0.0,0.0
48.86999999995555,514.6864539999556,0.0,0.0,0.0
48.879999999955544,514.6964539999556,0.0,0.0,0.0
48.889999999955535,514.7064539999556,0.0,0.0,0.0
48.899999999955526,514.7164539999555,0.0,0.0,0.0
48.90999999995552,514.7264539999555,0.0,0.0,0.0
48.91999999995551,514.7364539999555,0.0,0.0,0.0
48.9299999999555,514.7464539999555,0.0,0.0,0.0
48.93999999995549,514.7564539999555,0.0,0.0,0.0
48.94999999995548,514.7664539999555,0.0,0.0,0.0
48.95999999995547,514.7764539999555,0.0,0.0,0.0
48.96999999995546,514.7864539999555,0.0,0.0,0.0
48.97999999995545,514.7964539999555,0.0,0.0,0.0
48.989999999955444,514.8064539999555,0.0,0.0,0.0
48.999999999955435,514.8164539999555,0.0,0.0,0.0
49.009999999955426,514.8264539999554,0.0,0.0,0.0
49.01999999995542,514.8364539999554,0.0,0.0,0.0
49.02999999995541,514.8464539999554,0.0,0.0,0.0
49.0399999999554,514.8564539999554,0.0,0.0,0.0
49.04999999995539,514.8664539999554,0.0,0.0,0.0
49.05999999995538,514.8764539999554,0.0,0.0,0.0
49.06999999995537,514.8864539999554,0.0,0.0,0.0
49.07999999995536,514.8964539999554,0.0,0.0,0.0
49.08999999995535,514.9064539999554,0.0,0.0,0.0
49.099999999955344,514.9164539999554,0.0,0.0,0.0
49.109999999955335,514.9264539999554,0.0,0.0,0.0
49.119999999955326,514.9364539999553,0.0,0.0,0.0
49.12999999995532,514.9464539999553,0.0,0.0,0.0
49.13999999995531,514.9564539999553,0.0,0.0,0.0
49.1499999999553,514.9664539999553,0.0,0.0,0.0
49.15999999995529,514.9764539999553,0.0,0.0,0.0
49.16999999995528,514.9864539999553,0.0,0.0,0.0
49.17999999995527,514.9964539999553,0.0,0.0,0.0
49.18999999995526,515.0064539999553,0.0,0.0,0.0
49.19999999995525,515.0164539999553,0.0,0.0,0.0
49.209999999955244,515.0264539999553,0.0,0.0,0.0
49.219999999955235,515.0364539999553,0.0,0.0,0.0
49.229999999955226,515.0464539999552,0.0,0.0,0.0
49.23999999995522,515.0564539999552,0.0,0.0,0.0
49.24999999995521,515.0664539999552,0.0,0.0,0.0
49.2599999999552,515.0764539999552,0.0,0.0,0.0
49.26999999995519,515.0864539999552,0.0,0.0,0.0
49.27999999995518,515.0964539999552,0.0,0.0,0.0
49.28999999995517,515.1064539999552,0.0,0.0,0.0
49.29999999995516,515.1164539999552,0.0,0.0,0.0
49.30999999995515,515.1264539999552,0.0,0.0,0.0
49.319999999955144,515.1364539999552,0.0,0.0,0.0
49.329999999955135,515.1464539999552,0.0,0.0,0.0
49.339999999955126,515.1564539999551,0.0,0.0,0.0
49.349999999955116,515.1664539999551,0.0,0.0,0.0
49.35999999995511,515.1764539999551,0.0,0.0,0.0
49.3699999999551,515.1864539999551,0.0,0.0,0.0
49.37999999995509,515.1964539999551,0.0,0.0,0.0
49.38999999995508,515.2064539999551,0.0,0.0,0.0
49.39999999995507,515.2164539999551,0.0,0.0,0.0
49.40999999995506,515.2264539999551,0.0,0.0,0.0
49.41999999995505,515.2364539999551,0.0,0.0,0.0
49.429999999955044,515.2464539999551,0.0,0.0,0.0
49.439999999955035,515.256453999955,0.0,0.0,0.0
49.449999999955025,515.266453999955,0.0,0.0,0.0
49.459999999955016,515.276453999955,0.0,0.0,0.0
49.46999999995501,515.286453999955,0.0,0.0,0.0
49.479999999955,515.296453999955,0.0,0.0,0.0
49.48999999995499,515.306453999955,0.0,0.0,0.0
49.49999999995498,515.316453999955,0.0,0.0,0.0
49.50999999995497,515.326453999955,0.0,0.0,0.0
49.51999999995496,515.336453999955,0.0,0.0,0.0
49.52999999995495,515.346453999955,0.0,0.0,0.0
49.539999999954944,515.356453999955,0.0,0.0,0.0
49.549999999954935,515.366453999955,0.0,0.0,0.0
49.559999999954925,515.376453999955,0.0,0.0,0.0
49.569999999954916,515.3864539999549,0.0,0.0,0.0
49.57999999995491,515.3964539999549,0.0,0.0,0.0
49.5899999999549,515.4064539999549,0.0,0.0,0.0
49.59999999995489,515.4164539999549,0.0,0.0,0.0
49.60999999995488,515.4264539999549,0.0,0.0,0.0
49.61999999995487,515.4364539999549,0.0,0.0,0.0
49.62999999995486,515.4464539999549,0.0,0.0,0.0
49.63999999995485,515.4564539999549,0.0,0.0,0.0
49.649999999954844,515.4664539999549,0.0,0.0,0.0
49.659999999954834,515.4764539999549,0.0,0.0,0.0
49.669999999954825,515.4864539999548,0.0,0.0,0.0
49.679999999954816,515.4964539999548,0.0,0.0,0.0
49.68999999995481,515.5064539999548,0.0,0.0,0.0
49.6999999999548,515.5164539999548,0.0,0.0,0.0
49.70999999995479,515.5264539999548,0.0,0.0,0.0
49.71999999995478,515.5364539999548,0.0,0.0,0.0
49.72999999995477,515.5464539999548,0.0,0.0,0.0
49.73999999995476,515.5564539999548,0.0,0.0,0.0
49.74999999995475,515.5664539999548,0.0,0.0,0.0
49.75999999995474,515.5764539999548,0.0,0.0,0.0
49.769999999954734,515.5864539999548,0.0,0.0,0.0
49.779999999954725,515.5964539999547,0.0,0.0,0.0
49.789999999954716,515.6064539999547,0.0,0.0,0.0
49.79999999995471,515.6164539999547,0.0,0.0,0.0
49.8099999999547,515.6264539999547,0.0,0.0,0.0
49.81999999995469,515.6364539999547,0.0,0.0,0.0
49.82999999995468,515.6464539999547,0.0,0.0,0.0
49.83999999995467,515.6564539999547,0.0,0.0,0.0
49.84999999995466,515.6664539999547,0.0,0.0,0.0
49.85999999995465,515.6764539999547,0.0,0.0,0.0
49.86999999995464,515.6864539999547,0.0,0.0,0.0
49.879999999954634,515.6964539999547,0.0,0.0,0.0
49.889999999954625,515.7064539999546,0.0,0.0,0.0
49.899999999954616,515.7164539999546,0.0,0.0,0.0
49.90999999995461,515.7264539999546,0.0,0.0,0.0
49.9199999999546,515.7364539999546,0.0,0.0,0.0
49.92999999995459,515.7464539999546,0.0,0.0,0.0
49.93999999995458,515.7564539999546,0.0,0.0,0.0
49.94999999995457,515.7664539999546,0.0,0.0,0.0
49.95999999995456,515.7764539999546,0.0,0.0,0.0
49.96999999995455,515.7864539999546,0.0,0.0,0.0
49.97999999995454,515.7964539999546,0.0,0.0,0.0
49.989999999954534,515.8064539999546,0.0,0.0,0.0
49.999999999954525,515.8164539999545,0.0,0.0,0.0
50.009999999954516,515.8264539999545,0.0,0.0,0.0
50.01999999995451,515.8364539999545,0.0,0.0,0.0
50.0299999999545,515.8464539999545,0.0,0.0,0.0
50.03999999995449,515.8564539999545,0.0,0.0,0.0
50.04999999995448,515.8664539999545,0.0,0.0,0.0
50.05999999995447,515.8764539999545,0.0,0.0,0.0
50.06999999995446,515.8864539999545,0.0,0.0,0.0
50.07999999995445,515.8964539999545,0.0,0.0,0.0
50.08999999995444,515.9064539999545,0.0,0.0,0.0
50.099999999954434,515.9164539999545,0.0,0.0,0.0
50.109999999954425,515.9264539999544,0.0,0.0,0.0
50.119999999954416,515.9364539999544,0.0,0.0,0.0
50.12999999995441,515.9464539999544,0.0,0.0,0.0
50.1399999999544,515.9564539999544,0.0,0.0,0.0
50.14999999995439,515.9664539999544,0.0,0.0,0.0
50.15999999995438,515.9764539999544,0.0,0.0,0.0
50.16999999995437,515.9864539999544,0.0,0.0,0.0
50.17999999995436,515.9964539999544,0.0,0.0,0.0
50.18999999995435,516.0064539999544,0.0,0.0,0.0
50.19999999995434,516.0164539999544,0.0,0.0,0.0
50.209999999954334,516.0264539999544,0.0,0.0,0.0
50.219999999954325,516.0364539999543,0.0,0.0,0.0
50.229999999954316,516.0464539999543,0.0,0.0,0.0
50.23999999995431,516.0564539999543,0.0,0.0,0.0
50.2499999999543,516.0664539999543,0.0,0.0,0.0
50.25999999995429,516.0764539999543,0.0,0.0,0.0
50.26999999995428,516.0864539999543,0.0,0.0,0.0
50.27999999995427,516.0964539999543,0.0,0.0,0.0
50.28999999995426,516.1064539999543,0.0,0.0,0.0
50.29999999995425,516.1164539999543,0.0,0.0,0.0
50.30999999995424,516.1264539999543,0.0,0.0,0.0
50.319999999954234,516.1364539999543,0.0,0.0,0.0
50.329999999954225,516.1464539999542,0.0,0.0,0.0
50.339999999954216,516.1564539999542,0.0,0.0,0.0
50.34999999995421,516.1664539999542,0.0,0.0,0.0
50.3599999999542,516.1764539999542,0.0,0.0,0.0
50.36999999995419,516.1864539999542,0.0,0.0,0.0
50.37999999995418,516.1964539999542,0.0,0.0,0.0
50.38999999995417,516.2064539999542,0.0,0.0,0.0
50.39999999995416,516.2164539999542,0.0,0.0,0.0
50.40999999995415,516.2264539999542,0.0,0.0,0.0
50.41999999995414,516.2364539999542,0.0,0.0,0.0
50.429999999954134,516.2464539999542,0.0,0.0,0.0
50.439999999954125,516.2564539999541,0.0,0.0,0.0
50.449999999954116,516.2664539999541,0.0,0.0,0.0
50.45999999995411,516.2764539999541,0.0,0.0,0.0
50.4699999999541,516.2864539999541,0.0,0.0,0.0
50.47999999995409,516.2964539999541,0.0,0.0,0.0
50.48999999995408,516.3064539999541,0.0,0.0,0.0
50.49999999995407,516.3164539999541,0.0,0.0,0.0
50.50999999995406,516.3264539999541,0.0,0.0,0.0
50.51999999995405,516.3364539999541,0.0,0.0,0.0
50.52999999995404,516.3464539999541,0.0,0.0,0.0
50.539999999954034,516.356453999954,0.0,0.0,0.0
50.549999999954025,516.366453999954,0.0,0.0,0.0
50.559999999954016,516.376453999954,0.0,0.0,0.0
50.56999999995401,516.386453999954,0.0,0.0,0.0
50.579999999954,516.396453999954,0.0,0.0,0.0
50.58999999995399,516.406453999954,0.0,0.0,0.0
50.59999999995398,516.416453999954,0.0,0.0,0.0
50.60999999995397,516.426453999954,0.0,0.0,0.0
50.61999999995396,516.436453999954,0.0,0.0,0.0
50.62999999995395,516.446453999954,0.0,0.0,0.0
50.63999999995394,516.456453999954,0.0,0.0,0.0
50.649999999953934,516.466453999954,0.0,0.0,0.0
50.659999999953925,516.476453999954,0.0,0.0,0.0
50.669999999953916,516.4864539999539,0.0,0.0,0.0
50.67999999995391,516.4964539999539,0.0,0.0,0.0
50.6899999999539,516.5064539999539,0.0,0.0,0.0
50.69999999995389,516.5164539999539,0.0,0.0,0.0
50.70999999995388,516.5264539999539,0.0,0.0,0.0
50.71999999995387,516.5364539999539,0.0,0.0,0.0
50.72999999995386,516.5464539999539,0.0,0.0,0.0
50.73999999995385,516.5564539999539,0.0,0.0,0.0
50.74999999995384,516.5664539999539,0.0,0.0,0.0
50.759999999953834,516.5764539999539,0.0,0.0,0.0
50.769999999953825,516.5864539999538,0.0,0.0,0.0
50.779999999953816,516.5964539999538,0.0,0.0,0.0
50.78999999995381,516.6064539999538,0.0,0.0,0.0
50.7999999999538,516.6164539999538,0.0,0.0,0.0
50.80999999995379,516.6264539999538,0.0,0.0,0.0
50.81999999995378,516.6364539999538,0.0,0.0,0.0
50.82999999995377,516.6464539999538,0.0,0.0,0.0
50.83999999995376,516.6564539999538,0.0,0.0,0.0
50.84999999995375,516.6664539999538,0.0,0.0,0.0
50.85999999995374,516.6764539999538,0.0,0.0,0.0
50.869999999953734,516.6864539999538,0.0,0.0,0.0
50.879999999953725,516.6964539999537,0.0,0.0,0.0
50.889999999953716,516.7064539999537,0.0,0.0,0.0
50.89999999995371,516.7164539999537,0.0,0.0,0.0
50.9099999999537,516.7264539999537,0.0,0.0,0.0
50.91999999995369,516.7364539999537,0.0,0.0,0.0
50.92999999995368,516.7464539999537,0.0,0.0,0.0
50.93999999995367,516.7564539999537,0.0,0.0,0.0
50.94999999995366,516.7664539999537,0.0,0.0,0.0
50.95999999995365,516.7764539999537,0.0,0.0,0.0
50.96999999995364,516.7864539999537,0.0,0.0,0.0
50.979999999953634,516.7964539999537,0.0,0.0,0.0
50.989999999953625,516.8064539999536,0.0,0.0,0.0
50.999999999953616,516.8164539999536,0.0,0.0,0.0
51.00999999995361,516.8264539999536,0.0,0.0,0.0
51.0199999999536,516.8364539999536,0.0,0.0,0.0
51.02999999995359,516.8464539999536,0.0,0.0,0.0
51.03999999995358,516.8564539999536,0.0,0.0,0.0
51.04999999995357,516.8664539999536,0.0,0.0,0.0
51.05999999995356,516.8764539999536,0.0,0.0,0.0
51.06999999995355,516.8864539999536,0.0,0.0,0.0
51.07999999995354,516.8964539999536,0.0,0.0,0.0
51.089999999953534,516.9064539999536,0.0,0.0,0.0
51.099999999953525,516.9164539999535,0.0,0.0,0.0
51.109999999953516,516.9264539999535,0.0,0.0,0.0
51.11999999995351,516.9364539999535,0.0,0.0,0.0
51.1299999999535,516.9464539999535,0.0,0.0,0.0
51.13999999995349,516.9564539999535,0.0,0.0,0.0
51.14999999995348,516.9664539999535,0.0,0.0,0.0
51.15999999995347,516.9764539999535,0.0,0.0,0.0
51.16999999995346,516.9864539999535,0.0,0.0,0.0
51.17999999995345,516.9964539999535,0.0,0.0,0.0
51.18999999995344,517.0064539999535,0.0,0.0,0.0
51.199999999953434,517.0164539999535,0.0,0.0,0.0
51.209999999953425,517.0264539999534,0.0,0.0,0.0
51.219999999953416,517.0364539999534,0.0,0.0,0.0
51.22999999995341,517.0464539999534,0.0,0.0,0.0
51.2399999999534,517.0564539999534,0.0,0.0,0.0
51.24999999995339,517.0664539999534,0.0,0.0,0.0
51.25999999995338,517.0764539999534,0.0,0.0,0.0
51.26999999995337,517.0864539999534,0.0,0.0,0.0
51.27999999995336,517.0964539999534,0.0,0.0,0.0
51.28999999995335,517.1064539999534,0.0,0.0,0.0
51.29999999995334,517.1164539999534,0.0,0.0,0.0
51.309999999953334,517.1264539999534,0.0,0.0,0.0
51.319999999953325,517.1364539999533,0.0,0.0,0.0
51.329999999953316,517.1464539999533,0.0,0.0,0.0
51.33999999995331,517.1564539999533,0.0,0.0,0.0
51.3499999999533,517.1664539999533,0.0,0.0,0.0
51.35999999995329,517.1764539999533,0.0,0.0,0.0
51.36999999995328,517.1864539999533,0.0,0.0,0.0
51.37999999995327,517.1964539999533,0.0,0.0,0.0
51.38999999995326,517.2064539999533,0.0,0.0,0.0
51.39999999995325,517.2164539999533,0.0,0.0,0.0
51.40999999995324,517.2264539999533,0.0,0.0,0.0
51.419999999953234,517.2364539999533,0.0,0.0,0.0
51.429999999953225,517.2464539999532,0.0,0.0,0.0
51.439999999953216,517.2564539999532,0.0,0.0,0.0
51.44999999995321,517.2664539999532,0.0,0.0,0.0
51.4599999999532,517.2764539999532,0.0,0.0,0.0
51.46999999995319,517.2864539999532,0.0,0.0,0.0
51.47999999995318,517.2964539999532,0.0,0.0,0.0
51.48999999995317,517.3064539999532,0.0,0.0,0.0
51.49999999995316,517.3164539999532,0.0,0.0,0.0
51.50999999995315,517.3264539999532,0.0,0.0,0.0
51.51999999995314,517.3364539999532,0.0,0.0,0.0
51.529999999953134,517.3464539999532,0.0,0.0,0.0
51.539999999953125,517.3564539999531,0.0,0.0,0.0
51.549999999953116,517.3664539999531,0.0,0.0,0.0
51.55999999995311,517.3764539999531,0.0,0.0,0.0
51.5699999999531,517.3864539999531,0.0,0.0,0.0
51.57999999995309,517.3964539999531,0.0,0.0,0.0
51.58999999995308,517.4064539999531,0.0,0.0,0.0
51.59999999995307,517.4164539999531,0.0,0.0,0.0
51.60999999995306,517.4264539999531,0.0,0.0,0.0
51.61999999995305,517.4364539999531,0.0,0.0,0.0
51.62999999995304,517.4464539999531,0.0,0.0,0.0
51.639999999953034,517.456453999953,0.0,0.0,0.0
51.649999999953025,517.466453999953,0.0,0.0,0.0
51.659999999953016,517.476453999953,0.0,0.0,0.0
51.669999999953006,517.486453999953,0.0,0.0,0.0
51.679999999953,517.496453999953,0.0,0.0,0.0
51.68999999995299,517.506453999953,0.0,0.0,0.0
51.69999999995298,517.516453999953,0.0,0.0,0.0
51.70999999995297,517.526453999953,0.0,0.0,0.0
51.71999999995296,517.536453999953,0.0,0.0,0.0
51.72999999995295,517.546453999953,0.0,0.0,0.0
51.73999999995294,517.556453999953,0.0,0.0,0.0
51.749999999952934,517.566453999953,0.0,0.0,0.0
51.759999999952925,517.576453999953,0.0,0.0,0.0
51.769999999952915,517.5864539999529,0.0,0.0,0.0
51.779999999952906,517.5964539999529,0.0,0.0,0.0
51.7899999999529,517.6064539999529,0.0,0.0,0.0
51.79999999995289,517.6164539999529,0.0,0.0,0.0
51.80999999995288,517.6264539999529,0.0,0.0,0.0
51.81999999995287,517.6364539999529,0.0,0.0,0.0
51.82999999995286,517.6464539999529,0.0,0.0,0.0
51.83999999995285,517.6564539999529,0.0,0.0,0.0
51.84999999995284,517.6664539999529,0.0,0.0,0.0
51.859999999952834,517.6764539999529,0.0,0.0,0.0
51.869999999952825,517.6864539999528,0.0,0.0,0.0
51.879999999952815,517.6964539999528,0.0,0.0,0.0
51.889999999952806,517.7064539999528,0.0,0.0,0.0
51.8999999999528,517.7164539999528,0.0,0.0,0.0
51.90999999995279,517.7264539999528,0.0,0.0,0.0
51.91999999995278,517.7364539999528,0.0,0.0,0.0
51.92999999995277,517.7464539999528,0.0,0.0,0.0
51.93999999995276,517.7564539999528,0.0,0.0,0.0
51.94999999995275,517.7664539999528,0.0,0.0,0.0
51.95999999995274,517.7764539999528,0.0,0.0,0.0
51.969999999952734,517.7864539999528,0.0,0.0,0.0
51.979999999952724,517.7964539999527,0.0,0.0,0.0
51.989999999952715,517.8064539999527,0.0,0.0,0.0
51.999999999952706,517.8164539999527,0.0,0.0,0.0
52.0099999999527,517.8264539999527,0.0,0.0,0.0
52.01999999995269,517.8364539999527,0.0,0.0,0.0
52.02999999995268,517.8464539999527,0.0,0.0,0.0
52.03999999995267,517.8564539999527,0.0,0.0,0.0
52.04999999995266,517.8664539999527,0.0,0.0,0.0
52.05999999995265,517.8764539999527,0.0,0.0,0.0
52.06999999995264,517.8864539999527,0.0,0.0,0.0
52.07999999995263,517.8964539999527,0.0,0.0,0.0
52.089999999952624,517.9064539999526,0.0,0.0,0.0
52.099999999952615,517.9164539999526,0.0,1.4608971243829991,0.0
52.109999999952606,517.9264539999526,0.0,6.8636232705970235,0.0
52.1199999999526,517.9364539999526,0.0,12.266349416811048,0.0
52.12999999995259,517.9464539999526,0.0,17.66907556302507,0.0
52.13999999995258,517.9564539999526,0.0,23.071801709239097,0.0
52.14999999995257,517.9664539999526,0.0,28.474527855453122,0.0
52.15999999995256,517.9764539999526,0.0,33.87725400166715,0.0
52.16999999995255,517.9864539999526,6.734117611244535,39.27998014788117,0.0
52.17999999995254,517.9964539999526,18.010994091106795,44.68270629409519,0.0
52.18999999995253,518.0064539999526,27.988031451298802,50.08543244030922,0.0
52.199999999952524,518.0164539999525,42.1541175634443,55.48815858652324,0.0
52.209999999952515,518.0264539999525,51.66490268312521,60.89088473273727,0.0
52.219999999952506,518.0364539999525,61.78222216946592,66.29361087895128,0.0
52.2299999999525,518.0464539999525,70.19515147676287,71.69633702516532,0.0
52.23999999995249,518.0564539999525,77.82767768910857,77.09906317137934,0.0
52.24999999995248,518.0664539999525,86.1191578547413,82.50178931759336,0.0
52.25999999995247,518.0764539999525,95.05859995725365,87.90451546380739,0.0
52.26999999995246,518.0864539999525,101.26705879561645,93.3072416100214,0.0
52.27999999995245,518.0964539999525,104.74635292626822,98.70996775623544,0.0
52.28999999995244,518.1064539999525,108.51916081923738,104.11269390244946,0.0
52.29999999995243,518.1164539999525,111.52971427212651,109.1129272446806,109.0
52.309999999952424,518.1264539999524,113.76804231799072,110.2966510424605,109.0
52.319999999952415,518.1364539999524,116.59339804441257,111.48037484024039,109.0
52.329999999952406,518.1464539999524,121.3454545214425,112.66409863802028,109.0
52.3399999999524,518.1564539999524,125.58927833092271,113.84782243580015,109.0
52.34999999995239,518.1664539999524,128.68776117982117,115.03154623358004,109.0
52.35999999995238,518.1764539999524,130.59892856293723,116.21527003135994,109.0
52.36999999995237,518.1864539999524,131.0,117.39899382913983,109.0
52.37999999995236,518.1964539999524,131.0,118.5827176269197,109.0
52.38999999995235,518.2064539999524,131.79141242399726,119.7664414246996,109.0
52.39999999995234,518.2164539999524,133.29944222349133,120.95016522247948,109.0
52.40999999995233,518.2264539999524,136.52812027927683,122.13388902025937,109.0
52.419999999952324,518.2364539999523,139.0427376317228,123.31761281803925,109.0
52.429999999952315,518.2464539999523,141.6823188267825,124.50133661581914,109.0
52.439999999952306,518.2564539999523,143.9713653031119,125.68506041359903,109.0
52.4499999999523,518.2664539999523,145.80511277478908,126.86878421137892,109.0
52.45999999995229,518.2764539999523,145.13821782649893,128.0525080091588,109.0
52.46999999995228,518.2864539999523,143.57195021538183,129.2362318069387,109.0
52.47999999995227,518.2964539999523,141.57521740166783,130.41995560471858,109.0
52.48999999995226,518.3064539999523,140.2825365900196,131.60367940249847,109.0
52.49999999995225,518.3164539999523,140.69307316608078,132.78740320027836,109.0
52.50999999995224,518.3264539999523,143.50756095814242,133.24236336639115,133.0
52.51999999995223,518.3364539999523,145.56633483298924,133.53778434128,133.0
52.529999999952224,518.3464539999522,146.73468598572504,133.83320531616886,133.0
52.539999999952215,518.3564539999522,149.54526314113292,134.1286262910577,133.0
52.549999999952206,518.3664539999522,150.0,134.42404726594657,133.0
52.5599999999522,518.3764539999522,150.0,134.71946824083543,133.0
52.56999999995219,518.3864539999522,150.0,135.01488921572428,133.0
52.57999999995218,518.3964539999522,149.14930481794215,135.31031019061314,133.0
52.58999999995217,518.4064539999522,149.58730375100336,135.605731165502,133.0
52.59999999995216,518.4164539999522,150.5530069863229,135.90115214039088,133.0
52.60999999995215,518.4264539999522,152.25999999115348,136.19657311527973,133.0
52.61999999995214,518.4364539999522,154.691267592164,136.4919940901686,133.0
52.62999999995213,518.4464539999522,155.0,136.78741506505744,133.0
52.639999999952124,518.4564539999521,154.16000000698187,137.0828360399463,133.0
52.649999999952115,518.4664539999521,153.10960000478246,137.37825701483516,133.0
52.659999999952106,518.4764539999521,150.3939512335226,137.673677989724,133.0
52.6699999999521,518.4864539999521,150.0,137.96909896461287,133.0
52.67999999995209,518.4964539999521,149.1463043530304,138.26451993950172,133.0
52.68999999995208,518.5064539999521,149.0,138.55994091439058,133.0
52.69999999995207,518.5164539999521,149.8741414093033,138.85536188927944,133.0
52.70999999995206,518.5264539999521,150.0,137.9118889541881,139.0
52.71999999995205,518.5364539999521,150.0,135.78000992592982,139.0
52.72999999995204,518.5464539999521,150.0,133.64813089767154,139.0
52.73999999995203,518.556453999952,149.11693878039998,131.51625186941325,139.0
52.749999999952024,518.566453999952,146.3958823670242,129.38437284115497,139.0
52.759999999952015,518.576453999952,143.35081634119996,127.2524938128967,139.0
52.769999999952006,518.586453999952,140.33045227575985,125.12061478463843,139.0
52.779999999952,518.596453999952,138.36623854090644,122.98873575638015,139.0
52.78999999995199,518.606453999952,138.0,120.85685672812187,139.0
52.79999999995198,518.616453999952,138.0,118.72497769986359,139.0
52.80999999995197,518.626453999952,138.0,116.59309867160532,139.0
52.81999999995196,518.636453999952,138.0,114.46121964334704,139.0
52.82999999995195,518.646453999952,136.62825176167328,112.32934061508877,139.0
52.83999999995194,518.656453999952,134.70766667467262,110.19746158683049,139.0
52.84999999995193,518.666453999952,129.97622380978535,108.0655825585722,139.0
52.859999999951924,518.676453999952,123.70523079878893,105.93370353031392,139.0
52.869999999951915,518.6864539999519,114.91415529500557,103.80182450205565,139.0
52.879999999951906,518.6964539999519,102.46133339739882,101.66994547379737,139.0
52.8899999999519,518.7064539999519,88.59641797737027,99.5380664455391,139.0
52.89999999995189,518.7164539999519,72.52711546316027,97.40618741728082,139.0
52.90999999995188,518.7264539999519,56.26761429130593,94.66642203717113,96.0
52.91999999995187,518.7364539999519,40.76307699699291,90.74874289013943,96.0
52.92999999995186,518.7464539999519,26.906731772992188,86.83106374310772,96.0
52.93999999995185,518.7564539999519,14.410461597717799,82.913384596076,96.0
52.94999999995184,518.7664539999519,4.146000048153061,78.9957054490443,96.0
52.95999999995183,518.7764539999519,0.40858537993142896,75.07802630201259,96.0
52.969999999951824,518.7864539999518,0.0,71.16034715498087,96.0
52.979999999951815,518.7964539999518,0.0,67.24266800794916,96.0
52.989999999951806,518.8064539999518,0.0,63.32498886091745,96.0
52.9999999999518,518.8164539999518,0.0,59.40730971388574,96.0
53.00999999995179,518.8264539999518,0.0,55.48963056685403,96.0
53.01999999995178,518.8364539999518,0.0,51.57195141982232,96.0
53.02999999995177,518.8464539999518,0.0,47.65427227279061,96.0
53.03999999995176,518.8564539999518,0.0,43.7365931257589,96.0
53.04999999995175,518.8664539999518,0.0,39.81891397872719,96.0
53.05999999995174,518.8764539999518,0.0,35.901234831695476,96.0
53.06999999995173,518.8864539999518,0.0,31.98355568466377,96.0
53.079999999951724,518.8964539999517,0.0,28.06587653763205,96.0
53.089999999951715,518.9064539999517,0.0,24.148197390600345,96.0
53.099999999951706,518.9164539999517,0.0,20.23051824356864,96.0
53.1099999999517,518.9264539999517,0.0,16.852276446971935,17.0
53.11999999995169,518.9364539999517,0.0,16.010066885416762,17.0
53.12999999995168,518.9464539999517,0.0,15.167857323861595,17.0
53.13999999995167,518.9564539999517,0.0,14.325647762306424,17.0
53.14999999995166,518.9664539999517,0.0,13.483438200751255,17.0
53.15999999995165,518.9764539999517,0.0,12.641228639196086,17.0
53.16999999995164,518.9864539999517,0.0,11.799019077640917,17.0
53.17999999995163,518.9964539999517,0.0,10.956809516085748,17.0
53.189999999951624,519.0064539999516,0.0,10.11459995453058,17.0
53.199999999951615,519.0164539999516,0.0,9.272390392975408,17.0
53.209999999951606,519.0264539999516,0.0,8.43018083142024,17.0
53.2199999999516,519.0364539999516,0.0,7.58797126986507,17.0
53.22999999995159,519.0464539999516,0.0,6.7457617083098995,17.0
53.23999999995158,519.0564539999516,0.0,5.9035521467547305,17.0
53.24999999995157,519.0664539999516,0.0,5.0613425851995615,17.0
53.25999999995156,519.0764539999516,0.0,4.2191330236443925,17.0
53.26999999995155,519.0864539999516,0.0,3.3769234620892217,17.0
53.27999999995154,519.0964539999516,0.0,2.5347139005340527,17.0
53.28999999995153,519.1064539999516,0.0,1.6925043389788836,17.0
53.299999999951524,519.1164539999515,0.0,0.8502947774237128,17.0
53.309999999951515,519.1264539999515,0.0,0.008085215868543827,17.0
53.319999999951506,519.1364539999515,0.0,0.0,0.0
53.3299999999515,519.1464539999515,0.0,0.0,0.0
53.33999999995149,519.1564539999515,0.0,0.0,0.0
53.34999999995148,519.1664539999515,0.0,0.0,0.0
53.35999999995147,519.1764539999515,0.0,0.0,0.0
53.36999999995146,519.1864539999515,0.0,0.0,0.0
53.37999999995145,519.1964539999515,0.0,0.0,0.0
53.38999999995144,519.2064539999515,0.0,0.0,0.0
53.39999999995143,519.2164539999515,0.0,0.0,0.0
53.409999999951424,519.2264539999514,0.0,0.0,0.0
53.419999999951415,519.2364539999514,0.0,0.0,0.0
53.429999999951406,519.2464539999514,0.0,0.0,0.0
53.4399999999514,519.2564539999514,0.0,0.0,0.0
53.44999999995139,519.2664539999514,0.0,0.0,0.0
53.45999999995138,519.2764539999514,0.0,0.0,0.0
53.46999999995137,519.2864539999514,0.0,0.0,0.0
53.47999999995136,519.2964539999514,0.0,0.0,0.0
53.48999999995135,519.3064539999514,0.0,0.0,0.0
53.49999999995134,519.3164539999514,0.0,0.0,0.0
53.50999999995133,519.3264539999514,0.0,0.0,0.0
53.519999999951324,519.3364539999513,0.0,0.0,0.0
53.529999999951315,519.3464539999513,0.0,0.0,0.0
53.539999999951306,519.3564539999513,0.0,0.0,0.0
53.5499999999513,519.3664539999513,0.0,0.0,0.0
53.55999999995129,519.3764539999513,0.0,0.0,0.0
53.56999999995128,519.3864539999513,0.0,0.0,0.0
53.57999999995127,519.3964539999513,0.0,0.0,0.0
53.58999999995126,519.4064539999513,0.0,0.0,0.0
53.59999999995125,519.4164539999513,0.0,0.0,0.0
53.60999999995124,519.4264539999513,0.0,0.0,0.0
53.61999999995123,519.4364539999513,0.0,0.0,0.0
53.629999999951224,519.4464539999512,0.0,0.0,0.0
53.639999999951215,519.4564539999512,0.0,0.0,0.0
53.649999999951206,519.4664539999512,0.0,0.0,0.0
53.6599999999512,519.4764539999512,0.0,0.0,0.0
53.66999999995119,519.4864539999512,0.0,0.0,0.0
53.67999999995118,519.4964539999512,0.0,0.0,0.0
53.68999999995117,519.5064539999512,0.0,0.0,0.0
53.69999999995116,519.5164539999512,0.0,0.0,0.0
53.70999999995115,519.5264539999512,0.0,0.0,0.0
53.71999999995114,519.5364539999512,0.0,0.0,0.0
53.72999999995113,519.5464539999512,0.0,0.0,0.0
53.739999999951124,519.5564539999511,0.0,0.0,0.0
53.749999999951115,519.5664539999511,0.0,0.0,0.0
53.759999999951106,519.5764539999511,0.0,0.0,0.0
53.7699999999511,519.5864539999511,0.0,0.0,0.0
53.77999999995109,519.5964539999511,0.0,0.0,0.0
53.78999999995108,519.6064539999511,0.0,0.0,0.0
53.79999999995107,519.6164539999511,0.0,0.0,0.0
53.80999999995106,519.6264539999511,0.0,0.0,0.0
53.81999999995105,519.6364539999511,0.0,0.0,0.0
53.82999999995104,519.6464539999511,0.0,0.0,0.0
53.83999999995103,519.656453999951,0.0,0.0,0.0
53.849999999951024,519.666453999951,0.0,0.0,0.0
53.859999999951015,519.676453999951,0.0,0.0,0.0
53.869999999951006,519.686453999951,0.0,0.0,0.0
53.879999999950996,519.696453999951,0.0,0.0,0.0
53.88999999995099,519.706453999951,0.0,0.0,0.0
53.89999999995098,519.716453999951,0.0,0.0,0.0
53.90999999995097,519.726453999951,0.0,0.0,0.0
53.91999999995096,519.736453999951,0.0,0.0,0.0
53.92999999995095,519.746453999951,0.0,0.0,0.0
53.93999999995094,519.756453999951,0.0,0.0,0.0
53.94999999995093,519.766453999951,0.0,0.0,0.0
53.959999999950924,519.776453999951,0.0,0.0,0.0
53.969999999950915,519.7864539999509,0.0,0.0,0.0
53.979999999950905,519.7964539999509,0.0,0.0,0.0
53.989999999950896,519.8064539999509,0.0,0.0,0.0
53.99999999995089,519.8164539999509,0.0,0.0,0.0
54.00999999995088,519.8264539999509,0.0,0.0,0.0
54.01999999995087,519.8364539999509,0.0,0.0,0.0
54.02999999995086,519.8464539999509,0.0,0.0,0.0
54.03999999995085,519.8564539999509,0.0,0.0,0.0
54.04999999995084,519.8664539999509,0.0,0.0,0.0
54.05999999995083,519.8764539999509,0.0,0.0,0.0
54.069999999950824,519.8864539999508,0.0,0.0,0.0
54.079999999950815,519.8964539999508,0.0,0.0,0.0
54.089999999950805,519.9064539999508,0.0,0.0,0.0
54.099999999950796,519.9164539999508,0.0,0.0,0.0
54.10999999995079,519.9264539999508,0.0,0.0,0.0
54.11999999995078,519.9364539999508,0.0,0.0,0.0
54.12999999995077,519.9464539999508,0.0,0.0,0.0
54.13999999995076,519.9564539999508,0.0,0.0,0.0
54.14999999995075,519.9664539999508,0.0,0.0,0.0
54.15999999995074,519.9764539999508,0.0,0.0,0.0
54.16999999995073,519.9864539999508,0.0,0.0,0.0
54.179999999950724,519.9964539999507,0.0,0.0,0.0
54.189999999950714,520.0064539999507,0.0,0.0,0.0
54.199999999950705,520.0164539999507,0.0,0.0,0.0
54.209999999950696,520.0264539999507,0.0,0.0,0.0
54.21999999995069,520.0364539999507,0.0,0.0,0.0
54.22999999995068,520.0464539999507,0.0,0.0,0.0
54.23999999995067,520.0564539999507,0.0,0.0,0.0
54.24999999995066,520.0664539999507,0.0,0.0,0.0
54.25999999995065,520.0764539999507,0.0,0.0,0.0
54.26999999995064,520.0864539999507,0.0,0.0,0.0
54.27999999995063,520.0964539999507,0.0,0.0,0.0
54.28999999995062,520.1064539999506,0.0,0.0,0.0
54.299999999950614,520.1164539999506,0.0,0.0,0.0
54.309999999950605,520.1264539999506,0.0,0.0,0.0
54.319999999950596,520.1364539999506,0.0,0.0,0.0
54.32999999995059,520.1464539999506,0.0,0.0,0.0
54.33999999995058,520.1564539999506,0.0,0.0,0.0
54.34999999995057,520.1664539999506,0.0,0.0,0.0
54.35999999995056,520.1764539999506,0.0,0.0,0.0
54.36999999995055,520.1864539999506,0.0,0.0,0.0
54.37999999995054,520.1964539999506,0.0,0.0,0.0
54.38999999995053,520.2064539999506,0.0,0.0,0.0
54.39999999995052,520.2164539999505,0.0,0.0,0.0
54.409999999950514,520.2264539999505,0.0,0.0,0.0
54.419999999950505,520.2364539999505,0.0,0.0,0.0
54.429999999950496,520.2464539999505,0.0,0.0,0.0
54.43999999995049,520.2564539999505,0.0,0.0,0.0
54.44999999995048,520.2664539999505,0.0,0.0,0.0
54.45999999995047,520.2764539999505,0.0,0.0,0.0
54.46999999995046,520.2864539999505,0.0,0.0,0.0
54.47999999995045,520.2964539999505,0.0,0.0,0.0
54.48999999995044,520.3064539999505,0.0,0.0,0.0
54.49999999995043,520.3164539999505,0.0,0.0,0.0
54.50999999995042,520.3264539999504,0.0,0.0,0.0
54.519999999950414,520.3364539999504,0.0,0.0,0.0
54.529999999950405,520.3464539999504,0.0,0.0,0.0
54.539999999950396,520.3564539999504,0.0,0.0,0.0
54.54999999995039,520.3664539999504,0.0,0.0,0.0
54.55999999995038,520.3764539999504,0.0,0.0,0.0
54.56999999995037,520.3864539999504,0.0,0.0,0.0
54.57999999995036,520.3964539999504,0.0,0.0,0.0
54.58999999995035,520.4064539999504,0.0,0.0,0.0
54.59999999995034,520.4164539999504,0.0,0.0,0.0
54.60999999995033,520.4264539999504,0.0,0.0,0.0
54.61999999995032,520.4364539999503,0.0,0.0,0.0
54.629999999950314,520.4464539999503,0.0,0.0,0.0
54.639999999950305,520.4564539999503,0.0,0.0,0.0
54.649999999950296,520.4664539999503,0.0,0.0,0.0
54.65999999995029,520.4764539999503,0.0,0.0,0.0
54.66999999995028,520.4864539999503,0.0,0.0,0.0
54.67999999995027,520.4964539999503,0.0,0.0,0.0
54.68999999995026,520.5064539999503,0.0,0.0,0.0
54.69999999995025,520.5164539999503,0.0,0.0,0.0
54.70999999995024,520.5264539999503,0.0,0.0,0.0
54.71999999995023,520.5364539999503,0.0,0.0,0.0
54.72999999995022,520.5464539999502,0.0,0.0,0.0
54.739999999950214,520.5564539999502,0.0,0.0,0.0
54.749999999950205,520.5664539999502,0.0,0.0,0.0
54.759999999950196,520.5764539999502,0.0,0.0,0.0
54.76999999995019,520.5864539999502,0.0,0.0,0.0
54.77999999995018,520.5964539999502,0.0,0.0,0.0
54.78999999995017,520.6064539999502,0.0,0.0,0.0
54.79999999995016,520.6164539999502,0.0,0.0,0.0
54.80999999995015,520.6264539999502,0.0,0.0,0.0
54.81999999995014,520.6364539999502,0.0,0.0,0.0
54.82999999995013,520.6464539999502,0.0,0.0,0.0
54.83999999995012,520.6564539999501,0.0,0.0,0.0
54.849999999950114,520.6664539999501,0.0,0.0,0.0
54.859999999950105,520.6764539999501,0.0,0.0,0.0
54.869999999950096,520.6864539999501,0.0,0.0,0.0
54.87999999995009,520.6964539999501,0.0,0.0,0.0
54.88999999995008,520.7064539999501,0.0,0.0,0.0
54.89999999995007,520.7164539999501,0.0,0.0,0.0
54.90999999995006,520.7264539999501,0.0,0.0,0.0
54.91999999995005,520.7364539999501,0.0,0.0,0.0
54.92999999995004,520.7464539999501,0.0,0.0,0.0
54.93999999995003,520.75645399995,0.0,0.0,0.0
54.94999999995002,520.76645399995,0.0,0.0,0.0
54.959999999950014,520.77645399995,0.0,0.0,0.0
54.969999999950005,520.78645399995,0.0,0.0,0.0
54.979999999949996,520.79645399995,0.0,0.0,0.0
54.98999999994999,520.80645399995,0.0,0.0,0.0
54.99999999994998,520.81645399995,0.0,0.0,0.0
55.00999999994997,520.82645399995,0.0,0.0,0.0
55.01999999994996,520.83645399995,0.0,0.0,0.0
55.02999999994995,520.84645399995,0.0,0.0,0.0
55.03999999994994,520.85645399995,0.0,0.0,0.0
55.04999999994993,520.86645399995,0.0,0.0,0.0
55.05999999994992,520.87645399995,0.0,0.0,0.0
55.069999999949914,520.8864539999499,0.0,0.0,0.0
55.079999999949905,520.8964539999499,0.0,0.0,0.0
55.089999999949896,520.9064539999499,0.0,0.0,0.0
55.09999999994989,520.9164539999499,0.0,0.0,0.0
55.10999999994988,520.9264539999499,0.0,0.0,0.0
55.11999999994987,520.9364539999499,0.0,0.0,0.0
55.12999999994986,520.9464539999499,0.0,0.0,0.0
55.13999999994985,520.9564539999499,0.0,0.0,0.0
55.14999999994984,520.9664539999499,0.0,0.0,0.0
55.15999999994983,520.9764539999499,0.0,0.0,0.0
55.16999999994982,520.9864539999498,0.0,0.0,0.0
55.179999999949814,520.9964539999498,0.0,0.0,0.0
55.189999999949805,521.0064539999498,0.0,0.0,0.0
55.199999999949796,521.0164539999498,0.0,0.0,0.0
55.20999999994979,521.0264539999498,0.0,0.0,0.0
55.21999999994978,521.0364539999498,0.0,0.0,0.0
55.22999999994977,521.0464539999498,0.0,0.0,0.0
55.23999999994976,521.0564539999498,0.0,0.0,0.0
55.24999999994975,521.0664539999498,0.0,0.0,0.0
55.25999999994974,521.0764539999498,0.0,0.0,0.0
55.26999999994973,521.0864539999498,0.0,0.0,0.0
55.27999999994972,521.0964539999497,0.0,0.0,0.0
55.289999999949714,521.1064539999497,0.0,0.0,0.0
55.299999999949705,521.1164539999497,0.0,0.0,0.0
55.309999999949696,521.1264539999497,0.0,0.0,0.0
55.31999999994969,521.1364539999497,0.0,0.0,0.0
55.32999999994968,521.1464539999497,0.0,0.0,0.0
55.33999999994967,521.1564539999497,0.0,0.0,0.0
55.34999999994966,521.1664539999497,0.0,0.0,0.0
55.35999999994965,521.1764539999497,0.0,0.0,0.0
55.36999999994964,521.1864539999497,0.0,0.0,0.0
55.37999999994963,521.1964539999497,0.0,0.0,0.0
55.38999999994962,521.2064539999496,0.0,0.0,0.0
55.399999999949614,521.2164539999496,0.0,0.0,0.0
55.409999999949605,521.2264539999496,0.0,0.0,0.0
55.419999999949596,521.2364539999496,0.0,0.0,0.0
55.42999999994959,521.2464539999496,0.0,0.0,0.0
55.43999999994958,521.2564539999496,0.0,0.0,0.0
55.44999999994957,521.2664539999496,0.0,0.0,0.0
55.45999999994956,521.2764539999496,0.0,0.0,0.0
55.46999999994955,521.2864539999496,0.0,0.0,0.0
55.47999999994954,521.2964539999496,0.0,0.0,0.0
55.48999999994953,521.3064539999496,0.0,0.0,0.0
55.49999999994952,521.3164539999495,0.0,0.0,0.0
55.509999999949514,521.3264539999495,0.0,0.0,0.0
55.519999999949505,521.3364539999495,0.0,0.0,0.0
55.529999999949496,521.3464539999495,0.0,0.0,0.0
55.53999999994949,521.3564539999495,0.0,0.0,0.0
55.54999999994948,521.3664539999495,0.0,0.0,0.0
55.55999999994947,521.3764539999495,0.0,0.0,0.0
55.56999999994946,521.3864539999495,0.0,0.0,0.0
55.57999999994945,521.3964539999495,0.0,0.0,0.0
55.58999999994944,521.4064539999495,0.0,0.0,0.0
55.59999999994943,521.4164539999495,0.0,0.0,0.0
55.60999999994942,521.4264539999494,0.0,0.0,0.0
55.619999999949414,521.4364539999494,0.0,0.0,0.0
55.629999999949405,521.4464539999494,0.0,0.0,0.0
55.639999999949396,521.4564539999494,0.0,0.0,0.0
55.64999999994939,521.4664539999494,0.0,0.0,0.0
55.65999999994938,521.4764539999494,0.0,0.0,0.0
55.66999999994937,521.4864539999494,0.0,0.0,0.0
55.67999999994936,521.4964539999494,0.0,0.0,0.0
55.68999999994935,521.5064539999494,0.0,0.0,0.0
55.69999999994934,521.5164539999494,0.0,0.0,0.0
55.70999999994933,521.5264539999494,0.0,0.0,0.0
55.71999999994932,521.5364539999493,0.0,0.0,0.0
55.729999999949314,521.5464539999493,0.0,0.0,0.0
55.739999999949305,521.5564539999493,0.0,0.0,0.0
55.749999999949296,521.5664539999493,0.0,0.0,0.0
55.75999999994929,521.5764539999493,0.0,0.0,0.0
55.76999999994928,521.5864539999493,0.0,0.0,0.0
55.77999999994927,521.5964539999493,0.0,0.0,0.0
55.78999999994926,521.6064539999493,0.0,0.0,0.0
55.79999999994925,521.6164539999493,0.0,0.0,0.0
55.80999999994924,521.6264539999493,0.0,0.0,0.0
55.81999999994923,521.6364539999493,0.0,0.0,0.0
55.82999999994922,521.6464539999492,0.0,0.0,0.0
55.839999999949214,521.6564539999492,0.0,0.0,0.0
55.849999999949205,521.6664539999492,0.0,0.0,0.0
55.859999999949196,521.6764539999492,0.0,0.0,0.0
55.86999999994919,521.6864539999492,0.0,0.0,0.0
55.87999999994918,521.6964539999492,0.0,0.0,0.0
55.88999999994917,521.7064539999492,0.0,0.0,0.0
55.89999999994916,521.7164539999492,0.0,0.0,0.0
55.90999999994915,521.7264539999492,0.0,0.0,0.0
55.91999999994914,521.7364539999492,0.0,0.0,0.0
55.92999999994913,521.7464539999492,0.0,0.0,0.0
55.93999999994912,521.7564539999491,0.0,0.0,0.0
55.949999999949114,521.7664539999491,0.0,0.0,0.0
55.959999999949105,521.7764539999491,0.0,0.0,0.0
55.969999999949096,521.7864539999491,0.0,0.0,0.0
55.97999999994909,521.7964539999491,0.0,0.0,0.0
55.98999999994908,521.8064539999491,0.0,0.0,0.0
55.99999999994907,521.8164539999491,0.0,0.0,0.0
56.00999999994906,521.8264539999491,0.0,0.0,0.0
56.01999999994905,521.8364539999491,0.0,0.0,0.0
56.02999999994904,521.8464539999491,0.0,0.0,0.0
56.03999999994903,521.856453999949,0.0,0.0,0.0
56.04999999994902,521.866453999949,0.0,0.0,0.0
56.059999999949014,521.876453999949,0.0,0.0,0.0
56.069999999949005,521.886453999949,0.0,0.0,0.0
56.079999999948996,521.896453999949,0.0,0.0,0.0
56.089999999948986,521.906453999949,0.0,0.0,0.0
56.09999999994898,521.916453999949,0.0,0.0,0.0
56.10999999994897,521.926453999949,0.0,0.0,0.0
56.11999999994896,521.936453999949,0.0,0.0,0.0
56.12999999994895,521.946453999949,0.0,0.0,0.0
56.13999999994894,521.956453999949,0.0,0.0,0.0
56.14999999994893,521.966453999949,0.0,0.0,0.0
56.15999999994892,521.976453999949,0.0,0.0,0.0
56.169999999948914,521.9864539999489,0.0,0.0,0.0
56.179999999948905,521.9964539999489,0.0,0.0,0.0
56.189999999948895,522.0064539999489,0.0,0.0,0.0
56.199999999948886,522.0164539999489,0.0,0.0,0.0
56.20999999994888,522.0264539999489,0.0,0.0,0.0
56.21999999994887,522.0364539999489,0.0,0.0,0.0
56.22999999994886,522.0464539999489,0.0,0.0,0.0
56.23999999994885,522.0564539999489,0.0,0.0,0.0
56.24999999994884,522.0664539999489,0.0,0.0,0.0
56.25999999994883,522.0764539999489,0.0,0.0,0.0
56.26999999994882,522.0864539999488,0.0,0.0,0.0
56.279999999948814,522.0964539999488,0.0,0.0,0.0
56.289999999948805,522.1064539999488,0.0,0.0,0.0
56.299999999948795,522.1164539999488,0.0,0.0,0.0
56.309999999948786,522.1264539999488,0.0,0.0,0.0
56.31999999994878,522.1364539999488,0.0,0.0,0.0
56.32999999994877,522.1464539999488,0.0,0.0,0.0
56.33999999994876,522.1564539999488,0.0,0.0,0.0
56.34999999994875,522.1664539999488,0.0,0.0,0.0
56.35999999994874,522.1764539999488,0.0,0.0,0.0
56.36999999994873,522.1864539999488,0.0,0.0,0.0
56.37999999994872,522.1964539999487,0.0,0.0,0.0
56.389999999948714,522.2064539999487,0.0,0.0,0.0
56.399999999948704,522.2164539999487,0.0,0.0,0.0
56.409999999948695,522.2264539999487,0.0,0.0,0.0
56.419999999948686,522.2364539999487,0.0,0.0,0.0
56.42999999994868,522.2464539999487,0.0,0.0,0.0
56.43999999994867,522.2564539999487,0.0,0.0,0.0
56.44999999994866,522.2664539999487,0.0,0.0,0.0
56.45999999994865,522.2764539999487,0.0,0.0,0.0
56.46999999994864,522.2864539999487,0.0,0.0,0.0
56.47999999994863,522.2964539999487,0.0,0.0,0.0
56.48999999994862,522.3064539999486,0.0,0.0,0.0
56.49999999994861,522.3164539999486,0.0,0.0,0.0
56.509999999948604,522.3264539999486,0.0,0.0,0.0
56.519999999948595,522.3364539999486,0.0,0.0,0.0
56.529999999948586,522.3464539999486,0.0,0.0,0.0
56.53999999994858,522.3564539999486,0.0,0.0,0.0
56.54999999994857,522.3664539999486,0.0,0.0,0.0
56.55999999994856,522.3764539999486,0.0,0.0,0.0
56.56999999994855,522.3864539999486,0.0,0.0,0.0
56.57999999994854,522.3964539999486,0.0,0.0,0.0
56.58999999994853,522.4064539999486,0.0,0.0,0.0
56.59999999994852,522.4164539999485,0.0,0.0,0.0
56.60999999994851,522.4264539999485,0.0,0.0,0.0
56.619999999948504,522.4364539999485,0.0,0.0,0.0
56.629999999948495,522.4464539999485,0.0,0.0,0.0
56.639999999948486,522.4564539999485,0.0,0.0,0.0
56.64999999994848,522.4664539999485,0.0,0.0,0.0
56.65999999994847,522.4764539999485,0.0,0.0,0.0
56.66999999994846,522.4864539999485,0.0,0.0,0.0
56.67999999994845,522.4964539999485,0.0,0.0,0.0
56.68999999994844,522.5064539999485,0.0,0.0,0.0
56.69999999994843,522.5164539999485,0.0,0.0,0.0
56.70999999994842,522.5264539999484,0.0,0.0,0.0
56.71999999994841,522.5364539999484,0.0,0.0,0.0
56.729999999948404,522.5464539999484,0.0,0.0,0.0
56.739999999948395,522.5564539999484,0.0,0.0,0.0
56.749999999948386,522.5664539999484,0.0,0.0,0.0
56.75999999994838,522.5764539999484,0.0,0.0,0.0
56.76999999994837,522.5864539999484,0.0,0.0,0.0
56.77999999994836,522.5964539999484,0.0,0.0,0.0
56.78999999994835,522.6064539999484,0.0,0.0,0.0
56.79999999994834,522.6164539999484,0.0,0.0,0.0
56.80999999994833,522.6264539999484,0.0,0.0,0.0
56.81999999994832,522.6364539999483,0.0,0.0,0.0
56.82999999994831,522.6464539999483,0.0,0.0,0.0
56.839999999948304,522.6564539999483,0.0,0.0,0.0
56.849999999948295,522.6664539999483,0.0,0.0,0.0
56.859999999948286,522.6764539999483,0.0,0.0,0.0
56.86999999994828,522.6864539999483,0.0,0.0,0.0
56.87999999994827,522.6964539999483,0.0,0.0,0.0
56.88999999994826,522.7064539999483,0.0,0.0,0.0
56.89999999994825,522.7164539999483,0.0,0.0,0.0
56.90999999994824,522.7264539999483,0.0,0.0,0.0
56.91999999994823,522.7364539999483,0.0,0.0,0.0
56.92999999994822,522.7464539999482,0.0,0.0,0.0
56.93999999994821,522.7564539999482,0.0,0.0,0.0
56.949999999948204,522.7664539999482,0.0,0.0,0.0
56.959999999948195,522.7764539999482,0.0,0.0,0.0
56.969999999948186,522.7864539999482,0.0,0.0,0.0
56.97999999994818,522.7964539999482,0.0,0.0,0.0
56.98999999994817,522.8064539999482,0.0,0.0,0.0
56.99999999994816,522.8164539999482,0.0,0.0,0.0
57.00999999994815,522.8264539999482,0.0,0.0,0.0
57.01999999994814,522.8364539999482,0.0,0.0,0.0
57.02999999994813,522.8464539999482,0.0,0.0,0.0
57.03999999994812,522.8564539999481,0.0,0.0,0.0
57.04999999994811,522.8664539999481,0.0,0.0,0.0
57.059999999948104,522.8764539999481,0.0,0.0,0.0
57.069999999948095,522.8864539999481,0.0,0.0,0.0
57.079999999948086,522.8964539999481,0.0,0.0,0.0
57.08999999994808,522.9064539999481,0.0,0.0,0.0
57.09999999994807,522.9164539999481,0.0,0.0,0.0
57.10999999994806,522.9264539999481,0.0,0.0,0.0
57.11999999994805,522.9364539999481,0.0,0.0,0.0
57.12999999994804,522.9464539999481,0.0,0.0,0.0
57.13999999994803,522.956453999948,0.0,0.0,0.0
57.14999999994802,522.966453999948,0.0,0.0,0.0
57.15999999994801,522.976453999948,0.0,0.0,0.0
57.169999999948004,522.986453999948,0.0,0.0,0.0
57.179999999947995,522.996453999948,0.0,0.0,0.0
57.189999999947986,523.006453999948,0.0,0.0,0.0
57.19999999994798,523.016453999948,0.0,0.0,0.0
57.20999999994797,523.026453999948,0.0,0.0,0.0
57.21999999994796,523.036453999948,0.0,0.0,0.0
57.22999999994795,523.046453999948,0.0,0.0,0.0
57.23999999994794,523.056453999948,0.0,0.0,0.0
57.24999999994793,523.066453999948,0.0,0.0,0.0
57.25999999994792,523.076453999948,0.0,0.0,0.0
57.26999999994791,523.0864539999479,0.0,0.0,0.0
57.279999999947904,523.0964539999479,0.0,0.0,0.0
57.289999999947895,523.1064539999479,0.0,0.0,0.0
57.299999999947886,523.1164539999479,0.0,0.0,0.0
57.30999999994788,523.1264539999479,0.0,0.0,0.0
57.31999999994787,523.1364539999479,0.0,0.0,0.0
57.32999999994786,523.1464539999479,0.0,0.0,0.0
57.33999999994785,523.1564539999479,0.0,0.0,0.0
57.34999999994784,523.1664539999479,0.0,0.0,0.0
57.35999999994783,523.1764539999479,0.0,0.0,0.0
57.36999999994782,523.1864539999478,0.0,0.0,0.0
57.37999999994781,523.1964539999478,0.0,0.0,0.0
57.389999999947804,523.2064539999478,0.0,0.0,0.0
57.399999999947795,523.2164539999478,0.0,0.0,0.0
57.409999999947786,523.2264539999478,0.0,0.0,0.0
57.41999999994778,523.2364539999478,0.0,0.0,0.0
57.42999999994777,523.2464539999478,0.0,0.0,0.0
57.43999999994776,523.2564539999478,0.0,0.0,0.0
57.44999999994775,523.2664539999478,0.0,0.0,0.0
57.45999999994774,523.2764539999478,0.0,0.0,0.0
57.46999999994773,523.2864539999478,0.0,0.0,0.0
57.47999999994772,523.2964539999477,0.0,0.0,0.0
57.48999999994771,523.3064539999477,0.0,0.0,0.0
57.499999999947704,523.3164539999477,0.0,0.0,0.0
57.509999999947695,523.3264539999477,0.0,0.0,0.0
57.519999999947686,523.3364539999477,0.0,0.0,0.0
57.52999999994768,523.3464539999477,0.0,0.0,0.0
57.53999999994767,523.3564539999477,0.0,0.0,0.0
57.54999999994766,523.3664539999477,0.0,0.0,0.0
57.55999999994765,523.3764539999477,0.0,0.0,0.0
57.56999999994764,523.3864539999477,0.0,0.0,0.0
57.57999999994763,523.3964539999477,0.0,0.0,0.0
57.58999999994762,523.4064539999476,0.0,0.0,0.0
57.59999999994761,523.4164539999476,0.0,0.0,0.0
57.609999999947604,523.4264539999476,0.0,0.0,0.0
57.619999999947595,523.4364539999476,0.0,0.0,0.0
57.629999999947586,523.4464539999476,0.0,0.0,0.0
57.63999999994758,523.4564539999476,0.0,0.0,0.0
57.64999999994757,523.4664539999476,0.0,0.0,0.0
57.65999999994756,523.4764539999476,0.0,0.0,0.0
57.66999999994755,523.4864539999476,0.0,0.0,0.0
57.67999999994754,523.4964539999476,0.0,0.0,0.0
57.68999999994753,523.5064539999476,0.0,0.0,0.0
57.69999999994752,523.5164539999475,0.0,0.0,0.0
57.70999999994751,523.5264539999475,0.0,0.0,0.0
57.719999999947504,523.5364539999475,0.0,0.0,0.0
57.729999999947495,523.5464539999475,0.0,0.0,0.0
57.739999999947486,523.5564539999475,0.0,0.0,0.0
57.74999999994748,523.5664539999475,0.0,0.0,0.0
57.75999999994747,523.5764539999475,0.0,0.0,0.0
57.76999999994746,523.5864539999475,0.0,0.0,0.0
57.77999999994745,523.5964539999475,0.0,0.0,0.0
57.78999999994744,523.6064539999475,0.0,0.0,0.0
57.79999999994743,523.6164539999475,0.0,0.0,0.0
57.80999999994742,523.6264539999474,0.0,0.0,0.0
57.81999999994741,523.6364539999474,0.0,0.0,0.0
57.829999999947404,523.6464539999474,0.0,0.0,0.0
57.839999999947395,523.6564539999474,0.0,0.0,0.0
57.849999999947386,523.6664539999474,0.0,0.0,0.0
57.85999999994738,523.6764539999474,0.0,0.0,0.0
57.86999999994737,523.6864539999474,0.0,0.0,0.0
57.87999999994736,523.6964539999474,0.0,0.0,0.0
57.88999999994735,523.7064539999474,0.0,0.0,0.0
57.89999999994734,523.7164539999474,0.0,0.0,0.0
57.90999999994733,523.7264539999474,0.0,0.0,0.0
57.91999999994732,523.7364539999473,0.0,0.0,0.0
57.92999999994731,523.7464539999473,0.0,0.0,0.0
57.939999999947304,523.7564539999473,0.0,0.0,0.0
57.949999999947295,523.7664539999473,0.0,0.0,0.0
57.959999999947286,523.7764539999473,0.0,0.5422398268079879,0.0
57.96999999994728,523.7864539999473,0.0,3.3172646038132996,0.0
57.97999999994727,523.7964539999473,0.0,6.092289380818611,0.0
57.98999999994726,523.8064539999473,0.0,8.867314157823923,0.0
57.99999999994725,523.8164539999473,0.0,11.642338934829235,0.0
58.00999999994724,523.8264539999473,0.0,14.417363711834547,0.0
58.01999999994723,523.8364539999473,0.0,17.19238848883986,0.0
58.02999999994722,523.8464539999472,0.0,19.96741326584517,0.0
58.03999999994721,523.8564539999472,0.0,22.742438042850484,0.0
58.049999999947204,523.8664539999472,0.0,25.517462819855794,0.0
58.059999999947195,523.8764539999472,0.0,28.292487596861108,0.0
58.069999999947186,523.8864539999472,0.0,31.067512373866418,0.0
58.07999999994718,523.8964539999472,0.0,33.84253715087173,0.0
58.08999999994717,523.9064539999472,0.0,36.61756192787704,0.0
58.09999999994716,523.9164539999472,0.0,39.392586704882355,0.0
58.10999999994715,523.9264539999472,0.0,42.16761148188767,0.0
58.11999999994714,523.9364539999472,0.6414084432690657,44.942636258892975,0.0
58.12999999994713,523.9464539999472,7.845510155552188,47.71766103589829,0.0
58.13999999994712,523.9564539999471,16.003137213476382,50.4926858129036,0.0
58.14999999994711,523.9664539999471,22.472399968316925,53.267710589908916,0.0
58.159999999947104,523.9764539999471,28.517575725561237,56.027337268734,56.0
58.169999999947095,523.9864539999471,33.72118223995723,57.802485197726256,56.0
58.179999999947086,523.9964539999471,38.02204079475175,59.5776331267185,56.0
58.18999999994708,524.0064539999471,40.52844220043172,61.35278105571076,56.0
58.19999999994707,524.0164539999471,41.746731702156744,63.127928984703004,56.0
58.20999999994706,524.0264539999471,42.0,64.90307691369526,56.0
58.21999999994705,524.0364539999471,42.0,66.67822484268751,56.0
58.22999999994704,524.0464539999471,42.72382978160678,68.45337277167977,56.0
58.23999999994703,524.056453999947,43.755510198679175,70.22852070067202,56.0
58.24999999994702,524.066453999947,44.71399060535949,72.00366862966428,56.0
58.25999999994701,524.076453999947,45.646883716006215,73.77881655865652,56.0
58.269999999947004,524.086453999947,46.72139534267979,75.55396448764877,56.0
58.279999999946995,524.096453999947,47.66121738670141,77.32911241664102,56.0
58.289999999946986,524.106453999947,50.1048275679342,79.10426034563328,56.0
58.29999999994698,524.116453999947,53.39805666299323,80.87940827462552,56.0
58.30999999994697,524.126453999947,57.713557018539284,82.65455620361777,56.0
58.31999999994696,524.136453999947,61.269850730450784,84.42970413261003,56.0
58.32999999994695,524.146453999947,64.89654132945472,86.20485206160228,56.0
58.33999999994694,524.156453999947,68.27758792369839,87.97999999059454,56.0
58.34999999994693,524.166453999947,70.98365216007457,89.75514791958679,56.0
58.35999999994692,524.176453999947,72.48062991708353,91.53029584857904,56.0
58.36999999994691,524.1864539999469,74.16376066562347,92.4348263087649,92.0
58.379999999946904,524.1964539999469,77.2217646902881,93.02610494882353,92.0
58.389999999946895,524.2064539999469,80.25122447355764,93.61738358888215,92.0
58.399999999946886,524.2164539999469,83.27758792369839,94.20866222894078,92.0
58.409999999946876,524.2264539999469,86.86943394224758,94.7999408689994,92.0
58.41999999994687,524.2364539999469,89.48232803110025,95.39121950905803,92.0
58.42999999994686,524.2464539999469,90.75539999469424,95.98249814911667,92.0
58.43999999994685,524.2564539999469,91.0,96.57377678917528,92.0
58.44999999994684,524.2664539999469,89.75355933103796,97.16505542923392,92.0
58.45999999994683,524.2764539999469,89.0,97.75633406929255,92.0
58.46999999994682,524.2864539999468,89.67083798288847,98.34761270935117,92.0
58.47999999994681,524.2964539999468,90.74252631019282,98.9388913494098,92.0
58.489999999946804,524.3064539999468,92.28578722499027,99.53016998946843,92.0
58.499999999946795,524.3164539999468,93.68686389903642,100.12144862952705,92.0
58.509999999946785,524.3264539999468,94.0,100.71272726958568,92.0
58.519999999946776,524.3364539999468,94.0,101.30400590964432,92.0
58.52999999994677,524.3464539999468,93.4801423525429,101.89528454970294,92.0
58.53999999994676,524.3564539999468,92.43408696577231,102.48656318976157,92.0
58.54999999994675,524.3664539999468,91.5013953523727,103.07784182982019,92.0
58.55999999994674,524.3764539999468,90.53698114211795,103.66912046987882,92.0
58.56999999994673,524.3864539999468,90.7375257677072,103.49780863273797,104.0
58.57999999994672,524.3964539999467,92.46876846241727,102.3575012455307,104.0
58.58999999994671,524.4064539999467,94.41825241684471,101.21719385832343,104.0
58.599999999946704,524.4164539999467,95.73726315228743,100.07688647111615,104.0
58.609999999946695,524.4264539999467,96.0,98.93657908390888,104.0
58.619999999946685,524.4364539999467,95.29212766524606,97.79627169670161,104.0
58.629999999946676,524.4464539999467,92.76800001639553,96.65596430949434,104.0
58.63999999994667,524.4564539999467,88.32156865358785,95.51565692228706,104.0
58.64999999994666,524.4664539999467,84.09293534460774,94.37534953507979,104.0
58.65999999994665,524.4764539999467,80.08381911691765,93.23504214787252,104.0
58.66999999994664,524.4864539999467,76.17719808825295,92.09473476066525,104.0
58.67999999994663,524.4964539999467,73.71222223209381,90.95442737345797,104.0
58.68999999994662,524.5064539999466,72.28855491946292,89.81411998625069,104.0
58.69999999994661,524.5164539999466,70.033886476866,88.67381259904343,104.0
58.709999999946604,524.5264539999466,68.30811429181084,87.53350521183614,104.0
58.719999999946594,524.5364539999466,66.34626416301735,86.39319782462887,104.0
58.729999999946585,524.5464539999466,63.2870422760607,85.2528904374216,104.0
58.739999999946576,524.5564539999466,59.1846154062151,84.11258305021433,104.0
58.74999999994657,524.5664539999466,55.05464790987502,82.97227566300705,104.0
58.75999999994656,524.5764539999466,52.27494254101265,81.83196827579978,104.0
58.76999999994655,524.5864539999466,49.23019869673319,79.91437920361074,81.0
58.77999999994654,524.5964539999466,47.316435648856064,75.8995093151375,81.0
58.78999999994653,524.6064539999466,44.86261781783379,71.88463942666426,81.0
58.79999999994652,524.6164539999465,41.09840002137489,67.86976953819102,81.0
58.80999999994651,524.6264539999465,37.80181819801683,63.854899649717794,81.0
58.8199999999465,524.6364539999465,35.543762386820596,59.84002976124456,81.0
58.829999999946494,524.6464539999465,32.897391319842185,55.82515987277132,81.0
58.839999999946485,524.6564539999465,29.808253985232003,51.81028998429809,81.0
58.849999999946476,524.6664539999465,23.909463451130968,47.79542009582485,81.0
58.85999999994647,524.6764539999465,16.32197048550052,43.78055020735162,81.0
58.86999999994646,524.6864539999465,6.201608099357518,39.76568031887838,81.0
58.87999999994645,524.6964539999465,1.0713122317169423,35.75081043040515,81.0
58.88999999994644,524.7064539999465,0.0,31.735940541931917,81.0
58.89999999994643,524.7164539999465,0.0,27.721070653458682,81.0
58.90999999994642,524.7264539999464,0.0,23.706200764985446,81.0
58.91999999994641,524.7364539999464,0.0,19.69133087651221,81.0
58.9299999999464,524.7464539999464,0.0,15.676460988038983,81.0
58.939999999946394,524.7564539999464,0.0,11.66159109956574,81.0
58.949999999946385,524.7664539999464,0.0,7.646721211092512,81.0
58.959999999946376,524.7764539999464,0.0,3.6318513226192692,81.0
58.96999999994637,524.7864539999464,0.0,0.0,0.0
58.97999999994636,524.7964539999464,0.0,0.0,0.0
58.98999999994635,524.8064539999464,0.0,0.0,0.0
58.99999999994634,524.8164539999464,0.0,0.0,0.0
59.00999999994633,524.8264539999464,0.0,0.0,0.0
59.01999999994632,524.8364539999463,0.0,0.0,0.0
59.02999999994631,524.8464539999463,0.0,0.0,0.0
59.0399999999463,524.8564539999463,0.0,0.0,0.0
59.049999999946294,524.8664539999463,0.0,0.0,0.0
59.059999999946285,524.8764539999463,0.0,0.0,0.0
59.069999999946276,524.8864539999463,0.0,0.0,0.0
59.07999999994627,524.8964539999463,0.0,0.0,0.0
59.08999999994626,524.9064539999463,0.0,0.0,0.0
59.09999999994625,524.9164539999463,0.0,0.0,0.0
59.10999999994624,524.9264539999463,0.0,0.0,0.0
59.11999999994623,524.9364539999463,0.0,0.0,0.0
59.12999999994622,524.9464539999462,0.0,0.0,0.0
59.13999999994621,524.9564539999462,0.0,0.0,0.0
59.1499999999462,524.9664539999462,0.0,0.0,0.0
59.159999999946194,524.9764539999462,0.0,0.0,0.0
59.169999999946185,524.9864539999462,0.0,0.0,0.0
59.179999999946176,524.9964539999462,0.0,0.0,0.0
59.18999999994617,525.0064539999462,0.0,0.0,0.0
59.19999999994616,525.0164539999462,0.0,0.0,0.0
59.20999999994615,525.0264539999462,0.0,0.0,0.0
59.21999999994614,525.0364539999462,0.0,0.0,0.0
59.22999999994613,525.0464539999462,0.0,0.0,0.0
59.23999999994612,525.0564539999461,0.0,0.0,0.0
59.24999999994611,525.0664539999461,0.0,0.0,0.0
59.2599999999461,525.0764539999461,0.0,0.0,0.0
59.269999999946094,525.0864539999461,0.0,0.0,0.0
59.279999999946085,525.0964539999461,0.0,0.0,0.0
59.289999999946076,525.1064539999461,0.0,0.0,0.0
59.29999999994607,525.1164539999461,0.0,0.0,0.0
59.30999999994606,525.1264539999461,0.0,0.0,0.0
59.31999999994605,525.1364539999461,0.0,0.0,0.0
59.32999999994604,525.1464539999461,0.0,0.0,0.0
59.33999999994603,525.156453999946,0.0,0.0,0.0
59.34999999994602,525.166453999946,0.0,0.0,0.0
59.35999999994601,525.176453999946,0.0,0.0,0.0
59.369999999946,525.186453999946,0.0,0.0,0.0
59.379999999945994,525.196453999946,0.0,0.0,0.0
59.389999999945985,525.206453999946,0.0,0.0,0.0
59.399999999945976,525.216453999946,0.0,0.0,0.0
59.40999999994597,525.226453999946,0.0,0.0,0.0
59.41999999994596,525.236453999946,0.0,0.0,0.0
59.42999999994595,525.246453999946,0.0,0.0,0.0
59.43999999994594,525.256453999946,0.0,0.0,0.0
59.44999999994593,525.266453999946,0.0,0.0,0.0
59.45999999994592,525.2764539999459,0.0,0.0,0.0
59.46999999994591,525.2864539999459,0.0,0.0,0.0
59.4799999999459,525.2964539999459,0.0,0.0,0.0
59.489999999945894,525.3064539999459,0.0,0.0,0.0
59.499999999945885,525.3164539999459,0.0,0.0,0.0
59.509999999945876,525.3264539999459,0.0,0.0,0.0
59.51999999994587,525.3364539999459,0.0,0.0,0.0
59.52999999994586,525.3464539999459,0.0,0.0,0.0
59.53999999994585,525.3564539999459,0.0,0.0,0.0
59.54999999994584,525.3664539999459,0.0,0.0,0.0
59.55999999994583,525.3764539999459,0.0,0.0,0.0
59.56999999994582,525.3864539999458,0.0,0.0,0.0
59.57999999994581,525.3964539999458,0.0,0.0,0.0
59.5899999999458,525.4064539999458,0.0,0.0,0.0
59.599999999945794,525.4164539999458,0.0,0.0,0.0
59.609999999945785,525.4264539999458,0.0,0.0,0.0
59.619999999945776,525.4364539999458,0.0,0.0,0.0
59.62999999994577,525.4464539999458,0.0,0.0,0.0
59.63999999994576,525.4564539999458,0.0,0.0,0.0
59.64999999994575,525.4664539999458,0.0,0.0,0.0
59.65999999994574,525.4764539999458,0.0,0.0,0.0
59.66999999994573,525.4864539999458,0.0,0.0,0.0
59.67999999994572,525.4964539999457,0.0,0.0,0.0
59.68999999994571,525.5064539999457,0.0,0.0,0.0
59.6999999999457,525.5164539999457,0.0,0.0,0.0
59.709999999945694,525.5264539999457,0.0,0.0,0.0
59.719999999945685,525.5364539999457,0.0,0.0,0.0
59.729999999945676,525.5464539999457,0.0,0.0,0.0
59.73999999994567,525.5564539999457,0.0,0.0,0.0
59.74999999994566,525.5664539999457,0.0,0.0,0.0
59.75999999994565,525.5764539999457,0.0,0.0,0.0
59.76999999994564,525.5864539999457,0.0,0.0,0.0
59.77999999994563,525.5964539999457,0.0,0.0,0.0
59.78999999994562,525.6064539999456,0.0,0.0,0.0
59.79999999994561,525.6164539999456,0.0,0.0,0.0
59.8099999999456,525.6264539999456,0.0,0.0,0.0
59.819999999945594,525.6364539999456,0.0,0.0,0.0
59.829999999945585,525.6464539999456,0.0,0.0,0.0
59.839999999945576,525.6564539999456,0.0,0.0,0.0
59.84999999994557,525.6664539999456,0.0,0.0,0.0
59.85999999994556,525.6764539999456,0.0,0.0,0.0
59.86999999994555,525.6864539999456,0.0,0.0,0.0
59.87999999994554,525.6964539999456,0.0,0.0,0.0
59.88999999994553,525.7064539999456,0.0,0.0,0.0
59.89999999994552,525.7164539999455,0.0,0.0,0.0
59.90999999994551,525.7264539999455,0.0,0.0,0.0
59.9199999999455,525.7364539999455,0.0,0.0,0.0
59.929999999945494,525.7464539999455,0.0,0.0,0.0
59.939999999945485,525.7564539999455,0.0,0.0,0.0
59.949999999945476,525.7664539999455,0.0,0.0,0.0
59.95999999994547,525.7764539999455,0.0,0.0,0.0
59.96999999994546,525.7864539999455,0.0,0.0,0.0
59.97999999994545,525.7964539999455,0.0,0.0,0.0
59.98999999994544,525.8064539999455,0.0,0.0,0.0
59.99999999994543,525.8164539999455,0.0,0.0,0.0
60.00999999994542,525.8264539999454,0.0,0.0,0.0
60.01999999994541,525.8364539999454,0.0,0.0,0.0
60.0299999999454,525.8464539999454,0.0,0.0,0.0
60.039999999945394,525.8564539999454,0.0,0.0,0.0
60.049999999945385,525.8664539999454,0.0,0.0,0.0
60.059999999945376,525.8764539999454,0.0,0.0,0.0
60.06999999994537,525.8864539999454,0.0,0.0,0.0
60.07999999994536,525.8964539999454,0.0,0.0,0.0
60.08999999994535,525.9064539999454,0.0,0.0,0.0
60.09999999994534,525.9164539999454,0.0,0.0,0.0
60.10999999994533,525.9264539999454,0.0,0.0,0.0
60.11999999994532,525.9364539999453,0.0,0.0,0.0
60.12999999994531,525.9464539999453,0.0,0.0,0.0
60.1399999999453,525.9564539999453,0.0,0.0,0.0
60.149999999945294,525.9664539999453,0.0,0.0,0.0
60.159999999945285,525.9764539999453,0.0,0.0,0.0
60.169999999945276,525.9864539999453,0.0,0.0,0.0
60.17999999994527,525.9964539999453,0.0,0.0,0.0
60.18999999994526,526.0064539999453,0.0,0.0,0.0
60.19999999994525,526.0164539999453,0.0,0.0,0.0
60.20999999994524,526.0264539999453,0.0,0.0,0.0
60.21999999994523,526.0364539999453,0.0,0.0,0.0
60.22999999994522,526.0464539999452,0.0,0.0,0.0
60.23999999994521,526.0564539999452,0.0,0.0,0.0
60.2499999999452,526.0664539999452,0.0,0.0,0.0
60.259999999945194,526.0764539999452,0.0,0.0,0.0
60.269999999945185,526.0864539999452,0.0,0.0,0.0
60.279999999945176,526.0964539999452,0.0,0.0,0.0
60.28999999994517,526.1064539999452,0.0,0.0,0.0
60.29999999994516,526.1164539999452,0.0,0.0,0.0
60.30999999994515,526.1264539999452,0.0,0.0,0.0
60.31999999994514,526.1364539999452,0.0,0.0,0.0
60.32999999994513,526.1464539999452,0.0,0.0,0.0
60.33999999994512,526.1564539999451,0.0,0.0,0.0
60.34999999994511,526.1664539999451,0.0,0.0,0.0
60.3599999999451,526.1764539999451,0.0,0.0,0.0
60.369999999945094,526.1864539999451,0.0,0.0,0.0
60.379999999945085,526.1964539999451,0.0,0.0,0.0
60.389999999945076,526.2064539999451,0.0,0.0,0.0
60.39999999994507,526.2164539999451,0.0,0.0,0.0
60.40999999994506,526.2264539999451,0.0,0.0,0.0
60.41999999994505,526.2364539999451,0.0,0.0,0.0
60.42999999994504,526.2464539999451,0.0,0.0,0.0
60.43999999994503,526.256453999945,0.0,0.0,0.0
60.44999999994502,526.266453999945,0.0,0.0,0.0
60.45999999994501,526.276453999945,0.0,0.0,0.0
60.469999999945,526.286453999945,0.0,0.0,0.0
60.479999999944994,526.296453999945,0.0,0.0,0.0
60.489999999944985,526.306453999945,0.0,0.0,0.0
60.499999999944976,526.316453999945,0.0,0.0,0.0
60.50999999994497,526.326453999945,0.0,0.0,0.0
60.51999999994496,526.336453999945,0.0,0.0,0.0
60.52999999994495,526.346453999945,0.0,0.0,0.0
60.53999999994494,526.356453999945,0.0,0.0,0.0
60.54999999994493,526.366453999945,0.0,0.0,0.0
60.55999999994492,526.3764539999449,0.0,0.0,0.0
60.56999999994491,526.3864539999449,0.0,0.0,0.0
60.5799999999449,526.3964539999449,0.0,0.0,0.0
60.589999999944894,526.4064539999449,0.0,0.0,0.0
60.599999999944885,526.4164539999449,0.0,0.0,0.0
60.609999999944876,526.4264539999449,0.0,0.0,0.0
60.619999999944866,526.4364539999449,0.0,0.0,0.0
60.62999999994486,526.4464539999449,0.0,0.0,0.0
60.63999999994485,526.4564539999449,0.0,0.0,0.0
60.64999999994484,526.4664539999449,0.0,0.0,0.0
60.65999999994483,526.4764539999449,0.0,0.0,0.0
60.66999999994482,526.4864539999448,0.0,0.0,0.0
60.67999999994481,526.4964539999448,0.0,0.0,0.0
60.6899999999448,526.5064539999448,0.0,0.0,0.0
60.699999999944794,526.5164539999448,0.0,0.0,0.0
60.709999999944785,526.5264539999448,0.0,0.0,0.0
60.719999999944775,526.5364539999448,0.0,0.0,0.0
60.729999999944766,526.5464539999448,0.0,0.0,0.0
60.73999999994476,526.5564539999448,0.0,0.0,0.0
60.74999999994475,526.5664539999448,0.0,0.0,0.0
60.75999999994474,526.5764539999448,0.0,0.0,0.0
60.76999999994473,526.5864539999448,0.0,0.0,0.0
60.77999999994472,526.5964539999447,0.0,0.0,0.0
60.78999999994471,526.6064539999447,0.0,0.0,0.0
60.7999999999447,526.6164539999447,0.0,0.0,0.0
60.809999999944694,526.6264539999447,0.0,0.0,0.0
60.819999999944685,526.6364539999447,0.0,0.0,0.0
60.829999999944675,526.6464539999447,0.0,0.0,0.0
60.839999999944666,526.6564539999447,0.0,0.0,0.0
60.84999999994466,526.6664539999447,0.0,0.0,0.0
60.85999999994465,526.6764539999447,0.0,0.0,0.0
60.86999999994464,526.6864539999447,0.0,0.0,0.0
60.87999999994463,526.6964539999447,0.0,0.0,0.0
60.88999999994462,526.7064539999446,0.0,0.0,0.0
60.89999999994461,526.7164539999446,0.0,0.0,0.0
60.9099999999446,526.7264539999446,0.0,0.0,0.0
60.919999999944594,526.7364539999446,0.0,0.0,0.0
60.929999999944584,526.7464539999446,0.0,0.0,0.0
60.939999999944575,526.7564539999446,0.0,0.0,0.0
60.949999999944566,526.7664539999446,0.0,0.0,0.0
60.95999999994456,526.7764539999446,0.0,0.0,0.0
60.96999999994455,526.7864539999446,0.0,0.0,0.0
60.97999999994454,526.7964539999446,0.0,0.0,0.0
60.98999999994453,526.8064539999446,0.0,0.0,0.0
60.99999999994452,526.8164539999445,0.0,0.0,0.0
61.00999999994451,526.8264539999445,0.0,0.0,0.0
61.0199999999445,526.8364539999445,0.0,0.0,0.0
61.02999999994449,526.8464539999445,0.0,0.0,0.0
61.039999999944484,526.8564539999445,0.0,0.0,0.0
61.049999999944475,526.8664539999445,0.0,0.0,0.0
61.059999999944466,526.8764539999445,0.0,0.0,0.0
61.06999999994446,526.8864539999445,0.0,0.0,0.0
61.07999999994445,526.8964539999445,0.0,0.0,0.0
61.08999999994444,526.9064539999445,0.0,0.0,0.0
61.09999999994443,526.9164539999445,0.0,0.0,0.0
61.10999999994442,526.9264539999444,0.0,0.0,0.0
61.11999999994441,526.9364539999444,0.0,0.0,0.0
61.1299999999444,526.9464539999444,0.0,0.0,0.0
61.13999999994439,526.9564539999444,0.0,0.0,0.0
61.149999999944384,526.9664539999444,0.0,0.0,0.0
61.159999999944375,526.9764539999444,0.0,0.0,0.0
61.169999999944366,526.9864539999444,0.0,0.0,0.0
61.17999999994436,526.9964539999444,0.0,0.0,0.0
61.18999999994435,527.0064539999444,0.0,0.0,0.0
61.19999999994434,527.0164539999444,0.0,0.0,0.0
61.20999999994433,527.0264539999444,0.0,0.0,0.0
61.21999999994432,527.0364539999443,0.0,0.0,0.0
61.22999999994431,527.0464539999443,0.0,0.0,0.0
61.2399999999443,527.0564539999443,0.0,0.0,0.0
61.24999999994429,527.0664539999443,0.0,0.0,0.0
61.259999999944284,527.0764539999443,0.0,0.0,0.0
61.269999999944275,527.0864539999443,0.0,0.0,0.0
61.279999999944266,527.0964539999443,0.0,0.0,0.0
61.28999999994426,527.1064539999443,0.0,0.0,0.0
61.29999999994425,527.1164539999443,0.0,0.0,0.0
61.30999999994424,527.1264539999443,0.0,0.0,0.0
61.31999999994423,527.1364539999443,0.0,0.0,0.0
61.32999999994422,527.1464539999442,0.0,0.0,0.0
61.33999999994421,527.1564539999442,0.0,0.0,0.0
61.3499999999442,527.1664539999442,0.0,0.0,0.0
61.35999999994419,527.1764539999442,0.0,0.0,0.0
61.369999999944184,527.1864539999442,0.0,0.0,0.0
61.379999999944175,527.1964539999442,0.0,0.0,0.0
61.389999999944166,527.2064539999442,0.0,0.0,0.0
61.39999999994416,527.2164539999442,0.0,0.0,0.0
61.40999999994415,527.2264539999442,0.0,0.0,0.0
61.41999999994414,527.2364539999442,0.0,0.0,0.0
61.42999999994413,527.2464539999442,0.0,0.0,0.0
61.43999999994412,527.2564539999441,0.0,0.0,0.0
61.44999999994411,527.2664539999441,0.0,0.0,0.0
61.4599999999441,527.2764539999441,0.0,0.0,0.0
61.46999999994409,527.2864539999441,0.0,0.0,0.0
61.479999999944084,527.2964539999441,0.0,0.0,0.0
61.489999999944075,527.3064539999441,0.0,0.0,0.0
61.499999999944066,527.3164539999441,0.0,0.0,0.0
61.50999999994406,527.3264539999441,0.0,0.0,0.0
61.51999999994405,527.3364539999441,0.0,0.0,0.0
61.52999999994404,527.3464539999441,0.0,0.0,0.0
61.53999999994403,527.356453999944,0.0,0.0,0.0
61.54999999994402,527.366453999944,0.0,0.0,0.0
61.55999999994401,527.376453999944,0.0,0.0,0.0
61.569999999944,527.386453999944,0.0,0.0,0.0
61.57999999994399,527.396453999944,0.0,0.0,0.0
61.589999999943984,527.406453999944,0.0,0.0,0.0
61.599999999943975,527.416453999944,0.0,0.0,0.0
61.609999999943966,527.426453999944,0.0,0.0,0.0
61.61999999994396,527.436453999944,0.0,0.0,0.0
61.62999999994395,527.446453999944,0.0,0.0,0.0
61.63999999994394,527.456453999944,0.0,0.0,0.0
61.64999999994393,527.466453999944,0.0,0.0,0.0
61.65999999994392,527.4764539999439,0.0,0.0,0.0
61.66999999994391,527.4864539999439,0.0,0.0,0.0
61.6799999999439,527.4964539999439,0.0,0.0,0.0
61.68999999994389,527.5064539999439,0.0,0.0,0.0
61.699999999943884,527.5164539999439,0.0,0.0,0.0
61.709999999943875,527.5264539999439,0.0,0.0,0.0
61.719999999943866,527.5364539999439,0.0,0.0,0.0
61.72999999994386,527.5464539999439,0.0,0.0,0.0
61.73999999994385,527.5564539999439,0.0,0.0,0.0
61.74999999994384,527.5664539999439,0.0,0.0,0.0
61.75999999994383,527.5764539999439,0.0,0.0,0.0
61.76999999994382,527.5864539999438,0.0,0.0,0.0
61.77999999994381,527.5964539999438,0.0,0.0,0.0
61.7899999999438,527.6064539999438,0.0,0.0,0.0
61.79999999994379,527.6164539999438,0.0,0.0,0.0
61.809999999943784,527.6264539999438,0.0,0.0,0.0
61.819999999943775,527.6364539999438,0.0,0.0,0.0
61.829999999943766,527.6464539999438,0.0,0.0,0.0
61.83999999994376,527.6564539999438,0.0,0.0,0.0
61.84999999994375,527.6664539999438,0.0,0.0,0.0
61.85999999994374,527.6764539999438,0.0,0.0,0.0
61.86999999994373,527.6864539999438,0.0,0.0,0.0
61.87999999994372,527.6964539999437,0.0,0.0,0.0
61.88999999994371,527.7064539999437,0.0,0.0,0.0
61.8999999999437,527.7164539999437,0.0,0.0,0.0
61.90999999994369,527.7264539999437,0.0,0.0,0.0
61.919999999943684,527.7364539999437,0.0,0.0,0.0
61.929999999943675,527.7464539999437,0.0,0.0,0.0
61.939999999943666,527.7564539999437,0.0,0.0,0.0
61.94999999994366,527.7664539999437,0.0,0.0,0.0
61.95999999994365,527.7764539999437,0.0,0.0,0.0
61.96999999994364,527.7864539999437,0.0,0.0,0.0
61.97999999994363,527.7964539999437,0.0,0.0,0.0
61.98999999994362,527.8064539999436,0.0,0.0,0.0
61.99999999994361,527.8164539999436,0.0,0.0,0.0
62.0099999999436,527.8264539999436,0.0,0.0,0.0
62.01999999994359,527.8364539999436,0.0,0.0,0.0
62.029999999943584,527.8464539999436,0.0,0.0,0.0
62.039999999943575,527.8564539999436,0.0,0.0,0.0
62.049999999943566,527.8664539999436,0.0,0.0,0.0
62.05999999994356,527.8764539999436,0.0,0.0,0.0
62.06999999994355,527.8864539999436,0.0,0.0,0.0
62.07999999994354,527.8964539999436,0.0,0.0,0.0
62.08999999994353,527.9064539999436,0.0,0.0,0.0
62.09999999994352,527.9164539999435,0.0,0.0,0.0
62.10999999994351,527.9264539999435,0.0,0.0,0.0
62.1199999999435,527.9364539999435,0.0,0.0,0.0
62.12999999994349,527.9464539999435,0.0,0.0,0.0
62.139999999943484,527.9564539999435,0.0,0.0,0.0
62.149999999943475,527.9664539999435,0.0,0.0,0.0
62.159999999943466,527.9764539999435,0.0,0.0,0.0
62.16999999994346,527.9864539999435,0.0,0.0,0.0
62.17999999994345,527.9964539999435,0.0,0.0,0.0
62.18999999994344,528.0064539999435,0.0,0.0,0.0
62.19999999994343,528.0164539999435,0.0,0.0,0.0
62.20999999994342,528.0264539999434,0.0,0.0,0.0
62.21999999994341,528.0364539999434,0.0,0.0,0.0
62.2299999999434,528.0464539999434,0.0,0.0,0.0
62.23999999994339,528.0564539999434,0.0,0.0,0.0
62.249999999943384,528.0664539999434,0.0,0.0,0.0
62.259999999943375,528.0764539999434,0.0,0.0,0.0
62.269999999943366,528.0864539999434,0.0,0.0,0.0
62.27999999994336,528.0964539999434,0.0,0.0,0.0
62.28999999994335,528.1064539999434,0.0,0.0,0.0
62.29999999994334,528.1164539999434,0.0,0.0,0.0
62.30999999994333,528.1264539999434,0.0,0.0,0.0
62.31999999994332,528.1364539999433,0.0,0.0,0.0
62.32999999994331,528.1464539999433,0.0,0.0,0.0
62.3399999999433,528.1564539999433,0.0,0.0,0.0
62.34999999994329,528.1664539999433,0.0,0.0,0.0
62.359999999943284,528.1764539999433,0.0,0.0,0.0
62.369999999943275,528.1864539999433,0.0,0.0,0.0
62.379999999943266,528.1964539999433,0.0,0.0,0.0
62.38999999994326,528.2064539999433,0.0,0.0,0.0
62.39999999994325,528.2164539999433,0.0,0.0,0.0
62.40999999994324,528.2264539999433,0.0,0.0,0.0
62.41999999994323,528.2364539999433,0.0,0.0,0.0
62.42999999994322,528.2464539999432,0.0,0.0,0.0
62.43999999994321,528.2564539999432,0.0,0.0,0.0
62.4499999999432,528.2664539999432,0.0,0.0,0.0
62.45999999994319,528.2764539999432,0.0,0.0,0.0
62.469999999943184,528.2864539999432,0.0,0.0,0.0
62.479999999943175,528.2964539999432,0.0,0.0,0.0
62.489999999943166,528.3064539999432,0.0,0.0,0.0
62.49999999994316,528.3164539999432,0.0,0.0,0.0
62.50999999994315,528.3264539999432,0.0,0.0,0.0
62.51999999994314,528.3364539999432,0.0,0.0,0.0
62.52999999994313,528.3464539999432,0.0,0.0,0.0
62.53999999994312,528.3564539999431,0.0,0.0,0.0
62.54999999994311,528.3664539999431,0.0,0.0,0.0
62.5599999999431,528.3764539999431,0.0,0.0,0.0
62.56999999994309,528.3864539999431,0.0,0.0,0.0
62.579999999943084,528.3964539999431,0.0,0.0,0.0
62.589999999943075,528.4064539999431,0.0,0.0,0.0
62.599999999943066,528.4164539999431,0.0,0.0,0.0
62.60999999994306,528.4264539999431,0.0,0.0,0.0
62.61999999994305,528.4364539999431,0.0,0.0,0.0
62.62999999994304,528.4464539999431,0.0,0.0,0.0
62.63999999994303,528.456453999943,0.0,0.0,0.0
62.64999999994302,528.466453999943,0.0,0.0,0.0
62.65999999994301,528.476453999943,0.0,0.0,0.0
62.669999999943,528.486453999943,0.0,0.0,0.0
62.67999999994299,528.496453999943,0.0,0.0,0.0
62.689999999942984,528.506453999943,0.0,0.0,0.0
62.699999999942975,528.516453999943,0.0,0.0,0.0
62.709999999942966,528.526453999943,0.0,0.0,0.0
62.71999999994296,528.536453999943,0.0,0.0,0.0
62.72999999994295,528.546453999943,0.0,0.0,0.0
62.73999999994294,528.556453999943,0.0,0.0,0.0
62.74999999994293,528.566453999943,0.0,0.0,0.0
62.75999999994292,528.5764539999429,0.0,0.0,0.0
62.76999999994291,528.5864539999429,0.0,0.0,0.0
62.7799999999429,528.5964539999429,0.0,0.0,0.0
62.78999999994289,528.6064539999429,0.0,0.0,0.0
62.799999999942884,528.6164539999429,0.0,0.0,0.0
62.809999999942875,528.6264539999429,0.0,0.0,0.0
62.819999999942866,528.6364539999429,0.0,0.0,0.0
62.82999999994286,528.6464539999429,0.0,0.0,0.0
62.83999999994285,528.6564539999429,0.0,0.0,0.0
62.84999999994284,528.6664539999429,0.0,0.0,0.0
62.85999999994283,528.6764539999429,0.0,0.0,0.0
62.86999999994282,528.6864539999428,0.0,0.0,0.0
62.87999999994281,528.6964539999428,0.0,0.0,0.0
62.8899999999428,528.7064539999428,0.0,0.0,0.0
62.89999999994279,528.7164539999428,0.0,0.0,0.0
62.909999999942784,528.7264539999428,0.0,0.0,0.0
62.919999999942775,528.7364539999428,0.0,0.0,0.0
62.929999999942765,528.7464539999428,0.0,0.0,0.0
62.939999999942756,528.7564539999428,0.0,0.0,0.0
62.94999999994275,528.7664539999428,0.0,0.0,0.0
62.95999999994274,528.7764539999428,0.0,0.0,0.0
62.96999999994273,528.7864539999428,0.0,0.0,0.0
62.97999999994272,528.7964539999427,0.0,0.0,0.0
62.98999999994271,528.8064539999427,0.0,0.0,0.0
62.9999999999427,528.8164539999427,0.0,0.0,0.0
63.00999999994269,528.8264539999427,0.0,0.0,0.0
63.019999999942684,528.8364539999427,0.0,0.0,0.0
63.029999999942675,528.8464539999427,0.0,0.0,0.0
63.039999999942665,528.8564539999427,0.0,0.0,0.0
63.049999999942656,528.8664539999427,0.0,0.0,0.0
63.05999999994265,528.8764539999427,0.0,0.0,0.0
63.06999999994264,528.8864539999427,0.0,0.0,0.0
63.07999999994263,528.8964539999427,0.0,0.0,0.0
63.08999999994262,528.9064539999426,0.0,0.0,0.0
63.09999999994261,528.9164539999426,0.0,0.0,0.0
63.1099999999426,528.9264539999426,0.0,0.0,0.0
63.11999999994259,528.9364539999426,0.0,0.0,0.0
63.129999999942584,528.9464539999426,0.0,0.0,0.0
63.139999999942575,528.9564539999426,0.0,0.0,0.0
63.149999999942565,528.9664539999426,0.0,0.0,0.0
63.159999999942556,528.9764539999426,0.0,0.0,0.0
63.16999999994255,528.9864539999426,0.0,0.0,0.0
63.17999999994254,528.9964539999426,0.0,0.0,0.0
63.18999999994253,529.0064539999426,0.0,0.0,0.0
63.19999999994252,529.0164539999425,0.0,0.0,0.0
63.20999999994251,529.0264539999425,0.0,0.0,0.0
63.2199999999425,529.0364539999425,0.0,0.0,0.0
63.22999999994249,529.0464539999425,0.0,0.0,0.0
63.239999999942484,529.0564539999425,0.0,0.0,0.0
63.249999999942474,529.0664539999425,0.0,0.0,0.0
63.259999999942465,529.0764539999425,0.0,0.0,0.0
63.269999999942456,529.0864539999425,0.0,0.0,0.0
63.27999999994245,529.0964539999425,0.0,0.0,0.0
63.28999999994244,529.1064539999425,0.0,0.0,0.0
63.29999999994243,529.1164539999425,0.0,0.0,0.0
63.30999999994242,529.1264539999424,0.0,0.0,0.0
63.31999999994241,529.1364539999424,0.0,0.0,0.0
63.3299999999424,529.1464539999424,0.0,0.0,0.0
63.33999999994239,529.1564539999424,0.0,0.0,0.0
63.34999999994238,529.1664539999424,0.0,0.0,0.0
63.359999999942374,529.1764539999424,0.0,0.0,0.0
63.369999999942365,529.1864539999424,0.0,0.0,0.0
63.379999999942356,529.1964539999424,0.0,0.0,0.0
63.38999999994235,529.2064539999424,0.0,0.0,0.0
63.39999999994234,529.2164539999424,0.0,0.0,0.0
63.40999999994233,529.2264539999424,0.0,0.0,0.0
63.41999999994232,529.2364539999423,0.0,0.0,0.0
63.42999999994231,529.2464539999423,0.0,0.0,0.0
63.4399999999423,529.2564539999423,0.0,0.0,0.0
63.44999999994229,529.2664539999423,0.0,0.0,0.0
63.45999999994228,529.2764539999423,0.0,0.0,0.0
63.469999999942274,529.2864539999423,0.0,0.0,0.0
63.479999999942265,529.2964539999423,0.0,0.0,0.0
63.489999999942256,529.3064539999423,0.0,0.0,0.0
63.49999999994225,529.3164539999423,0.0,0.0,0.0
63.50999999994224,529.3264539999423,0.0,0.0,0.0
63.51999999994223,529.3364539999423,0.0,0.0,0.0
63.52999999994222,529.3464539999422,0.0,0.0,0.0
63.53999999994221,529.3564539999422,0.0,0.0,0.0
63.5499999999422,529.3664539999422,0.0,0.0,0.0
63.55999999994219,529.3764539999422,0.0,0.0,0.0
63.56999999994218,529.3864539999422,0.0,0.0,0.0
63.579999999942174,529.3964539999422,0.0,0.0,0.0
63.589999999942165,529.4064539999422,0.0,0.0,0.0
63.599999999942156,529.4164539999422,0.0,0.0,0.0
63.60999999994215,529.4264539999422,0.0,0.0,0.0
63.61999999994214,529.4364539999422,0.0,0.0,0.0
63.62999999994213,529.4464539999422,0.0,0.0,0.0
63.63999999994212,529.4564539999421,0.0,0.0,0.0
63.64999999994211,529.4664539999421,0.0,0.0,0.0
63.6599999999421,529.4764539999421,0.0,0.0,0.0
63.66999999994209,529.4864539999421,0.0,0.0,0.0
63.67999999994208,529.4964539999421,0.0,0.0,0.0
63.689999999942074,529.5064539999421,0.0,0.0,0.0
63.699999999942065,529.5164539999421,0.0,0.0,0.0
63.709999999942056,529.5264539999421,0.0,0.0,0.0
63.71999999994205,529.5364539999421,0.0,0.0,0.0
63.72999999994204,529.5464539999421,0.0,0.0,0.0
63.73999999994203,529.556453999942,0.0,0.0,0.0
63.74999999994202,529.566453999942,0.0,0.0,0.0
63.75999999994201,529.576453999942,0.0,0.0,0.0
63.769999999942,529.586453999942,0.0,0.0,0.0
63.77999999994199,529.596453999942,0.0,0.0,0.0
63.78999999994198,529.606453999942,0.0,0.0,0.0
63.799999999941974,529.616453999942,0.0,0.0,0.0
63.809999999941965,529.626453999942,0.0,0.0,0.0
63.819999999941956,529.636453999942,0.0,0.0,0.0
63.82999999994195,529.646453999942,0.0,0.0,0.0
63.83999999994194,529.656453999942,0.0,0.0,0.0
63.84999999994193,529.666453999942,0.0,0.0,0.0
63.85999999994192,529.6764539999419,0.0,0.0,0.0
63.86999999994191,529.6864539999419,0.0,0.0,0.0
63.8799999999419,529.6964539999419,0.0,0.0,0.0
63.88999999994189,529.7064539999419,0.0,0.0,0.0
63.89999999994188,529.7164539999419,0.0,0.0,0.0
63.909999999941874,529.7264539999419,0.0,0.0,0.0
63.919999999941865,529.7364539999419,0.0,0.0,0.0
63.929999999941856,529.7464539999419,0.0,0.0,0.0
63.93999999994185,529.7564539999419,0.0,0.0,0.0
63.94999999994184,529.7664539999419,0.0,0.0,0.0
63.95999999994183,529.7764539999419,0.0,0.0,0.0
63.96999999994182,529.7864539999418,0.0,0.0,0.0
63.97999999994181,529.7964539999418,0.0,0.0,0.0
63.9899999999418,529.8064539999418,0.0,0.0,0.0
63.99999999994179,529.8164539999418,0.0,0.0,0.0
64.00999999994178,529.8264539999418,0.0,0.0,0.0
64.01999999994177,529.8364539999418,0.0,0.0,0.0
64.02999999994177,529.8464539999418,0.0,0.0,0.0
64.03999999994176,529.8564539999418,0.0,0.0,0.0
64.04999999994175,529.8664539999418,0.0,0.0,0.0
64.05999999994174,529.8764539999418,0.0,0.0,0.0
64.06999999994173,529.8864539999418,0.0,0.0,0.0
64.07999999994172,529.8964539999417,0.0,0.0,0.0
64.08999999994171,529.9064539999417,0.0,0.0,0.0
64.0999999999417,529.9164539999417,0.0,0.0,0.0
64.10999999994169,529.9264539999417,0.0,0.0,0.0
64.11999999994168,529.9364539999417,0.0,0.0,0.0
64.12999999994167,529.9464539999417,0.0,0.0,0.0
64.13999999994167,529.9564539999417,0.0,0.0,0.0
64.14999999994166,529.9664539999417,0.0,0.0,0.0
64.15999999994165,529.9764539999417,0.0,0.0,0.0
64.16999999994164,529.9864539999417,0.0,0.0,0.0
64.17999999994163,529.9964539999417,0.0,0.0,0.0
64.18999999994162,530.0064539999416,0.0,0.0,0.0
64.19999999994161,530.0164539999416,0.0,0.0,0.0
64.2099999999416,530.0264539999416,0.0,0.0,0.0
64.21999999994159,530.0364539999416,0.0,0.0,0.0
64.22999999994158,530.0464539999416,0.0,0.0,0.0
64.23999999994157,530.0564539999416,0.0,0.0,0.0
64.24999999994156,530.0664539999416,0.0,0.0,0.0
64.25999999994156,530.0764539999416,0.0,0.0,0.0
64.26999999994155,530.0864539999416,0.0,0.0,0.0
64.27999999994154,530.0964539999416,0.0,0.0,0.0
64.28999999994153,530.1064539999416,0.0,0.0,0.0
64.29999999994152,530.1164539999415,0.0,0.0,0.0
64.30999999994151,530.1264539999415,0.0,0.0,0.0
64.3199999999415,530.1364539999415,0.0,0.0,0.0
64.32999999994149,530.1464539999415,0.0,0.0,0.0
64.33999999994148,530.1564539999415,0.0,0.0,0.0
64.34999999994147,530.1664539999415,0.0,0.0,0.0
64.35999999994146,530.1764539999415,0.0,0.0,0.0
64.36999999994146,530.1864539999415,0.0,0.0,0.0
64.37999999994145,530.1964539999415,0.0,0.0,0.0
64.38999999994144,530.2064539999415,0.0,0.0,0.0
64.39999999994143,530.2164539999415,0.0,0.0,0.0
64.40999999994142,530.2264539999414,0.0,0.0,0.0
64.41999999994141,530.2364539999414,0.0,0.0,0.0
64.4299999999414,530.2464539999414,0.0,0.0,0.0
64.43999999994139,530.2564539999414,0.0,0.0,0.0
64.44999999994138,530.2664539999414,0.0,0.0,0.0
64.45999999994137,530.2764539999414,0.0,0.0,0.0
64.46999999994136,530.2864539999414,0.0,0.0,0.0
64.47999999994136,530.2964539999414,0.0,0.0,0.0
64.48999999994135,530.3064539999414,0.0,0.0,0.0
64.49999999994134,530.3164539999414,0.0,0.0,0.0
64.50999999994133,530.3264539999414,0.0,0.0,0.0
64.51999999994132,530.3364539999413,0.0,0.0,0.0
64.52999999994131,530.3464539999413,0.0,0.0,0.0
64.5399999999413,530.3564539999413,0.0,0.0,0.0
64.54999999994129,530.3664539999413,0.0,0.0,0.0
64.55999999994128,530.3764539999413,0.0,0.0,0.0
64.56999999994127,530.3864539999413,0.0,0.0,0.0
64.57999999994126,530.3964539999413,0.0,0.0,0.0
64.58999999994126,530.4064539999413,0.0,0.0,0.0
64.59999999994125,530.4164539999413,0.0,0.0,0.0
64.60999999994124,530.4264539999413,0.0,0.0,0.0
64.61999999994123,530.4364539999413,0.0,0.0,0.0
64.62999999994122,530.4464539999412,0.0,0.0,0.0
64.63999999994121,530.4564539999412,0.0,0.0,0.0
64.6499999999412,530.4664539999412,0.0,0.0,0.0
64.65999999994119,530.4764539999412,0.0,0.0,0.0
64.66999999994118,530.4864539999412,0.0,0.0,0.0
64.67999999994117,530.4964539999412,0.0,0.0,0.0
64.68999999994116,530.5064539999412,0.0,0.0,0.0
64.69999999994116,530.5164539999412,0.0,0.0,0.0
64.70999999994115,530.5264539999412,0.0,0.0,0.0
64.71999999994114,530.5364539999412,0.0,0.0,0.0
64.72999999994113,530.5464539999411,0.0,0.0,0.0
64.73999999994112,530.5564539999411,0.0,0.0,0.0
64.74999999994111,530.5664539999411,0.0,0.0,0.0
64.7599999999411,530.5764539999411,0.0,0.0,0.0
64.76999999994109,530.5864539999411,0.0,0.0,0.0
64.77999999994108,530.5964539999411,0.0,0.0,0.0
64.78999999994107,530.6064539999411,0.0,0.0,0.0
64.79999999994106,530.6164539999411,0.0,0.0,0.0
64.80999999994106,530.6264539999411,0.0,0.0,0.0
64.81999999994105,530.6364539999411,0.0,0.0,0.0
64.82999999994104,530.6464539999411,0.0,0.0,0.0
64.83999999994103,530.656453999941,0.0,0.0,0.0
64.84999999994102,530.666453999941,0.0,0.0,0.0
64.85999999994101,530.676453999941,0.0,0.0,0.0
64.869999999941,530.686453999941,0.0,0.0,0.0
64.87999999994099,530.696453999941,0.0,0.0,0.0
64.88999999994098,530.706453999941,0.0,0.0,0.0
64.89999999994097,530.716453999941,0.0,0.0,0.0
64.90999999994096,530.726453999941,0.0,0.0,0.0
64.91999999994096,530.736453999941,0.0,0.0,0.0
64.92999999994095,530.746453999941,0.0,0.0,0.0
64.93999999994094,530.756453999941,0.0,0.0,0.0
64.94999999994093,530.766453999941,0.0,0.0,0.0
64.95999999994092,530.7764539999409,0.0,0.0,0.0
64.96999999994091,530.7864539999409,0.0,0.0,0.0
64.9799999999409,530.7964539999409,0.0,0.0,0.0
64.98999999994089,530.8064539999409,0.0,0.0,0.0
64.99999999994088,530.8164539999409,0.0,0.0,0.0
65.00999999994087,530.8264539999409,0.0,0.0,0.0
65.01999999994086,530.8364539999409,0.0,0.0,0.0
65.02999999994086,530.8464539999409,0.0,0.0,0.0
65.03999999994085,530.8564539999409,0.0,0.0,0.0
65.04999999994084,530.8664539999409,0.0,0.0,0.0
65.05999999994083,530.8764539999408,0.0,0.0,0.0
65.06999999994082,530.8864539999408,0.0,0.0,0.0
65.07999999994081,530.8964539999408,0.0,0.0,0.0
65.0899999999408,530.9064539999408,0.0,0.0,0.0
65.09999999994079,530.9164539999408,0.0,0.0,0.0
65.10999999994078,530.9264539999408,0.0,0.0,0.0
65.11999999994077,530.9364539999408,0.0,0.0,0.0
65.12999999994076,530.9464539999408,0.0,0.0,0.0
65.13999999994076,530.9564539999408,0.0,0.0,0.0
65.14999999994075,530.9664539999408,0.0,0.0,0.0
65.15999999994074,530.9764539999408,0.0,0.0,0.0
65.16999999994073,530.9864539999407,0.0,0.0,0.0
65.17999999994072,530.9964539999407,0.0,0.0,0.0
65.18999999994071,531.0064539999407,0.0,0.0,0.0
65.1999999999407,531.0164539999407,0.0,0.0,0.0
65.20999999994069,531.0264539999407,0.0,0.0,0.0
65.21999999994068,531.0364539999407,0.0,0.0,0.0
65.22999999994067,531.0464539999407,0.0,0.0,0.0
65.23999999994066,531.0564539999407,0.0,0.381080808384094,0.0
65.24999999994066,531.0664539999407,0.0,1.1743381212243833,0.0
65.25999999994065,531.0764539999407,0.0,1.9675954340646729,0.0
65.26999999994064,531.0864539999407,0.0,2.760852746904962,0.0
65.27999999994063,531.0964539999406,0.0,3.5541100597452515,0.0
65.28999999994062,531.1064539999406,0.0,4.34736737258554,0.0
65.29999999994061,531.1164539999406,0.0,5.14062468542583,0.0
65.3099999999406,531.1264539999406,0.0,5.93388199826612,0.0
65.31999999994059,531.1364539999406,0.0,6.727139311106409,0.0
65.32999999994058,531.1464539999406,0.0,7.520396623946699,0.0
65.33999999994057,531.1564539999406,0.0,8.313653936786988,0.0
65.34999999994056,531.1664539999406,0.0,9.106911249627277,0.0
65.35999999994056,531.1764539999406,0.0,9.900168562467567,0.0
65.36999999994055,531.1864539999406,0.0,10.693425875307856,0.0
65.37999999994054,531.1964539999406,0.0,11.486683188148145,0.0
65.38999999994053,531.2064539999405,0.0,12.279940500988435,0.0
65.39999999994052,531.2164539999405,0.0,13.073197813828724,0.0
65.40999999994051,531.2264539999405,0.0,13.866455126669013,0.0
65.4199999999405,531.2364539999405,0.0,14.659712439509303,0.0
65.42999999994049,531.2464539999405,0.0,15.452969752349592,0.0
65.43999999994048,531.2564539999405,0.0,17.53132705503136,16.0
65.44999999994047,531.2664539999405,0.0,22.46472616701382,16.0
65.45999999994046,531.2764539999405,0.0,27.39812527899628,16.0
65.46999999994046,531.2864539999405,0.0,32.33152439097874,16.0
65.47999999994045,531.2964539999405,0.0,37.264923502961196,16.0
65.48999999994044,531.3064539999405,0.0,42.19832261494366,16.0
65.49999999994043,531.3164539999404,0.0,47.131721726926116,16.0
65.50999999994042,531.3264539999404,3.6573912267073236,52.06512083890858,16.0
65.51999999994041,531.3364539999404,14.313599946378247,56.99851995089104,16.0
65.5299999999404,531.3464539999404,22.414205562956376,61.9319190628735,16.0
65.53999999994039,531.3564539999404,30.47655908855683,66.86531817485596,16.0
65.54999999994038,531.3664539999404,38.56102999687473,71.79871728683841,16.0
65.55999999994037,531.3764539999404,47.5255318515034,76.73211639882088,16.0
65.56999999994036,531.3864539999404,59.40087904236052,81.66551551080333,16.0
65.57999999994036,531.3964539999404,72.00994916601326,86.5989146227858,16.0
65.58999999994035,531.4064539999404,83.33599993602915,91.53231373476825,16.0
65.59999999994034,531.4164539999404,92.91652168726507,96.46571284675072,16.0
65.60999999994033,531.4264539999403,99.5257142573089,101.39911195873317,16.0
65.61999999994032,531.4364539999403,104.62513657943283,106.33251107071564,16.0
65.62999999994031,531.4464539999403,109.00141590809244,111.2659101826981,16.0
65.6399999999403,531.4564539999403,112.01847951820871,116.01792015506584,116.0
65.64999999994029,531.4664539999403,113.54497652022143,116.46148841529215,116.0
65.65999999994028,531.4764539999403,115.67156754821815,116.90505667551845,116.0
65.66999999994027,531.4864539999403,117.0,117.34862493574477,116.0
65.67999999994026,531.4964539999403,117.48870587532622,117.79219319597108,116.0
65.68999999994026,531.5064539999403,118.90103584705764,118.23576145619738,116.0
65.69999999994025,531.5164539999403,120.0,118.6793297164237,116.0
65.70999999994024,531.5264539999403,120.0,119.12289797665001,116.0
65.71999999994023,531.5364539999402,120.0,119.56646623687632,116.0
65.72999999994022,531.5464539999402,119.36479042632097,120.01003449710262,116.0
65.73999999994021,531.5564539999402,118.16718563590393,120.45360275732894,116.0
65.7499999999402,531.5664539999402,116.43873016505653,120.89717101755525,116.0
65.75999999994019,531.5764539999402,116.58539999402053,121.34073927778155,116.0
65.76999999994018,531.5864539999402,117.57392156276805,121.78430753800787,116.0
65.77999999994017,531.5964539999402,119.73081630823262,122.22787579823418,116.0
65.78999999994016,531.6064539999402,122.75619998206162,122.6714440584605,116.0
65.79999999994016,531.6164539999402,125.1097630218424,123.1150123186868,116.0
65.80999999994015,531.6264539999402,126.0,123.55858057891311,116.0
65.81999999994014,531.6364539999402,125.41751244375993,124.00214883913942,116.0
65.82999999994013,531.6464539999401,123.97726873300155,124.44571709936572,116.0
65.83999999994012,531.6564539999401,122.15962265279585,124.88928535959204,116.0
65.84999999994011,531.6664539999401,121.0,124.92562933656959,125.0
65.8599999999401,531.6764539999401,121.0,124.8265213088194,125.0
65.86999999994009,531.6864539999401,122.07866665335604,124.7274132810692,125.0
65.87999999994008,531.6964539999401,124.00068375045022,124.62830525331901,125.0
65.88999999994007,531.7064539999401,125.0,124.52919722556882,125.0
65.89999999994006,531.7164539999401,125.0,124.43008919781863,125.0
65.90999999994006,531.7264539999401,124.57088436189208,124.33098117006844,125.0
65.91999999994005,531.7364539999401,123.11726236652461,124.23187314231825,125.0
65.92999999994004,531.7464539999401,121.6181295050203,124.13276511456806,125.0
65.93999999994003,531.75645399994,120.59546099715715,124.03365708681787,125.0
65.94999999994002,531.76645399994,120.0,123.93454905906768,125.0
65.95999999994001,531.77645399994,121.13928203899123,123.83544103131749,125.0
65.96999999994,531.78645399994,123.1550248636907,123.73633300356731,125.0
65.97999999993999,531.79645399994,125.6439999828598,123.63722497581712,125.0
65.98999999993998,531.80645399994,127.55597882962975,123.53811694806693,125.0
65.99999999993997,531.81645399994,128.0,123.43900892031674,125.0
66.00999999993996,531.82645399994,127.5152083395831,123.33990089256655,125.0
66.01999999993996,531.83645399994,125.90724325622216,123.24079286481636,125.0
66.02999999993995,531.84645399994,123.95892377758516,123.14168483706617,125.0
66.03999999993994,531.85645399994,122.62467742419766,123.04257680931597,125.0
66.04999999993993,531.86645399994,122.0,120.49861544882506,123.0
66.05999999993992,531.8764539999399,122.0,116.11329886839023,123.0
66.06999999993991,531.8864539999399,122.54754716414605,111.72798228795541,123.0
66.0799999999399,531.8964539999399,122.44638298511106,107.3426657075206,123.0
66.08999999993989,531.9064539999399,121.5039316290619,102.95734912708576,123.0
66.09999999993988,531.9164539999399,120.62348624404035,98.57203254665095,123.0
66.10999999993987,531.9264539999399,119.11816515413999,94.18671596621613,123.0
66.11999999993986,531.9364539999399,115.93661541234081,89.80139938578131,123.0
66.12999999993986,531.9464539999399,112.35347519436091,85.41608280534648,123.0
66.13999999993985,531.9564539999399,108.39623535070844,81.03076622491166,123.0
66.14999999993984,531.9664539999399,98.53621628123372,76.64544964447683,123.0
66.15999999993983,531.9764539999398,89.0487204304256,72.26013306404201,123.0
66.16999999993982,531.9864539999398,80.57557899798363,67.87481648360719,123.0
66.17999999993981,531.9964539999398,72.37366839004451,63.489499903172366,123.0
66.1899999999398,532.0064539999398,63.36504860208245,59.10418332273755,123.0
66.19999999993979,532.0164539999398,52.790359042201246,54.71886674230272,123.0
66.20999999993978,532.0264539999398,39.903919682577914,50.333550161867905,123.0
66.21999999993977,532.0364539999398,25.67139022084443,45.94823358143307,123.0
66.22999999993976,532.0464539999398,14.333212168641658,41.562917000998254,123.0
66.23999999993976,532.0564539999398,6.454424289891779,37.17760042056344,123.0
66.24999999993975,532.0664539999398,0.0,33.53542050134156,34.0
66.25999999993974,532.0764539999398,0.0,31.84849418033092,34.0
66.26999999993973,532.0864539999397,0.0,30.16156785932028,34.0
66.27999999993972,532.0964539999397,0.0,28.474641538309633,34.0
66.28999999993971,532.1064539999397,0.0,26.78771521729899,34.0
66.2999999999397,532.1164539999397,0.0,25.10078889628835,34.0
66.30999999993969,532.1264539999397,0.0,23.413862575277705,34.0
66.31999999993968,532.1364539999397,0.0,21.726936254267063,34.0
66.32999999993967,532.1464539999397,0.0,20.04000993325642,34.0
66.33999999993966,532.1564539999397,0.0,18.353083612245776,34.0
66.34999999993966,532.1664539999397,0.0,16.666157291235134,34.0
66.35999999993965,532.1764539999397,0.0,14.979230970224492,34.0
66.36999999993964,532.1864539999397,0.0,13.29230464921385,34.0
66.37999999993963,532.1964539999396,0.0,11.605378328203209,34.0
66.38999999993962,532.2064539999396,0.0,9.918452007192563,34.0
66.39999999993961,532.2164539999396,0.0,8.231525686181921,34.0
66.4099999999396,532.2264539999396,0.0,6.54459936517128,34.0
66.41999999993959,532.2364539999396,0.0,4.857673044160638,34.0
66.42999999993958,532.2464539999396,0.0,3.1707467231499926,34.0
66.43999999993957,532.2564539999396,0.0,1.4838204021393508,34.0
66.44999999993956,532.2664539999396,0.0,0.0,0.0
66.45999999993955,532.2764539999396,0.0,0.0,0.0
66.46999999993955,532.2864539999396,0.0,0.0,0.0
66.47999999993954,532.2964539999396,0.0,0.0,0.0
66.48999999993953,532.3064539999395,0.0,0.0,0.0
66.49999999993952,532.3164539999395,0.0,0.0,0.0
66.50999999993951,532.3264539999395,0.0,0.0,0.0
66.5199999999395,532.3364539999395,0.0,0.0,0.0
66.52999999993949,532.3464539999395,0.0,0.0,0.0
66.53999999993948,532.3564539999395,0.0,0.0,0.0
66.54999999993947,532.3664539999395,0.0,0.0,0.0
66.55999999993946,532.3764539999395,0.0,0.0,0.0
66.56999999993945,532.3864539999395,0.0,0.0,0.0
66.57999999993945,532.3964539999395,0.0,0.0,0.0
66.58999999993944,532.4064539999395,0.0,0.0,0.0
66.59999999993943,532.4164539999394,0.0,0.0,0.0
66.60999999993942,532.4264539999394,0.0,0.0,0.0
66.61999999993941,532.4364539999394,0.0,0.0,0.0
66.6299999999394,532.4464539999394,0.0,0.0,0.0
66.63999999993939,532.4564539999394,0.0,0.0,0.0
66.64999999993938,532.4664539999394,0.0,0.0,0.0
66.65999999993937,532.4764539999394,0.0,0.4187221366732426,0.0
66.66999999993936,532.4864539999394,0.0,0.9140168370194414,0.0
66.67999999993935,532.4964539999394,0.0,1.40931153736564,0.0
66.68999999993935,532.5064539999394,0.0,1.9046062377118387,0.0
66.69999999993934,532.5164539999394,0.0,2.3999009380580376,0.0
66.70999999993933,532.5264539999393,0.0,2.8951956384042363,0.0
66.71999999993932,532.5364539999393,0.0,3.390490338750435,0.0
66.72999999993931,532.5464539999393,0.0,3.8857850390966338,0.0
66.7399999999393,532.5564539999393,0.0,4.381079739442832,0.0
66.74999999993929,532.5664539999393,0.0,4.876374439789031,0.0
66.75999999993928,532.5764539999393,0.0,5.3716691401352294,0.0
66.76999999993927,532.5864539999393,0.0,5.866963840481429,0.0
66.77999999993926,532.5964539999393,0.0,6.362258540827627,0.0
66.78999999993925,532.6064539999393,0.0,6.857553241173826,0.0
66.79999999993925,532.6164539999393,0.0,7.352847941520024,0.0
66.80999999993924,532.6264539999393,0.0,7.8481426418662235,0.0
66.81999999993923,532.6364539999392,0.0,8.343437342212422,0.0
66.82999999993922,532.6464539999392,0.0,8.83873204255862,0.0
66.83999999993921,532.6564539999392,0.0,9.33402674290482,0.0
66.8499999999392,532.6664539999392,0.0,9.829321443251018,0.0
66.85999999993919,532.6764539999392,0.0,11.914761061720547,10.0
66.86999999993918,532.6864539999392,0.0,14.836276288258958,10.0
66.87999999993917,532.6964539999392,0.0,17.75779151479737,10.0
66.88999999993916,532.7064539999392,0.0,20.67930674133578,10.0
66.89999999993915,532.7164539999392,0.0,23.60082196787419,10.0
66.90999999993915,532.7264539999392,0.0,26.5223371944126,10.0
66.91999999993914,532.7364539999392,0.0,29.44385242095101,10.0
66.92999999993913,532.7464539999391,0.0,32.36536764748942,10.0
66.93999999993912,532.7564539999391,0.0,35.28688287402783,10.0
66.94999999993911,532.7664539999391,0.0,38.20839810056624,10.0
66.9599999999391,532.7764539999391,1.3689440616003787,41.12991332710465,10.0
66.96999999993909,532.7864539999391,7.474723368002253,44.05142855364306,10.0
66.97999999993908,532.7964539999391,14.80759116979668,46.972943780181474,10.0
66.98999999993907,532.8064539999391,24.322178940939846,49.894459006719885,10.0
66.99999999993906,532.8164539999391,32.82771235460804,52.815974233258295,10.0
67.00999999993905,532.8264539999391,43.3199999359462,55.737489459796706,10.0
67.01999999993905,532.8364539999391,52.876682873370015,58.659004686335116,10.0
67.02999999993904,532.8464539999391,61.13970726951488,61.58051991287353,10.0
67.03999999993903,532.856453999939,69.88309172852993,64.50203513941193,10.0
67.04999999993902,532.866453999939,77.58935776459494,67.42355036595035,10.0
67.05999999993901,532.876453999939,83.6851764275636,69.82153158763488,69.0
67.069999999939,532.886453999939,88.63199998124874,71.6059182047341,69.0
67.07999999993899,532.896453999939,91.62556095775673,73.39030482183331,69.0
67.08999999993898,532.906453999939,94.46654376194297,75.17469143893253,69.0
67.09999999993897,532.916453999939,97.23152072048062,76.95907805603174,69.0
67.10999999993896,532.926453999939,100.22169489458926,78.74346467313096,69.0
67.11999999993895,532.936453999939,102.49520832698015,80.52785129023017,69.0
67.12999999993895,532.946453999939,104.06818651586119,82.31223790732939,69.0
67.13999999993894,532.956453999939,105.0,84.0966245244286,69.0
67.14999999993893,532.966453999939,105.0,85.88101114152782,69.0
67.15999999993892,532.9764539999389,105.0,87.66539775862704,69.0
67.16999999993891,532.9864539999389,105.0,89.44978437572625,69.0
67.1799999999389,532.9964539999389,105.0,91.23417099282547,69.0
67.18999999993889,533.0064539999389,104.30318842350279,93.01855760992468,69.0
67.19999999993888,533.0164539999389,103.0,94.8029442270239,69.0
67.20999999993887,533.0264539999389,102.75127820467875,96.58733084412312,69.0
67.21999999993886,533.0364539999389,102.0,98.37171746122232,69.0
67.22999999993885,533.0464539999389,101.4603921628535,100.15610407832153,69.0
67.23999999993885,533.0564539999389,99.92486487725246,101.94049069542075,69.0
67.24999999993884,533.0664539999389,97.8042718683801,103.72487731251996,69.0
67.25999999993883,533.0764539999388,93.42596156786273,103.51464687194488,105.0
67.26999999993882,533.0864539999388,87.93567014091218,98.31018590540843,105.0
67.27999999993881,533.0964539999388,80.68902569120505,93.10572493887199,105.0
67.2899999999388,533.1064539999388,70.01931715072861,87.90126397233554,105.0
67.29999999993879,533.1164539999388,57.13547746680179,82.6968030057991,105.0
67.30999999993878,533.1264539999388,41.845888430420075,77.49234203926264,105.0
67.31999999993877,533.1364539999388,25.689142950349062,72.28788107272621,105.0
67.32999999993876,533.1464539999388,10.605970240529768,67.08342010618975,105.0
67.33999999993875,533.1564539999388,1.4348936365428455,61.87895913965331,105.0
67.34999999993875,533.1664539999388,0.0,56.67449817311686,105.0
67.35999999993874,533.1764539999388,0.0,51.470037206580415,105.0
67.36999999993873,533.1864539999387,0.0,46.26557624004397,105.0
67.37999999993872,533.1964539999387,0.0,41.061115273507525,105.0
67.38999999993871,533.2064539999387,0.0,35.85665430697108,105.0
67.3999999999387,533.2164539999387,0.0,30.652193340434636,105.0
67.40999999993869,533.2264539999387,0.0,25.44773237389819,105.0
67.41999999993868,533.2364539999387,0.0,20.243271407361746,105.0
67.42999999993867,533.2464539999387,0.0,15.038810440825301,105.0
67.43999999993866,533.2564539999387,0.0,9.834349474288857,105.0
67.44999999993865,533.2664539999387,0.0,4.629888507752398,105.0
67.45999999993865,533.2764539999387,0.0,0.0,0.0
67.46999999993864,533.2864539999387,0.0,0.0,0.0
67.47999999993863,533.2964539999386,0.0,0.0,0.0
67.48999999993862,533.3064539999386,0.0,0.0,0.0
67.49999999993861,533.3164539999386,0.0,0.0,0.0
67.5099999999386,533.3264539999386,0.0,0.0,0.0
67.51999999993859,533.3364539999386,0.0,0.0,0.0
67.52999999993858,533.3464539999386,0.0,0.0,0.0
67.53999999993857,533.3564539999386,0.0,0.0,0.0
67.54999999993856,533.3664539999386,0.0,0.0,0.0
67.55999999993855,533.3764539999386,0.0,0.0,0.0
67.56999999993855,533.3864539999386,0.0,0.0,0.0
67.57999999993854,533.3964539999386,0.0,0.0,0.0
67.58999999993853,533.4064539999385,0.0,0.0,0.0
67.59999999993852,533.4164539999385,0.0,0.0,0.0
67.60999999993851,533.4264539999385,0.0,0.0,0.0
67.6199999999385,533.4364539999385,0.0,0.0,0.0
67.62999999993849,533.4464539999385,0.0,0.0,0.0
67.63999999993848,533.4564539999385,0.0,0.0,0.0
67.64999999993847,533.4664539999385,0.0,0.0,0.0
67.65999999993846,533.4764539999385,0.0,0.0,0.0
67.66999999993845,533.4864539999385,0.0,1.1792614533620243,0.0
67.67999999993845,533.4964539999385,0.0,2.6166840060252814,0.0
67.68999999993844,533.5064539999385,0.0,4.054106558688538,0.0
67.69999999993843,533.5164539999384,0.0,5.491529111351795,0.0
67.70999999993842,533.5264539999384,0.0,6.928951664015052,0.0
67.71999999993841,533.5364539999384,0.0,8.36637421667831,0.0
67.7299999999384,533.5464539999384,0.0,9.803796769341567,0.0
67.73999999993839,533.5564539999384,0.0,11.241219322004822,0.0
67.74999999993838,533.5664539999384,0.0,12.67864187466808,0.0
67.75999999993837,533.5764539999384,0.0,14.116064427331336,0.0
67.76999999993836,533.5864539999384,0.0,15.553486979994593,0.0
67.77999999993835,533.5964539999384,0.0,16.99090953265785,0.0
67.78999999993835,533.6064539999384,0.0,18.428332085321106,0.0
67.79999999993834,533.6164539999384,0.0,19.865754637984363,0.0
67.80999999993833,533.6264539999383,0.0,21.30317719064762,0.0
67.81999999993832,533.6364539999383,0.0,22.740599743310877,0.0
67.82999999993831,533.6464539999383,0.0,24.178022295974134,0.0
67.8399999999383,533.6564539999383,0.0,25.61544484863739,0.0
67.84999999993829,533.6664539999383,0.0,27.05286740130065,0.0
67.85999999993828,533.6764539999383,0.0,28.490289953963906,0.0
67.86999999993827,533.6864539999383,0.0,28.584231916756917,29.0
67.87999999993826,533.6964539999383,0.0,27.940029736381046,29.0
67.88999999993825,533.7064539999383,0.0,27.295827556005175,29.0
67.89999999993825,533.7164539999383,0.0,26.651625375629308,29.0
67.90999999993824,533.7264539999383,0.0,26.007423195253438,29.0
67.91999999993823,533.7364539999382,0.0,25.363221014877567,29.0
67.92999999993822,533.7464539999382,0.0,24.719018834501696,29.0
67.93999999993821,533.7564539999382,0.0,24.074816654125826,29.0
67.9499999999382,533.7664539999382,0.0,23.430614473749955,29.0
67.95999999993819,533.7764539999382,0.0,22.786412293374084,29.0
67.96999999993818,533.7864539999382,0.0,22.142210112998214,29.0
67.97999999993817,533.7964539999382,0.0,21.498007932622343,29.0
67.98999999993816,533.8064539999382,0.0,20.853805752246473,29.0
67.99999999993815,533.8164539999382,0.0,20.209603571870602,29.0
68.00999999993815,533.8264539999382,0.0,19.565401391494735,29.0
68.01999999993814,533.8364539999382,0.0,18.921199211118864,29.0
68.02999999993813,533.8464539999381,0.0,18.276997030742994,29.0
68.03999999993812,533.8564539999381,0.0,17.632794850367123,29.0
68.04999999993811,533.8664539999381,0.0,16.988592669991256,29.0
68.0599999999381,533.8764539999381,0.0,16.344390489615385,29.0
68.06999999993809,533.8864539999381,0.0,15.930812686747542,16.0
68.07999999993808,533.8964539999381,0.0,15.782150645122258,16.0
68.08999999993807,533.9064539999381,0.0,15.633488603496971,16.0
68.09999999993806,533.9164539999381,0.0,15.484826561871687,16.0
68.10999999993805,533.9264539999381,0.0,15.336164520246403,16.0
68.11999999993805,533.9364539999381,0.0,15.187502478621118,16.0
68.12999999993804,533.9464539999381,0.0,15.038840436995834,16.0
68.13999999993803,533.956453999938,0.0,14.89017839537055,16.0
68.14999999993802,533.966453999938,0.0,14.741516353745265,16.0
68.15999999993801,533.976453999938,0.0,14.59285431211998,16.0
68.169999999938,533.986453999938,0.0,14.444192270494696,16.0
68.17999999993799,533.996453999938,0.0,14.295530228869412,16.0
68.18999999993798,534.006453999938,0.0,14.146868187244127,16.0
68.19999999993797,534.016453999938,0.0,13.998206145618841,16.0
68.20999999993796,534.026453999938,0.0,13.849544103993559,16.0
68.21999999993795,534.036453999938,0.0,13.700882062368272,16.0
68.22999999993795,534.046453999938,0.0,13.552220020742988,16.0
68.23999999993794,534.056453999938,0.0,13.403557979117704,16.0
68.24999999993793,534.066453999938,0.0,13.25489593749242,16.0
68.25999999993792,534.0764539999379,0.0,13.106233895867135,16.0
68.26999999993791,534.0864539999379,0.0,13.056319683038906,13.0
68.2799999999379,534.0964539999379,0.0,13.253655647518205,13.0
68.28999999993789,534.1064539999379,0.0,13.450991611997503,13.0
68.29999999993788,534.1164539999379,0.0,13.648327576476802,13.0
68.30999999993787,534.1264539999379,0.0,13.8456635409561,13.0
68.31999999993786,534.1364539999379,0.0,14.042999505435398,13.0
68.32999999993785,534.1464539999379,0.0,14.240335469914697,13.0
68.33999999993785,534.1564539999379,0.0,14.437671434393994,13.0
68.34999999993784,534.1664539999379,0.0,14.635007398873293,13.0
68.35999999993783,534.1764539999378,0.0,14.832343363352592,13.0
68.36999999993782,534.1864539999378,0.0,15.02967932783189,13.0
68.37999999993781,534.1964539999378,0.0,15.227015292311188,13.0
68.3899999999378,534.2064539999378,0.0,15.424351256790487,13.0
68.39999999993779,534.2164539999378,0.0,15.621687221269784,13.0
68.40999999993778,534.2264539999378,0.0,15.819023185749083,13.0
68.41999999993777,534.2364539999378,0.0,16.016359150228382,13.0
68.42999999993776,534.2464539999378,0.0,16.21369511470768,13.0
68.43999999993775,534.2564539999378,0.0,16.41103107918698,13.0
68.44999999993775,534.2664539999378,0.0,16.608367043666277,13.0
68.45999999993774,534.2764539999378,0.0,16.805703008145574,13.0
68.46999999993773,534.2864539999377,0.0,16.987093916973063,17.0
68.47999999993772,534.2964539999377,0.0,16.14903623888662,17.0
68.48999999993771,534.3064539999377,0.0,15.310978560800175,17.0
68.4999999999377,534.3164539999377,0.0,14.47292088271373,17.0
68.50999999993769,534.3264539999377,0.0,13.634863204627287,17.0
68.51999999993768,534.3364539999377,0.0,12.796805526540844,17.0
68.52999999993767,534.3464539999377,0.0,11.958747848454397,17.0
68.53999999993766,534.3564539999377,0.0,11.120690170367954,17.0
68.54999999993765,534.3664539999377,0.0,10.282632492281511,17.0
68.55999999993765,534.3764539999377,0.0,9.444574814195066,17.0
68.56999999993764,534.3864539999377,0.0,8.606517136108621,17.0
68.57999999993763,534.3964539999376,0.0,7.768459458022178,17.0
68.58999999993762,534.4064539999376,0.0,6.930401779935734,17.0
68.59999999993761,534.4164539999376,0.0,6.0923441018492905,17.0
68.6099999999376,534.4264539999376,0.0,5.254286423762846,17.0
68.61999999993759,534.4364539999376,0.0,4.416228745676401,17.0
68.62999999993758,534.4464539999376,0.0,3.578171067589958,17.0
68.63999999993757,534.4564539999376,0.0,2.740113389503513,17.0
68.64999999993756,534.4664539999376,0.0,1.90205571141707,17.0
68.65999999993755,534.4764539999376,0.0,1.0639980333306251,17.0
68.66999999993754,534.4864539999376,0.0,0.22594035524418032,17.0
68.67999999993754,534.4964539999376,0.0,0.0,0.0
68.68999999993753,534.5064539999375,0.0,0.0,0.0
68.69999999993752,534.5164539999375,0.0,0.0,0.0
68.70999999993751,534.5264539999375,0.0,0.0,0.0
68.7199999999375,534.5364539999375,0.0,0.0,0.0
68.72999999993749,534.5464539999375,0.0,0.0,0.0
68.73999999993748,534.5564539999375,0.0,0.0,0.0
68.74999999993747,534.5664539999375,0.0,0.0,0.0
68.75999999993746,534.5764539999375,0.0,0.0,0.0
68.76999999993745,534.5864539999375,0.0,0.0,0.0
68.77999999993744,534.5964539999375,0.0,0.0,0.0
68.78999999993744,534.6064539999375,0.0,0.0,0.0
68.79999999993743,534.6164539999374,0.0,0.0,0.0
68.80999999993742,534.6264539999374,0.0,0.0,0.0
68.81999999993741,534.6364539999374,0.0,0.0,0.0
68.8299999999374,534.6464539999374,0.0,0.0,0.0
68.83999999993739,534.6564539999374,0.0,0.0,0.0
68.84999999993738,534.6664539999374,0.0,0.0,0.0
68.85999999993737,534.6764539999374,0.0,0.0,0.0
68.86999999993736,534.6864539999374,0.0,0.0,0.0
68.87999999993735,534.6964539999374,0.0,0.0,0.0
68.88999999993734,534.7064539999374,0.0,0.0,0.0
68.89999999993734,534.7164539999374,0.0,0.0,0.0
68.90999999993733,534.7264539999373,0.0,0.0,0.0
68.91999999993732,534.7364539999373,0.0,0.0,0.0
68.92999999993731,534.7464539999373,0.0,0.0,0.0
68.9399999999373,534.7564539999373,0.0,0.0,0.0
68.94999999993729,534.7664539999373,0.0,0.0,0.0
68.95999999993728,534.7764539999373,0.0,0.0,0.0
68.96999999993727,534.7864539999373,0.0,0.0,0.0
68.97999999993726,534.7964539999373,0.0,0.0,0.0
68.98999999993725,534.8064539999373,0.0,0.0,0.0
68.99999999993724,534.8164539999373,0.0,0.0,0.0
69.00999999993724,534.8264539999373,0.0,0.0,0.0
69.01999999993723,534.8364539999372,0.0,0.0,0.0
69.02999999993722,534.8464539999372,0.0,0.0,0.0
69.03999999993721,534.8564539999372,0.0,0.0,0.0
69.0499999999372,534.8664539999372,0.0,0.0,0.0
69.05999999993719,534.8764539999372,0.0,0.0,0.0
69.06999999993718,534.8864539999372,0.0,0.0,0.0
69.07999999993717,534.8964539999372,0.0,0.0,0.0
69.08999999993716,534.9064539999372,0.0,0.0,0.0
69.09999999993715,534.9164539999372,0.0,0.0,0.0
69.10999999993714,534.9264539999372,0.0,0.0,0.0
69.11999999993714,534.9364539999372,0.0,0.0,0.0
69.12999999993713,534.9464539999371,0.0,0.0,0.0
69.13999999993712,534.9564539999371,0.0,0.0,0.0
69.14999999993711,534.9664539999371,0.0,0.0,0.0
69.1599999999371,534.9764539999371,0.0,0.0,0.0
69.16999999993709,534.9864539999371,0.0,0.0,0.0
69.17999999993708,534.9964539999371,0.0,0.0,0.0
69.18999999993707,535.0064539999371,0.0,0.0,0.0
69.19999999993706,535.0164539999371,0.0,0.0,0.0
69.20999999993705,535.0264539999371,0.0,0.0,0.0
69.21999999993704,535.0364539999371,0.0,0.0,0.0
69.22999999993704,535.0464539999371,0.0,0.0,0.0
69.23999999993703,535.056453999937,0.0,0.0,0.0
69.24999999993702,535.066453999937,0.0,0.0,0.0
69.25999999993701,535.076453999937,0.0,0.0,0.0
69.269999999937,535.086453999937,0.0,0.0,0.0
69.27999999993699,535.096453999937,0.0,0.0,0.0
69.28999999993698,535.106453999937,0.0,0.0,0.0
69.29999999993697,535.116453999937,0.0,0.0,0.0
69.30999999993696,535.126453999937,0.0,0.0,0.0
69.31999999993695,535.136453999937,0.0,0.0,0.0
69.32999999993694,535.146453999937,0.0,0.0,0.0
69.33999999993694,535.156453999937,0.0,0.0,0.0
69.34999999993693,535.166453999937,0.0,0.0,0.0
69.35999999993692,535.1764539999369,0.0,0.0,0.0
69.36999999993691,535.1864539999369,0.0,0.0,0.0
69.3799999999369,535.1964539999369,0.0,0.0,0.0
69.38999999993689,535.2064539999369,0.0,0.0,0.0
69.39999999993688,535.2164539999369,0.0,0.0,0.0
69.40999999993687,535.2264539999369,0.0,0.0,0.0
69.41999999993686,535.2364539999369,0.0,0.0,0.0
69.42999999993685,535.2464539999369,0.0,0.0,0.0
69.43999999993684,535.2564539999369,0.0,0.0,0.0
69.44999999993684,535.2664539999369,0.0,0.0,0.0
69.45999999993683,535.2764539999368,0.0,0.0,0.0
69.46999999993682,535.2864539999368,0.0,0.0,0.0
69.47999999993681,535.2964539999368,0.0,0.0,0.0
69.4899999999368,535.3064539999368,0.0,0.0,0.0
