distance_m,x_m,y_m,curvature_per_m,gnss_x_filtered_m,gnss_y_filtered_m,fused_x_m,fused_y_m,official_reference_x_m,official_reference_y_m,official_reference_station_m,gps_speed_mps,corrected_imu_y_mps2,smoothed_corrected_imu_y_mps2,raw_imu_curvature_per_m,imu_curvature_per_m,fused_geometric_curvature_per_m,solver_complementary_curvature_per_m,applied_curvature_gain,gnss_heading_rad,fused_heading_rad,low_frequency_position_correction_x_m,low_frequency_position_correction_y_m
0.0,-0.002361064467856007,0.0019878973872258718,-0.013549735152728351,-0.01574042978570671,0.013252649248172477,-0.002361064467856007,0.0019878973872258718,0.0,0.0,0.0,3.22240419086088,-0.519798486818213,-0.4315084817012139,-0.017861586320888512,-0.02543504004838252,-0.01651070989681015,-0.013549735152728351,1.4240079011704079,-2.7646018667474266,3.059971392463163,0.0,0.0
0.5,-0.5036007530617419,0.04299080757262312,-0.013538276082415722,-0.2542502251299785,-0.0501962151149179,-0.5036007530617419,0.04299080757262312,-0.5027891407891099,0.07291744188127677,0.5080884127771865,3.656495027662738,-0.6440262429543229,-0.37006814301717156,-0.017861586320888512,-0.02543504004838252,0.012905000751355155,-0.013538276082415722,1.4240079011704079,-2.8083625881225753,3.0595191211777464,-0.0092890974730494,-0.011260130485116147
1.0,-1.0049489199997788,0.08445908453999251,-0.01352720099121953,-0.4956967115649732,-0.11408732517097098,-1.0049489199997788,0.08445908453999251,-1.005371290238399,0.14520292720640962,1.01589111712037,4.091066504610394,-0.7422992464890573,-0.29894624706762674,-0.017861586320888512,-0.02543504004838252,0.027683687396285385,-0.01352720099121953,1.4240079011704079,-2.8491120670901893,3.0733921391321233,-0.018735227005236745,-0.02255906078700653
1.5,-1.5082443536124834,0.11161444759528638,-0.007056250668905492,-0.8143620289133306,-0.189607065659054,-1.5082443536124834,0.11161444759528638,-1.5099486511482172,0.1995642042045631,1.5233942340137188,4.538276175022061,-0.15810494562968425,-0.23482104651777552,-0.01140132109526962,-0.016235571323444786,0.01895678744860983,-0.007056250668905492,1.4240079011704079,-2.8868980513047373,3.0873965138102033,-0.028339804379342328,-0.03389532483250151
2.0,-2.0114945199297996,0.13906344273936935,-0.0036811640331036056,-1.1360835598078538,-0.26560552030715723,-2.0114945199297996,0.13906344273936935,-2.014246892457947,0.25343086268190407,2.0305699618004778,4.985190617215741,0.4054332249877036,-0.19972475852651442,-0.00803652623623978,-0.011444076858368726,0.010292910089599159,-0.0036811640331036056,1.4240079011704079,-2.9218032080076406,3.092515289238507,-0.03810422005654717,-0.04526743436377322
2.5,-2.5151979532682365,0.16107279092027527,-0.002913580531474825,-1.5393327017753682,-0.35437416305361147,-2.5151979532682365,0.16107279092027527,-2.518907765328501,0.30026909733549845,2.537400687701505,5.424229545813885,0.41794806977941273,-0.2141597650288124,-0.007278833106289404,-0.010365115854656853,0.007719895601165949,-0.002913580531474825,1.4240079011704079,-2.9539344515260786,3.097774012556364,-0.048029850784432775,-0.056673883402495503
3.0,-3.018741274865454,0.18322789667450426,-0.004067206952695286,-1.9454638847352943,-0.44404170890637734,-3.018741274865454,0.18322789667450426,-3.0232263674263518,0.34670523239005224,3.0438549467618365,5.8618870370360625,0.406810762737124,-0.290079884483542,-0.008441948993388414,-0.012021402067862674,0.005116521942937731,-0.004067206952695286,1.4240079011704079,-2.983413961670929,3.100299328472605,-0.05811805401869465,-0.06811314700391245
3.5,-3.5223710807075603,0.2026859730924714,-0.00652672813311286,-2.4296071695241013,-0.5580410810060714,-3.5223710807075603,0.2026859730924714,-3.5274838089834484,0.38933107617339696,3.54991158797225,6.262151294252228,-0.24455133021356457,-0.4278524585142266,-0.010910556932622772,-0.015536719278224398,0.006397310300245311,-0.00652672813311286,1.4240079011704079,-3.0103719509543363,3.102931656471976,-0.068370166640753,-0.07958368145821619
4.0,-4.025838928653641,0.222182706329326,-0.009556770808380917,-2.9167100612998342,-0.6724021005114886,-4.025838928653641,0.222182706329326,-4.03136479636186,0.4312224660287335,4.055535788978848,6.662012561441808,-0.8740924261044667,-0.6191028266329452,-0.013949283230429545,-0.019863889535795543,0.007787043072933847,-0.009556770808380917,1.4240079011704079,-3.034941064543011,3.1067469491987447,-0.07878750433932076,-0.09108392473331682
4.5,-4.529465138849106,0.23779308537587537,-0.012772988728779227,-3.4827634857248633,-0.7964104331362569,-4.529465138849106,0.23779308537587537,-4.535219526351488,0.467577790891883,4.560703278249327,7.051123658966368,-0.9215361866331184,-0.8538520387450516,-0.01717378245900619,-0.02445560191460657,0.01034490285620684,-0.012772988728779227,1.4240079011704079,-3.057252205266584,3.110778670727072,-0.0893713609884723,-0.10261229693826306
5.0,-5.032942775449489,0.25322541265994325,-0.01598679080702486,-4.045032327156965,-0.9185587196044154,-5.032942775449489,0.25322541265994325,-5.038663884449295,0.5025602581793829,5.065376405196799,7.43634520638868,-0.974128316915203,-1.127853281715907,-0.02039546086144431,-0.02904329741470851,0.012712607879333478,-0.01598679080702486,1.4240079011704079,-3.0774315426439363,3.117170452787588,-0.10012300802309042,-0.11416720080706086
5.5,-5.536651603629532,0.2623956870156706,-0.020091219691677577,-4.471130893573858,-0.9737820642335691,-5.536651603629532,0.2623956870156706,-5.542127180699635,0.5287949149375645,5.569528416201832,7.681619735051379,-1.211960122615954,-1.4461129257228116,-0.02450736388355116,-0.03489867980703514,0.013760388461925666,-0.020091219691677577,1.4240079011704079,-3.0955984681154094,3.1235865434606493,-0.11104368021670448,-0.125747022028487
6.0,-6.040171603225796,0.27136364615987085,-0.02455619968760681,-4.897229459990752,-1.0290054088627227,-6.040171603225796,0.27136364615987085,-6.045103709420763,0.5531590031470971,6.073119576108231,7.926894263714079,-1.4497919283167051,-1.8209401287838611,-0.028979409801025466,-0.04126690852791542,0.014334317074279639,-0.02455619968760681,1.4240079011704079,-3.111864281870491,3.1310336632157716,-0.12213457549313093,-0.1373501297774655
6.5,-6.543771947920712,0.2730302562635763,-0.02948779955326003,-5.323328026407646,-1.0842287534918764,-6.543771947920712,0.2730302562635763,-6.5479089709767635,0.5670150659688271,6.5761214922295625,8.172168792376779,-1.6876237340174562,-2.2651698951486567,-0.033917678922326416,-0.048299042774753824,0.012872583247999054,-0.02948779955326003,1.4240079011704079,-3.126331428464247,3.1380240664998196,-0.13339689236320634,-0.14897487774846344
7.0,-7.047081677786951,0.27495690770589964,-0.035091088494861214,-5.785459679355829,-1.1147483264410816,-7.047081677786951,0.27495690770589964,-7.050121454152937,0.5789411832918715,7.078499969163905,8.390273124536687,-2.269575798732909,-2.7825864147808455,-0.03952723753557054,-0.05628709856209197,0.011034852554118195,-0.035091088494861214,1.4240079011704079,-3.139093131782014,3.1439967510946105,-0.14483180430074907,-0.160619604394821
7.5,-7.550148711347191,0.27061082373652867,-0.04092169317912538,-6.253488877708781,-1.1412246261329415,-7.550148711347191,0.27061082373652867,-7.551834713588484,0.5809013318340858,7.580220773608769,8.60393050299496,-2.9078501230049505,-3.3581678818601963,-0.0453637152904169,-0.0645982889999985,0.008079373383785626,-0.04092169317912538,1.4240079011704079,-3.1502333109631557,3.1491297006398873,-0.15644045911410137,-0.17228263350440612
8.0,-8.052744468654684,0.26737703640394284,-0.046372787647572015,-6.7215180760617335,-1.1677009258248015,-8.052744468654684,0.26737703640394284,-8.0528471383582,0.5812218881876831,8.081249947611427,8.817587881453234,-3.546124447276992,-3.951270112962167,-0.05082028847186473,-0.07236849232369477,0.005152712536543351,-0.046372787647572015,1.4240079011704079,-3.159826685849928,3.152121780016554,-0.16822397831458374,-0.1839622747932925
8.5,-8.55472257362763,0.260033147643452,-0.0505041177871567,-7.2217787254804024,-1.1713824065040586,-8.55472257362763,0.260033147643452,-8.553088927204296,0.5734280603399347,8.581554137538738,9.044444100639458,-4.680804974045934,-4.495566589171893,-0.05495670384472307,-0.07825878049716779,0.002450100733965509,-0.0505041177871567,1.4240079011704079,-3.167939002879837,3.154306018977401,-0.18018345647851655,-0.19565682451780078
9.0,-9.055955774185009,0.25462215731943083,-0.05256312497666045,-7.738944798137239,-1.1631079854071353,-9.055955774185009,0.25462215731943083,-9.052544398889035,0.5643827339931194,9.081100935738506,9.278223122907189,-6.075850972234427,-4.908625694604987,-0.05702040424923574,-0.08119750617884239,0.00023582333941946359,-0.05256312497666045,1.4240079011704079,-3.1746273302843173,3.154577508349413,-0.1923199606008057,-0.2073645661039992
9.5,-9.556192590636527,0.24702847402763073,-0.052022269553725964,-8.256110870794075,-1.1548335643102121,-9.556192590636527,0.24702847402763073,-9.551068594054298,0.5491301433470559,9.579859231742054,9.512002145174922,-7.4708969704229204,-5.110555990889901,-0.05648384747806815,-0.08043344509727327,-0.0009020997032901248,-0.052022269553725964,1.4240079011704079,-3.1799403855220545,3.1545416642671835,-0.2046344941151688,-0.21908377625596287
10.0,-10.055371857396253,0.24167998441097252,-0.04862020575498952,-8.796560952756511,-1.1255967408167356,-10.055371857396253,0.24167998441097252,-10.048733008550728,0.5329304842535686,10.077792880216029,9.749791015869446,-7.607323882835459,-5.046241890831931,-0.05308568807687169,-0.075594439260533,-0.0013823182673774268,-0.04862020575498952,1.4240079011704079,-3.183918868705708,3.1536738830619453,-0.21712805353916542,-0.23081271675728404
10.5,-10.553258171719948,0.23498210985794069,-0.0426277610940098,-9.36517716119126,-1.0710021849278002,-10.553258171719948,0.23498210985794069,-10.54536913230403,0.5117798282361516,10.574879659507646,9.992430507281458,-6.221228454479885,-4.702547670350007,-0.04709674941873035,-0.06706614329171483,-0.0007002915503506017,-0.0426277610940098,1.4240079011704079,-3.1865957840154913,3.1531640573486115,-0.2298016168971775,-0.24254963682531405
11.0,-11.049902192831977,0.23017135868637106,-0.03479035586056788,-9.933793369626008,-1.0164076290388648,-11.049902192831977,0.23017135868637106,-11.041088645274696,0.4898639811419122,11.071087517213284,10.235069998693469,-4.835133026124311,-4.113003246232262,-0.039262451948554815,-0.055910041794065536,0.0004227116534395951,-0.03479035586056788,1.4240079011704079,-3.1879967373096383,3.15297818401692,-0.24265613185641097,-0.25429277551170865
11.5,-11.545147834965128,0.2236884319115274,-0.026051164162757177,-10.514953355757982,-0.955645255034915,-11.545147834965128,0.2236884319115274,-11.535696492693122,0.46347989885801905,11.566398988105917,10.472830507843799,-3.4803022047403074,-3.348093520103503,-0.030525967000872373,-0.0434692182001094,0.0023645391583899953,-0.026051164162757177,1.4240079011704079,-3.188140202835806,3.153585456289279,-0.2556925150665421,-0.26604036237426365
12.0,-12.039182631666455,0.21830654473539657,-0.017337006122222748,-11.134078359431193,-0.876215352908281,-12.039182631666455,0.21830654473539657,-12.029346741993082,0.43642278030779225,12.060794111715307,10.695824281516263,-2.2200968925725544,-2.4955490893201455,-0.021814115000999466,-0.03106347211846316,0.00433142604770405,-0.017337006122222748,1.4240079011704079,-3.1870377555319487,3.155320392606132,-0.26891165150056057,-0.2777906181524153
12.5,-12.531871967063058,0.21014208959450648,-0.009263091213703023,-11.753203363104403,-0.7967854507816471,-12.531871967063058,0.21014208959450648,-12.521777793674406,0.4046517073750105,12.554249538756716,10.918818055188725,-0.9598915804048005,-1.638341793362685,-0.013742104653758773,-0.019568865605663125,0.006654129585827866,-0.009263091213703023,1.4240079011704079,-3.1846942682200208,3.1578614034203185,-0.2823143937930047,-0.2895417554465466
13.0,-13.023510567494219,0.20229134684528688,-0.002276401601739398,-12.366124306580543,-0.7184892855141474,-13.023510567494219,0.20229134684528688,-13.013217396432172,0.37229470606712883,13.04675744207217,11.133334789305856,0.2561453229411909,-0.8375278482001042,-0.006756919092014725,-0.009621906174598146,0.008720647751798474,-0.002276401601739398,1.4240079011704079,-3.1811080753208976,3.161874161183429,-0.2959015541536469,-0.3012919874071573
13.5,-13.513887998048748,0.19022259270446693,0.0034875855648764977,-12.847230532894564,-0.6642810882347153,-13.513887998048748,0.19022259270446693,-13.50330099123909,0.33444048247393227,13.538301699698165,11.16774389456952,0.533757044808203,-0.12397469197029856,-0.0009940360756234131,-0.0014155152257361654,0.010879176479652307,0.0034875855648764977,1.4240079011704079,-3.1762711067878406,3.1664273027199643,-0.30967387920686335,-0.31303955484603097
14.0,-14.00338834678757,0.17795142183791787,0.008470525387723339,-13.328336759208584,-0.6100728909552833,-14.00338834678757,0.17795142183791787,-13.992375136667635,0.2961662655507062,14.028875547110625,11.202152999833187,0.8113687666752148,0.5004719053891454,0.003988197921702109,0.005679225351935204,0.012752594478412047,0.008470525387723339,1.4240079011704079,-3.170168997968821,3.1725404780648727,-0.3236321184508335,-0.32478265233025155
14.5,-14.49164691683158,0.15995341707562494,0.012835170779726037,-13.809442985522605,-0.5558646936758513,-14.49164691683158,0.15995341707562494,-14.479918639915375,0.25127392015758593,14.518483004491141,11.236562105096851,1.088980488542227,1.0545936032738479,0.008352533376602763,0.01189407352307188,0.014654158996649477,0.012835170779726037,1.4240079011704079,-3.16278118324236,3.1789014452839606,-0.3377769863245127,-0.3365194691062653
15.0,-14.979194088907098,0.14152838747120022,0.016810033342960343,-14.290549211836625,-0.5016564963964193,-14.979194088907098,0.14152838747120022,-14.966475420129077,0.20626387841153979,15.00712045902313,11.270971210360518,1.366592210409239,1.566018901837118,0.012327480345161637,0.01755442941303308,0.016570674391632328,0.016810033342960343,1.4240079011704079,-3.1540809836897634,3.186852669380036,-0.35210916161547595,-0.34824818977011635
15.5,-15.46543397465506,0.11584968030246243,0.020729026560023647,-14.791321431480869,-0.459746601866021,-15.46543397465506,0.11584968030246243,-15.451274395267024,0.1533493394359798,15.494800930958288,11.261022277487935,1.8498271511370354,2.060285854703751,0.016246950060517774,0.023135785256098346,0.01823980998413864,0.020729026560023647,1.4240079011704079,-3.144035701921282,3.1950530424393175,-0.3666292869213074,-0.359966994931612
16.0,-15.95111031107799,0.08951981179695594,0.024745132133749057,-15.302942530830462,-0.42462115014834273,-15.95111031107799,0.08951981179695594,-15.93512772203979,0.10053801550385587,15.981530133883677,11.226602929537675,2.4464955466915983,2.553996169911998,0.020263922540292675,0.028855985806081893,0.02034278943274254,0.024745132133749057,1.4240079011704079,-3.1326067406084332,3.20460747214487,-0.381337968170832,-0.37167406187518853
16.5,-16.435376184496572,0.05464791846136126,0.028853795819882774,-15.814563630180057,-0.38949569843066445,-16.435376184496572,0.05464791846136126,-16.416982671428144,0.03879212210140412,16.467330687761258,11.192183581587415,3.043163942246161,3.0531888775008627,0.024373843673002164,0.034708545972247436,0.02245985053700175,0.028853795819882774,1.4240079011704079,-3.1197497654192787,3.2148224744071516,-0.3962357742032404,-0.38336756522146653
17.0,-16.91917625199884,0.018501523280443858,0.033041103431668425,-16.32618472952965,-0.3543702467129861,-16.91917625199884,0.018501523280443858,-16.897902518707408,-0.023084789664213082,16.95221812574695,11.157764233637154,3.6398323378007236,3.5559456092474524,0.028562798010818714,0.040673650046940256,0.025035490772887945,0.033041103431668425,1.4240079011704079,-3.1054149380119442,3.2264102009923663,-0.4113231744865572,-0.39504569203791656
17.5,-17.40139285508508,-0.027484294305594924,0.0373048952869128,-16.835948506127853,-0.33609025826144934,-17.40139285508508,-0.027484294305594924,-17.376535244400635,-0.09490782861376647,17.436225054011413,11.116444108547281,4.1942949179756095,4.056808379297093,0.03282862681267105,0.04674822396581828,0.02842063967594089,0.0373048952869128,1.4240079011704079,-3.089547250569858,3.2390931369050766,-0.42660065686439697,-0.4067066149646783
18.0,-17.883157708069877,-0.07578610098826949,0.04169967975600343,-17.34063983493444,-0.3638161311385382,-17.883157708069877,-0.07578610098826949,-17.854188753931343,-0.16755614925957407,17.91937710615039,11.05627759193175,4.63349115854666,4.55053390030592,0.0372258382486959,0.053009887793834545,0.03233149600208511,0.04169967975600343,1.4240079011704079,-3.0664094441558136,3.2539412546315702,-0.4420686737309764,-0.4183485053835188
18.5,-18.362927662689867,-0.1359682048369565,0.04610175122000538,-17.845331163741026,-0.39154200401562717,-18.362927662689867,-0.1359682048369565,-18.329040672882762,-0.25200394281518,18.40171705190352,10.996111075316218,5.07268739911771,5.033756939155292,0.04163072795359605,0.05928248553739654,0.03684088219871183,0.04610175122000538,1.4240079011704079,-3.0401107222833104,3.2703764028906,-0.45772763888611223,-0.42996953477336497
19.0,-18.84211367700464,-0.19997135438164268,0.05049178302168421,-18.350022492547613,-0.4192678768927161,-18.84211367700464,-0.19997135438164268,-18.802764301791633,-0.3384872085443631,18.883280702170115,10.935944558700687,5.51188363968876,5.504231264693145,0.04602396949289976,0.06553849620111507,0.04222429485185475,0.05049178302168421,1.4240079011704079,-3.0107999861350807,3.289571169520933,-0.4735779271701257,-0.44156787542358034
19.5,-19.318545020707827,-0.27842035305051577,0.05484086546983473,-18.8547138213542,-0.446993749769805,-19.318545020707827,-0.27842035305051577,-19.272842750006344,-0.4392222578930609,19.36411428075082,10.875778042085157,5.95107988025981,5.95867892416841,0.05037665339374943,0.07173675246722223,0.04724580049441367,0.05484086546983473,1.4240079011704079,-2.9786882029924517,3.3111702335967785,-0.4896198740719425,-0.4531417011554442
20.0,-19.79396931444146,-0.36294996760562886,0.05915833867824903,-19.338518688829595,-0.5564033898346075,-19.79396931444146,-0.36294996760562886,-19.7413951928654,-0.544085419382981,19.844275571612695,10.809164672435019,6.447156652259668,6.39082113159102,0.05469811956360735,0.07789055443774053,0.05329082096211777,0.05915833867824903,1.4240079011704079,-2.94401887735395,3.335206024002863,-0.5058537753122091,-0.4646891880478685
20.5,-20.265588930105604,-0.4641067574787735,0.0633137245281043,-19.81921540226965,-0.677968546651657,-20.265588930105604,-0.4641067574787735,-20.20522214237245,-0.6652071518313111,20.323815224267857,10.741591934323319,6.9516979243244,6.791128920136222,0.05885788815933285,0.08381409778509417,0.05799725286914118,0.0633137245281043,1.4240079011704079,-2.9070644726618897,3.362598224839869,-0.5222798364535324,-0.4762085234741757
21.0,-20.73528717014336,-0.574441041466422,0.06720043873782491,-20.299912115709702,-0.7995337034687064,-20.73528717014336,-0.574441041466422,-20.666661624576395,-0.7935584004430029,20.802800748153306,10.674019196211619,7.456239196389133,7.14933014786407,0.06274937344668935,0.08935560358157822,0.06344507817054161,0.06720043873782491,1.4240079011704079,-2.868285504536973,3.391172473978675,-0.5388982541926379,-0.4876978932279312
21.5,-21.20006718188985,-0.7023000252663352,0.07075080601226286,-20.780608829149756,-0.9210988602857559,-21.20006718188985,-0.7023000252663352,-21.12234126754522,-0.9387159958780278,21.281292308104337,10.606446458099919,7.960780468453865,7.459082493824237,0.06630489663188645,0.09441869669009346,0.06715688250171213,0.07075080601226286,1.4240079011704079,-2.828087199142364,3.4237833990509854,-0.5557091992434859,-0.49915548501687607
22.0,-21.661377626316124,-0.8429403335137613,0.07361001130689854,-21.243235654516813,-1.080943632695453,-21.661377626316124,-0.8429403335137613,-21.5741478331886,-1.094889263539233,21.75936668063386,10.566514043174983,8.192310835140146,7.722874622048238,0.06916963996914074,0.09849811383716887,0.07101242605121612,0.07361001130689854,1.4240079011704079,-2.7867845307052836,3.455938478792096,-0.5727128006990377,-0.5105794917084555
22.5,-22.11691748770289,-1.00039186499715,0.0757887392457745,-21.68517604187184,-1.284610972897631,-22.11691748770289,-1.00039186499715,-22.019580879457518,-1.2666565423150515,22.237093012622424,10.558224316346703,8.111297861884118,7.954297373820577,0.07135428421744734,0.10160906450800394,0.07339128192879843,0.0757887392457745,1.4240079011704079,-2.7445714734201325,3.492254366771597,-0.5899091456350692,-0.5219681120383929
23.0,-22.566813467034976,-1.1741293513224362,0.07788001708049272,-22.12711642922687,-1.488278313099809,-22.566813467034976,-1.1741293513224362,-22.459014867203198,-1.4532824777931541,22.714556741691194,10.549934589518422,8.030284888628088,8.175273570180371,0.07345185368937618,0.10459602000928445,0.07538408299461383,0.07788001708049272,1.4240079011704079,-2.7017072245813263,3.5267029474356257,-0.6072982787389517,-0.533319551314634
23.5,-23.010612351265074,-1.3626514661589697,0.08008260223856117,-22.5690568165819,-1.6919456533019872,-23.010612351265074,-1.3626514661589697,-22.89215940272034,-1.6529086833492541,23.1918353193595,10.541644862690143,7.9492719153720595,8.407936667870208,0.0756611032008967,0.10774200876934653,0.07657440608577858,0.08008260223856117,1.4240079011704079,-2.6584758747555695,3.564966714969045,-0.6248802019620838,-0.5446320221170479
24.0,-23.446142569572288,-1.5703775637708852,0.0824268915140762,-23.007502932974162,-1.9014855670078377,-23.446142569572288,-1.5703775637708852,-23.31672156836227,-1.8706537477023857,23.669022095711924,10.53841241920903,7.922926669833666,8.66391483239138,0.07801242772195445,0.1110903134655485,0.0768861488223406,0.0824268915140762,1.4240079011704079,-2.6153342101899537,3.6005580599774576,-0.6426548399561467,-0.5559037486287871
24.5,-23.875843764268954,-1.790214977463166,0.08386201592350549,-23.397734950199624,-2.192055499360663,-23.875843764268954,-1.790214977463166,-23.735848241840266,-2.0981181320721443,24.146208695691975,10.604960586165165,8.650889053408406,8.935916776139909,0.07945495715504623,0.11314448677594206,0.0769403201265931,0.08386201592350549,1.4240079011704079,-2.5728450323001404,3.639196802768788,-0.6606220800097902,-0.5671329630534966
25.0,-24.294509816902156,-2.031206976032392,0.08515459921250694,-23.78796696742508,-2.482625431713488,-24.294509816902156,-2.031206976032392,-24.143696187134662,-2.3459317423380543,24.62348357855302,10.671508753121302,9.378851436983146,9.19650400190932,0.08075531477284423,0.11499620629803355,0.0757431254500104,0.08515459921250694,1.4240079011704079,-2.5310918895622883,3.6748341219730776,-0.6787817911487956,-0.5783179042421976
25.5,-24.708106652691573,-2.2814827605347157,0.08596655814311797,-24.17819898465054,-2.7731953640663134,-24.708106652691573,-2.2814827605347157,-24.547565070069034,-2.6001632686801988,25.100950397946615,10.738056920077437,10.106813820557887,9.40612409347322,0.08157541663411613,0.11616403782824929,0.07474286645713556,0.08596655814311797,1.4240079011704079,-2.490328085699157,3.7124303222535526,-0.6971337983403213,-0.5894568210840756
26.0,-25.108164356520223,-2.5536960554758235,0.08599974101758405,-24.568431001875997,-3.0637652964191386,-25.108164356520223,-2.5536960554758235,-24.937762030647928,-2.8757788363789123,25.578710321133777,10.804605087033574,10.834776204132627,9.527939978587721,0.08161711079849826,0.11622341064776213,0.07234210600199664,0.08599974101758405,1.4240079011704079,-2.450838253251761,3.747098528200644,-0.7156778822238181,-0.6005479731813693
26.5,-25.504216768527336,-2.8325902379455963,0.0844039147128735,-24.920132795843166,-3.399049645567213,-25.504216768527336,-2.8325902379455963,-25.32574375498431,-3.1549750264701175,26.056860528095854,10.919956684030739,10.617020497578281,9.543233072749548,0.08003016261115924,0.11396358389024332,0.07030563076627273,0.0844039147128735,1.4240079011704079,-2.4126299285681725,3.782510110424075,-0.7344137788513778,-0.611589631516784
27.0,-25.884829817713275,-3.1330658437509817,0.08171350905819709,-25.252936933119365,-3.756264770773061,-25.884829817713275,-3.1330658437509817,-25.69824255083865,-3.4555056096189714,26.535512507532143,11.059244567617126,9.935424867909688,9.460315716218588,0.07734900041024964,0.11014558773182861,0.06701074049771082,0.08171350905819709,1.4240079011704079,-2.3757634734093407,3.815210456095611,-0.7533411794359,-0.6225800791123802
27.5,-26.26268911087987,-3.437972297919442,0.0786149095622937,-25.58574107039556,-4.11347989597891,-26.26268911087987,-3.437972297919442,-26.070305218683632,-3.757473387643807,27.01476761832008,11.198532451203516,9.253829238241092,9.312734314514888,0.07426000726011683,0.10574683707937822,0.06500524219534644,0.0786149095622937,1.4240079011704079,-2.3405383615997453,3.8475721724455214,-0.772459713649458,-0.6335176158352452
28.0,-26.62400165009512,-3.7632556094275995,0.07550740269990644,-25.91854520767176,-4.470695021184758,-26.62400165009512,-3.7632556094275995,-26.425779351302655,-4.079936875655903,27.49474080371697,11.337820334789903,8.5722336085725,9.147662424691138,0.07116246581814133,0.10133591359180233,0.0607282315453758,0.07550740269990644,1.4240079011704079,-2.306850260930649,3.878340947628006,-0.7917689472105326,-0.6444005595907711
28.5,-26.98335378826509,-4.091719227965427,0.07255851305261536,-26.241477239405977,-4.840583202515976,-26.98335378826509,-4.091719227965427,-26.781867302344917,-4.402957180638918,27.975542787489953,11.491924808600634,8.12599238745096,9.00994374561388,0.06822389777368137,0.09715136947836447,0.05851612653416335,0.07255851305261536,1.4240079011704079,-2.2744743736802953,3.9066885902440642,-0.8112684330855421,-0.6552272339784204
29.0,-27.32668221963984,-4.437968188235075,0.06965287043420942,-26.53458816003904,-5.248753451750419,-27.32668221963984,-4.437968188235075,-27.122041957847774,-4.743993801532878,28.457278443047638,11.69078641971521,8.390696763049757,8.928797566195026,0.0653289268165868,0.09302890796180294,0.054084220732742126,0.06965287043420942,1.4240079011704079,-2.2433814602674977,3.935333401760966,-0.8309576784532362,-0.6659959772225076
29.5,-27.667692810628306,-4.7875728919546265,0.06735701247421952,-26.827699080672105,-5.656923700984862,-27.667692810628306,-4.7875728919546265,-27.46243101146113,-5.086326935087936,28.94006495314527,11.889648030829784,8.655401138648553,8.912147267038296,0.06304408668555424,0.08977527756230134,0.050449651503097284,0.06735701247421952,1.4240079011704079,-2.2134350391085733,3.9594963941961296,-0.8508361445734587,-0.6767051428076801
30.0,-27.995021444835018,-5.151233076741552,0.06554357437381932,-27.12081000130517,-6.065093950219305,-27.995021444835018,-5.151233076741552,-27.789667972457874,-5.442771911523729,29.424007229769654,12.088509641944361,8.92010551424735,8.949421187777052,0.06124200849090049,0.0872091039745875,0.046705674465801976,0.06554357437381932,1.4240079011704079,-2.1842728775841,3.9846367603876036,-0.8709032467097342,-0.6873531001196425
30.5,-28.319201031099052,-5.518883419084116,0.06403085047202974,-27.413920921938235,-6.473264199453748,-28.319201031099052,-5.518883419084116,-28.11615369774513,-5.801687255921494,29.909221482976804,12.287371253058936,9.184809889846147,9.019663116651241,0.05974098189508889,0.08507163024228487,0.042351273832381096,0.06403085047202974,1.4240079011704079,-2.155792191360711,4.0052578834616295,-0.8911583541093187,-0.6979382350932992
31.0,-28.632483919856735,-5.897193649410499,0.06257559742968978,-27.666681082873133,-6.926824555560245,-28.632483919856735,-5.897193649410499,-28.432783251708088,-6.171102068399703,30.395817269834314,12.494015570182084,9.249440775921146,9.100305478044623,0.05829776231604209,0.08301647415859839,0.03801623010606405,0.06257559742968978,1.4240079011704079,-2.1278937379079177,4.026189213808592,-0.9116007853327937,-0.7084589378849588
31.5,-28.94224367093816,-6.279649733788412,0.061121228618207235,-27.91352050346489,-7.387045084584108,-28.94224367093816,-6.279649733788412,-28.74823500880176,-6.543525183534279,30.883895716971313,12.701801857909713,9.284714515070593,9.172867865542218,0.056855760137148846,0.08096305166234948,0.032963312030729615,0.061121228618207235,1.4240079011704079,-2.101222074718126,4.042653656643615,-0.9322297935257652,-0.7189135626710694
32.0,-29.244175902712033,-6.669704207025525,0.059600584889396964,-28.16035992405665,-7.847265613607971,-29.244175902712033,-6.669704207025525,-29.05743781160202,-6.923184504027633,31.373567537180925,12.90958814563734,9.319988254220041,9.224126697617308,0.05534781557663372,0.07881572669364899,0.028781396527375703,0.059600584889396964,1.4240079011704079,-2.075761787781524,4.058669849901754,-0.9530446089436927,-0.729300545358307
32.5,-29.542813013875026,-7.063591200613513,0.05796226576915612,-28.407199344648408,-8.307486142631834,-29.542813013875026,-7.063591200613513,-29.365703311886453,-7.305810700445908,31.864928312962796,13.117374433364969,9.355261993369488,9.243794239768294,0.05372252772199942,0.07650130394697345,0.02419730385737945,0.05796226576915612,1.4240079011704079,-2.0515000345586163,4.0710859506717085,-0.9740444161133849,-0.7396183408760364
33.0,-29.836254532440023,-7.462768111054435,0.056166948717600605,-28.63660421128934,-8.796966602469336,-29.836254532440023,-7.462768111054435,-29.670759204887357,-7.693275000814204,32.35808193941856,13.323960140294917,9.374250932270265,9.220901396552716,0.051940572038115126,0.0739637849735867,0.020931081544709264,0.056166948717600605,1.4240079011704079,-2.0284259593911336,4.082619513339534,-0.9952283539520018,-0.7498654238114502
33.5,-30.12702096958629,-7.865235899828998,0.05415458363258377,-28.846509419531536,-9.319172800931755,-30.12702096958629,-7.865235899828998,-29.97551608481581,-8.083377735356352,32.853115872000515,13.529203058903416,9.375026153582597,9.141331980603223,0.04994189888296366,0.07111765860879382,0.017696320551182577,0.05415458363258377,1.4240079011704079,-2.0064558295361117,4.09185369631594,-1.0165955158762445,-0.7600402890287825
34.0,-30.414338193589366,-8.271596395240692,0.05184788971267658,-29.05641462777373,-9.841378999394175,-30.414338193589366,-8.271596395240692,-30.278987067653024,-8.476974416168282,33.350124543391,13.734445977511916,9.37580137489493,8.988311723526975,0.047649224284458405,0.06785287186570964,0.015332050901434066,0.05184788971267658,1.4240079011704079,-1.9856038671179848,4.1002143692942035,-1.0381449498987017,-0.7701414522704665
34.5,-30.699649603285827,-8.680759544432512,0.04919514126227005,-29.266319836015924,-10.363585197856596,-30.699649603285827,-8.680759544432512,-30.582769012922583,-8.872925032335402,33.849184596739,13.939688896120416,9.376576596207261,8.746274246453797,0.045010820337188805,0.06409576379831854,0.013101680160926983,0.04919514126227005,1.4240079011704079,-1.9657668780717747,4.107135002098214,-1.0598756587135671,-0.7801674507398125
35.0,-30.982651720998028,-9.093003804573751,0.046211393639360866,-29.470532908939447,-10.877264937474905,-30.982651720998028,-9.093003804573751,-30.8863763037011,-9.271693271804805,34.35037830119968,14.141035526744608,9.323610956838492,8.407039867446082,0.04204173981932523,0.05986776968166968,0.011535752609314616,0.046211393639360866,1.4240079011704079,-1.946845037552631,4.113302214647992,-1.081786595132072,-0.7901168438060872
35.5,-31.264269154281155,-9.507681117612975,0.04322646381250855,-29.59479792170489,-11.271187537383561,-31.264269154281155,-9.507681117612975,-31.190745863423373,-9.67264333257289,34.85376879856526,14.287657410200406,8.515835861590013,7.976004638883232,0.039071793017574984,0.05563854196992155,0.010174297477675828,0.04322646381250855,1.4240079011704079,-1.928792497732401,4.118687153138735,-1.1038766513133618,-0.7999882138810301
36.0,-31.54423776044277,-9.92506895943301,0.04002000299042032,-29.719062934470337,-11.665110137292217,-31.54423776044277,-9.92506895943301,-31.49540138774008,-10.076215999533286,35.359423548337865,14.434279293656207,7.708060766341534,7.475672194418049,0.035880628420817004,0.051094298370202906,0.009584974896202596,0.04002000299042032,1.4240079011704079,-1.9116557660585514,4.123516534766933,-1.1261446933824724,-0.8097801659156886
36.5,-31.823315482371633,-10.344672252183424,0.03678848785298038,-29.843327947235778,-12.059032737200873,-31.823315482371633,-10.344672252183424,-31.80105652070526,-10.481930566915347,35.86738962123132,14.580901177112008,6.900285671093055,6.944606496999063,0.032664717703456546,0.04651481609922302,0.009247963862565614,0.03678848785298038,1.4240079011704079,-1.8953511552319733,4.128333959654816,-1.148589542480116,-0.8194913285006272
37.0,-32.100806652232016,-10.767105449393135,0.03375932940102169,-29.967592960001223,-12.45295533710953,-32.100806652232016,-10.767105449393135,-32.10670931461041,-10.890598281047865,36.377717209396636,14.727523060567806,6.0925105758445754,6.431401537024083,0.02965146818606238,0.04222392497825581,0.009774656277844877,0.03375932940102169,1.4240079011704079,-1.8797695859383232,4.132851232051523,-1.1712099749074432,-0.8291203543838273
37.5,-32.37770415359907,-11.191703442415424,0.03114322607669943,-30.091857972766668,-12.846877937018187,-32.37770415359907,-11.191703442415424,-32.41335309606983,-11.301510349503598,36.89043500400296,14.874144944023607,5.284735480596097,5.9848955457231545,0.027051575054281872,0.03852165661640169,0.010482269523325654,0.03114322607669943,1.4240079011704079,-1.8648112045886278,4.138225618030495,-1.1940047223046248,-0.8386659209825983
38.0,-32.652355737864845,-11.619763935778225,0.029085994531052893,-30.216122985532113,-13.240800536926843,-32.652355737864845,-11.619763935778225,-32.71889124212941,-11.716252615434094,37.40557380877337,15.020766827479406,4.476960385347618,5.643034199389231,0.02501085125416962,0.035615649800935345,0.011974782706391449,0.029085994531052893,1.4240079011704079,-1.8506696944557022,4.143495683585385,-1.216972471866159,-0.848126730890695
38.5,-32.92652415158565,-12.05002826961769,0.027664991046526484,-30.326175739043954,-13.657267703831787,-32.92652415158565,-12.05002826961769,-33.02527657879728,-12.133390263066538,37.9231420400381,15.157188990796136,4.465416589099211,5.423401145023974,0.02360665195127039,0.03361605889878887,0.013417306062445596,0.027664991046526484,1.4240079011704079,-1.8373148966553505,4.150418905233794,-1.2401118665930682,-0.8575015123808717
39.0,-33.197066888024764,-12.484800333087446,0.026791641452985918,-30.430177029510897,-14.08333416185624,-33.197066888024764,-12.484800333087446,-33.32872683555792,-12.555668943730574,38.44314948143411,15.289268197205837,4.792901528192007,5.318172317660159,0.022750398448560423,0.03239674714552503,0.01547704486346623,0.026791641452985918,1.4240079011704079,-1.824665951816967,4.157211700046712,-1.2634215026765026,-0.8667890208332992
39.5,-33.467204764312854,-12.921740350627319,0.026289046987485413,-30.53417831997784,-14.50940061988069,-33.467204764312854,-12.921740350627319,-33.63297798676018,-12.980363490004876,38.96558294292244,15.42134740361554,5.1203864672848045,5.29506218684671,0.02226519091169411,0.03170580777931997,0.01774428598560383,0.026289046987485413,1.4240079011704079,-1.8126188607331395,4.166286124084314,-1.2868999230328189,-0.8759880414018529
40.0,-33.7317107858068,-13.36450203868076,0.025932522278564803,-30.63817961044478,-14.935467077905143,-33.7317107858068,-13.36450203868076,-33.93184929317933,-13.411795284299515,39.49043019093297,15.553426610025243,5.447871406377601,5.304180815908017,0.0219263403877264,0.031223281955874215,0.019393321789344792,0.025932522278564803,1.4240079011704079,-1.8011321450193913,4.175477671367464,-1.3105456392178059,-0.8850973825757621
40.5,-33.99562498277003,-13.809485173850879,0.025485262164060336,-30.742180900911723,-15.361533535929595,-33.99562498277003,-13.809485173850879,-34.231247439453824,-13.845749458143455,40.017655797560856,15.685505816434945,5.7753563454703984,5.289026106258666,0.02149703949888733,0.030611954098187903,0.0218720641197447,0.025485262164060336,1.4240079011704079,-1.7903444594269478,4.186315963523059,-1.3343571198614654,-0.8941158804679459
41.0,-34.25233290399652,-14.26111539680495,0.02474908714420511,-30.846182191378666,-15.787599993954046,-34.25233290399652,-14.26111539680495,-34.523362559763825,-14.287452573397914,40.54722139637302,15.817585022844648,6.102841284563196,5.198848576023644,0.020779103822910018,0.029589608023064092,0.023170199377310782,0.02474908714420511,1.4240079011704079,-1.7801993050124645,4.198150639262116,-1.3583327910201073,-0.9030423992632538
41.5,-34.50746014527642,-14.715490078143523,0.023605347454728455,-30.945645886131356,-16.22334099044145,-34.50746014527642,-14.715490078143523,-34.81476767361943,-14.732332822096218,41.079075418266186,15.948966958987395,6.13710014086466,4.999349582437076,0.019653884044853923,0.027987286168559,0.025436476038542946,0.023605347454728455,1.4240079011704079,-1.7706198727751419,4.2104266179346395,-1.3824710365242046,-0.9118758316455048
42.0,-34.75478350748404,-15.176570672645594,0.022032484636882822,-31.032781390192003,-16.68536673386084,-34.75478350748404,-15.176570672645594,-35.09807169791154,-15.185069307945191,41.613155571774094,16.078454482018827,5.3746932534159795,4.679105497449258,0.018099819176283904,0.025774285516783943,0.027345839088000805,0.022032484636882822,1.4240079011704079,-1.7615401096869001,4.224704983681736,-1.4067701983163226,-0.9206150992004468
42.5,-34.99859038761691,-15.641422572839193,0.02009255558083048,-31.119916894252647,-17.147392477280228,-34.99859038761691,-15.641422572839193,-35.3782230623271,-15.642226159101375,42.14938921514119,16.207942005050256,4.6122863659673,4.250170516596823,0.016178960183191888,0.023038967133586677,0.03068319491159538,0.02009255558083048,1.4240079011704079,-1.7532795557985905,4.2390903013864545,-1.4312285767769957,-0.9292591527930387
43.0,-35.23425240192499,-16.112808966281456,0.017918143208620722,-31.20705239831329,-17.609418220699613,-35.23425240192499,-16.112808966281456,-35.64965888564507,-16.10706787144326,42.68769383945278,16.33742952808169,3.84987947851862,3.743139083500978,0.014023890431232037,0.019970130779222498,0.033936151460951504,0.017918143208620722,1.4240079011704079,-1.7457109670405313,4.256965400344406,-1.4558444300934001,-0.9378069728176477
43.5,-35.4629840605059,-16.589625642367842,0.01567040842464379,-31.294187902373938,-18.071443964119002,-35.4629840605059,-16.589625642367842,-35.9136758590327,-16.578305609729806,43.22797766020362,16.466917051113118,3.08747259106994,3.1985305957963117,0.011795759619727206,0.016797254898798387,0.04007676000955674,0.01567040842464379,1.4240079011704079,-1.7388024551393515,4.2749232643691775,-1.480615972361025,-0.9462575692900389
44.0,-35.683192076634356,-17.072721221072015,0.0135025389368809,-31.381323406434582,-18.53346970753839,-35.683192076634356,-17.072721221072015,-36.16826258086181,-17.056944577027892,43.77014031277064,16.59640457414455,2.3250657036212603,2.657385214281273,0.009647759924175237,0.013738486360620753,0.045797800121812074,0.0135025389368809,1.4240079011704079,-1.7324812675013108,4.299410343788252,-1.5055413809516995,-0.9546099829143685
44.5,-35.88991859073855,-17.56396800591044,0.01153361386470342,-31.46845891049523,-18.995495450957776,-35.88991859073855,-17.56396800591044,-36.4074537946458,-17.54519141873512,44.31407364534056,16.72589209717598,1.562658816172581,2.1538266849118988,0.007698961926539385,0.01096338261420223,0.0560594222393616,0.01153361386470342,1.4240079011704079,-1.7269465096440522,4.323646451998295,-1.5306187929567416,-0.9628632849579619
45.0,-36.087949715931984,-18.06093347465904,0.0098337228604677,-31.54406281222278,-19.48345273008535,-36.087949715931984,-18.06093347465904,-36.63675948820514,-18.040186151327998,44.85966260097263,16.861259218858258,1.2756838535776627,1.7113440712289871,0.006019457110188398,0.008571754485664669,0.06458380782266257,0.0098337228604677,1.4240079011704079,-1.7222569115828732,4.359245060760323,-1.555846305540896,-0.9710165775304885
45.5,-36.26063855755771,-18.569731867407846,0.008442615825331944,-31.618404823820903,-19.97424766767582,-36.26063855755771,-18.569731867407846,-36.83649080461621,-18.549122455195555,45.40678617869477,16.99726973833455,1.0407348658525948,1.3431254385047409,0.0046489860349263655,0.00662019284616603,0.07829201462610247,0.008442615825331944,1.4240079011704079,-1.718320388459733,4.392883392886525,-1.581221976323663,-0.9790689938535208
46.0,-36.42602086827819,-19.08278799177865,0.007367725570853886,-31.692746835419022,-20.465042605266284,-36.42602086827819,-19.08278799177865,-37.02778092974762,-19.063088090369092,45.95531846187985,17.13328025781084,0.8057858781275269,1.0553023419070329,0.003594974913089962,0.0051192726807495065,0.09546620927888329,0.007367725570853886,1.4240079011704079,-1.715022868700952,4.443520010251451,-1.6067438237879312,-0.9870196985212325
46.5,-36.54745203635159,-19.610642764514274,0.00660430209653967,-31.767088847017142,-20.955837542856752,-36.54745203635159,-19.610642764514274,-37.16745291897727,-19.5944836394199,46.505129700670615,17.26929077728713,0.570836890402459,0.8507501746644498,0.0028526799037078767,0.004062238722390055,0.10175076110449542,0.00660430209653967,1.4240079011704079,-1.7123066540400036,4.495946107655054,-1.6324098277127599,-0.9948678877516561
47.0,-36.658851482996084,-20.141651054184802,0.006143525917177684,-31.84143085861526,-21.446632480447217,-36.658851482996084,-20.141651054184802,-37.29536587239502,-20.129608489806284,47.056087433954914,17.40530129676342,0.3358879026773911,0.7310780257464311,0.0024132406886956774,0.0034364738081285612,0.11524116186717169,0.006143525917177684,1.4240079011704079,-1.7102580672291319,4.554000173261756,-1.6582179330623172,-1.0026127872783106
47.5,-36.71876568662369,-20.683184877878386,0.005968783731286728,-31.91577287021338,-21.937427418037686,-36.71876568662369,-20.683184877878386,-37.36272375788759,-20.67713533575802,47.60805763537193,17.54131181623971,0.10093891495232321,0.6954122200247328,0.0022600506935823426,0.0032183300447069163,0.11551192610370994,0.005968783731286728,1.4240079011704079,-1.708765054992765,4.621098609469618,-1.68416605908696,-1.0102536466800347
48.0,-36.758168830198365,-21.22655509679942,0.006043882160186826,-31.987115752372485,-22.441350587209993,-36.758168830198365,-21.22655509679942,-37.40595729977158,-21.22684164047233,48.160900396958844,17.67648268182262,0.17119375158499966,0.7364327461274863,0.002356901253447214,0.0033562460071872705,0.1146535218647097,0.006043882160186826,1.4240079011704079,-1.7077052709608023,4.680085210077531,-1.7102520731011326,-1.0177897578603112
48.5,-36.75398014970246,-21.772909474530973,0.0062996147972712,-32.05541741841059,-22.958586215993908,-36.75398014970246,-21.772909474530973,-37.397918371086035,-21.780077936730528,48.71449396282324,17.810802110677457,0.5509353275200369,0.8357533833838059,0.0026345787626599858,0.0037516609742835765,0.10683228201735946,0.0062996147972712,1.4240079011704079,-1.7069197115074697,4.7461416002591506,-1.7364738056646332,-1.0252204452190443
49.0,-36.72132464750568,-22.317735287236548,0.006627800984614446,-32.123719084448695,-23.47582184477782,-36.72132464750568,-22.317735287236548,-37.35641756739268,-22.331535552026416,49.26870104513243,17.9451215395323,0.9306769034550741,0.961218608605489,0.0029848970839264884,0.004250517031691829,0.0925970648948242,0.006627800984614446,1.4240079011704079,-1.70631363968637,4.796875524765685,-1.7628290510996851,-1.0325450658484985
49.5,-36.66182839491592,-22.861040040660267,0.0068892016761757805,-32.192020750486805,-23.993057473561734,-36.66182839491592,-22.861040040660267,-37.283388478907845,-22.881223829003844,49.823392790400725,18.079440968387136,1.3104184793901115,1.0683966617750777,0.0032686056509362467,0.004654520272743459,0.07945903874335179,0.0068892016761757805,1.4240079011704079,-1.7058954391858692,4.847315194987621,-1.7893155680236716,-1.0397630097194577
50.0,-36.57443334124232,-23.39979953595254,0.006934919335938924,-32.26032241652491,-24.51029310234565,-36.57443334124232,-23.39979953595254,-37.17760258432652,-23.425585355364074,50.378444329111744,18.213760397241977,1.6901600553251488,1.1069548864014997,0.003336803892612109,0.0047516351077358165,0.06438939207365518,0.006934919335938924,1.4240079011704079,-1.7056266634492505,4.883680019729927,-1.8159310798982138,-1.0468736998582844
50.5,-36.47573673074078,-23.936800220137975,0.006638159333524369,-32.32862408256302,-25.027528731129564,-36.47573673074078,-23.936800220137975,-37.05858912255484,-23.96789853843236,50.93374241213481,18.348079826096818,2.069901631260186,1.0310603891363717,0.0030626887323826134,0.0043612929537384226,0.05694534571900503,0.006638159333524369,1.4240079011704079,-1.705454756629956,4.917647531899607,-1.842673275595271,-1.053876592515352
51.0,-36.352110967174795,-24.467678758885413,0.005927534892928464,-32.39763491046389,-25.55178990606597,-36.352110967174795,-24.467678758885413,-36.910298080731835,-24.50302983260172,51.48916767273179,18.481679179136528,2.3126122880409667,0.8111902316342402,0.002374870090796169,0.003381833773547029,0.046994004034118846,0.005927534892928464,1.4240079011704079,-1.7054381359839474,4.945795919741114,-1.869539811909716,-1.0607711936329762
51.5,-36.22363485549847,-24.99721038979216,0.004810619082948962,-32.472932719651965,-26.13833513702925,-36.22363485549847,-24.99721038979216,-36.75630930515175,-25.03659635194856,52.04461950204498,18.60889479467887,1.340493341433425,0.4435703060443188,0.0012809179281654459,0.0018240372504584239,0.04288337189317494,0.004810619082948962,1.4240079011704079,-1.7056579862997963,4.9688822663939645,-1.896528322004331,-1.0675571252286256
52.0,-36.075933492934055,-25.520705470329244,0.0033746660433263687,-32.54823052884004,-26.724880367992537,-36.075933492934055,-25.520705470329244,-36.5796446277842,-25.563079514255705,52.59998594934878,18.736110410221215,0.36837439482588286,-0.04630839295487808,-0.00013191702116817323,-0.00018785088044234263,0.036798707517551044,0.0033746660433263687,1.4240079011704079,-1.706047798663407,4.9924855137667885,-1.9236363952586706,-1.074233949402689
52.5,-35.923049558340125,-26.042147137934624,0.0017745763492139966,-32.62352833802811,-27.311425598955818,-35.923049558340125,-26.042147137934624,-36.396739375017006,-26.087163716345596,53.155186974774615,18.863326025763563,-0.6037445517816593,-0.6080092252108699,-0.0017087307179888224,-0.0024332460433886672,0.029648805486252247,0.0017745763492139966,1.4240079011704079,-1.7065611070521747,5.008889980874141,-1.9508615890390368,-1.0808012623211896
53.0,-35.758674629962776,-26.55917370709491,0.00019517142334483407,-32.698826147216174,-27.897970829919103,-35.758674629962776,-26.55917370709491,-36.200076578903776,-26.6060690413928,53.71012668903645,18.990541641305906,-1.575863498389201,-1.177385055868216,-0.0032647040332229884,-0.004648964338292433,0.02258527582737306,0.00019517142334483407,1.4240079011704079,-1.7071645298718656,5.024680587218265,-1.9782014294156958,-1.087258694361384
53.5,-35.58988939940465,-27.07406242430254,-0.001191656034288085,-32.774123956404246,-28.484516060882385,-35.58988939940465,-27.07406242430254,-35.997892278761995,-27.122473852592474,54.264741823711454,19.11775725684825,-2.547982444996743,-1.691458620223588,-0.004627937570116259,-0.0065902196659689315,0.012519117826609949,-0.001191656034288085,1.4240079011704079,-1.708166638700917,5.033370885650502,-2.0056534119323812,-1.0936059102522264
54.0,-35.41699727980739,-27.58683812816984,-0.0022688672700362502,-32.85053322433859,-29.073382410829183,-35.41699727980739,-27.58683812816984,-35.79046049466263,-27.63640771217371,54.81896040193427,19.23710830881441,-3.41252296782635,-2.1024929608282403,-0.005681394809024189,-0.008090351097718985,0.005107916283110425,-0.0022688672700362502,1.4240079011704079,-1.7095694948525488,5.038233299634847,-2.033215002433904,-1.0998426092070308
54.5,-35.24363345464903,-28.098827251232485,-0.0030345919080235215,-32.93799434453672,-29.685328937326357,-35.24363345464903,-28.098827251232485,-35.58199263559984,-28.149432646315482,55.372724661406295,19.27825763259714,-3.2073514115066692,-2.3871906903750495,-0.0064232015904705135,-0.009146689815640341,0.00019247782886211025,-0.0030345919080235215,1.4240079011704079,-1.7113676190288962,5.038890962214163,-2.060883652470558,-1.1059685158778774
55.0,-35.07045435359503,-28.610232459370888,-0.0034639979057959425,-33.02545546473485,-30.297275463823535,-35.07045435359503,-28.610232459370888,-35.3732156507732,-28.661789587430643,55.92598549235774,19.319406956379865,-3.0021798551869887,-2.5486764398809445,-0.006828528441685332,-0.009723878454326765,-0.0010618149762551567,-0.0034639979057959425,1.4240079011704079,-1.7135475479051816,5.038440015441176,-2.0886567987089797,-1.111983381402846
55.5,-34.89794931308333,-29.121202857915,-0.0036267371947188757,-33.112916584932975,-30.90922199032071,-34.89794931308333,-29.121202857915,-35.16467959643489,-29.173657081529978,56.47870222502048,19.36055628016259,-2.7970082988673077,-2.6114637354741985,-0.006967040516205698,-0.00992112074285127,0.0006790480419438644,-0.0036267371947188757,1.4240079011704079,-1.7160571700711056,5.0377446914258535,-2.116531825202521,-1.1178870078656507
56.0,-34.725898152254835,-29.63161212995442,-0.0036227745732845982,-33.2003777051311,-31.521168516817887,-34.725898152254835,-29.63161212995442,-34.956116121949705,-29.68488989607854,57.030842304197854,19.40170560394532,-2.591836742547627,-2.6118986117641114,-0.0069386741628596395,-0.009880726831559092,0.0027781387464639326,-0.0036227745732845982,1.4240079011704079,-1.7188442773148591,5.039174824246257,-2.1445060900043535,-1.1236792321028486
56.5,-34.55241663119332,-30.14066109962367,-0.0035539792051790487,-33.287838825329224,-32.133115043315065,-34.55241663119332,-30.14066109962367,-34.74530964598483,-30.19455117515277,57.58238086072348,19.442854927728046,-2.3866651862279467,-2.5877003922351163,-0.00684532260399898,-0.009747793474154939,0.0017549718348543752,-0.0035539792051790487,1.4240079011704079,-1.7219876512187802,5.040735397136449,-2.1725769260053656,-1.1293599257002744
57.0,-34.37927608949049,-30.649058905062613,-0.003505397894905266,-33.376966402770314,-32.74615532904933,-34.37927608949049,-30.649058905062613,-34.53434964733645,-30.703478427066884,58.13330019146538,19.480189743819174,-2.2025462588710703,-2.569831301585316,-0.006772020267533094,-0.009643410367853265,-0.0007871634827486648,-0.003505397894905266,1.4240079011704079,-1.7255201966272564,5.041059386894692,-2.200741641681071,-1.1349289949561094
57.5,-34.20594925193835,-31.156575428709957,-0.00356687009584557,-33.491167132506966,-33.37565207776336,-34.20594925193835,-31.156575428709957,-34.322620047387474,-31.21140410608771,58.68358916114091,19.460132308961285,-2.335180596222856,-2.578402840675858,-0.00680862152685711,-0.009695530850323451,-0.0042649861089743,-0.00356687009584557,1.4240079011704079,-1.7294309646235468,5.039888482085217,-2.2289975217382136,-1.1403863808178165
58.0,-34.03445402367952,-31.66403735111406,-0.003722869553570352,-33.60536786224361,-34.0051488264774,-34.03445402367952,-31.66403735111406,-34.11249387391891,-31.719304090681003,59.233242540526405,19.440074874103395,-2.4678149335746418,-2.6225933257850924,-0.006939610333713516,-0.009882059946251857,-0.0089107789026151,-0.003722869553570352,1.4240079011704079,-1.7337006850315189,5.036485038172438,-2.2573418672445356,-1.1457320440331586
58.5,-33.86498716214004,-32.17152028599048,-0.003976516970916558,-33.719568591980256,-34.634645575191435,-33.86498716214004,-32.17152028599048,-33.9041954450396,-32.227270947258326,59.78226029664647,19.420017439245505,-2.6004492709264273,-2.7033518561073846,-0.007168088258969926,-0.010207414317060006,-0.012269229996217245,-0.003976516970916558,1.4240079011704079,-1.7383011104574286,5.030345575111661,-2.2857719506586553,-1.1509659820366693
59.0,-33.700070027412934,-32.680021853562764,-0.004318612725120879,-33.83376932171691,-35.26414232390547,-33.700070027412934,-32.680021853562764,-33.70067802391192,-32.73648239041773,60.3306523213161,19.399960004387616,-2.7330836082782133,-2.817007482333783,-0.007484905669096561,-0.010658564812308681,-0.017457501619214336,-0.004318612725120879,1.4240079011704079,-1.7431943013122564,5.023361456780199,-2.3142849918587483,-1.1560882379963264
59.5,-33.53801673748969,-33.18885171546605,-0.0047359103529011695,-33.94797005145355,-35.89363907261951,-33.53801673748969,-33.18885171546605,-33.49993974681439,-33.246130865909045,60.87841478549975,19.379902569529722,-2.8657179456299993,-2.9583584395135816,-0.00787676001792126,-0.011216568501143038,-0.02165791148636821,-0.0047359103529011695,1.4240079011704079,-1.7483759300800221,5.011688898577286,-2.342878189147895,-1.161098889361315
60.0,-33.38521657378901,-33.70038716224499,-0.0052165422058764906,-34.05936099302824,-36.5021543900788,-33.38521657378901,-33.70038716224499,-33.30947427029023,-33.75901846470317,61.425564186873395,19.35868132415923,-3.0046862305736495,-3.122417960107806,-0.008331812634233358,-0.01186456702221973,-0.029570684063728505,-0.0052165422058764906,1.4240079011704079,-1.7539079914853286,5.000234842621427,-2.371548719832738,-1.1659980478025866
60.5,-33.23505936452661,-34.21212015213899,-0.00576333825371122,-34.131383448382266,-36.81669480991864,-33.23505936452661,-34.21212015213899,-33.12147765358387,-34.272200606005825,61.97211372209031,19.321153704255117,-3.2324006821747733,-3.3048605301092158,-0.008852929902372344,-0.012606642129485986,-0.0400703025305101,-0.00576333825371122,1.4240079011704079,-1.7597601953998767,4.980131891731019,-2.400293740885479,-1.1707858591645164
61.0,-33.10296619269185,-34.72926009690506,-0.00635328297715973,-34.20340590373628,-37.13123522975847,-33.10296619269185,-34.72926009690506,-32.95406143023225,-34.7918129504358,62.518078049989356,19.283626084351006,-3.4601151337758975,-3.5018069985103604,-0.009417048405226353,-0.013409951334746517,-0.04778172535853185,-0.00635328297715973,1.4240079011704079,-1.7658944961921004,4.95748797032066,-2.429110389693062,-1.1754625034221537
61.5,-32.97616106955436,-35.24718399590158,-0.006976343976474227,-34.2754283590903,-37.4457756495983,-32.97616106955436,-35.24718399590158,-32.79216130078948,-35.31242457137894,63.063472630947246,19.24609846444689,-3.6878295853770213,-3.709376584380344,-0.010014182907160298,-0.01426027558356191,-0.06039818417926345,-0.006976343976474227,1.4240079011704079,-1.7722646180425692,4.929144661223419,-2.4579958517344864,-1.180028177033276
62.0,-32.87349956981307,-35.771270329659416,-0.007621428858667723,-34.347450814444315,-37.76031606943813,-32.87349956981307,-35.771270329659416,-32.65792465055141,-35.84037199095786,63.60831312542967,19.20857084454278,-3.915544036978145,-3.923326950367491,-0.010633210076446298,-0.015141775163664325,-0.070401116116357,-0.007621428858667723,1.4240079011704079,-1.778815638134476,4.893054965414439,-2.4869472535888923,-1.1844831213119102
62.5,-32.784320451952055,-36.29745819642095,-0.008274687071943902,-34.41947326979833,-38.07485648927797,-32.784320451952055,-36.29745819642095,-32.53877201946066,-36.37088761195185,64.15261486304117,19.171043224638666,-4.143258488579269,-4.138481992488599,-0.011260290038130418,-0.01603474198376815,-0.08247831297433326,-0.008274687071943902,1.4240079011704079,-1.7854836698278735,4.853956293433648,-2.5159616835198793,-1.1888276171859502
63.0,-32.72279767581951,-36.82867396982704,-0.008916620912435946,-34.491495725152355,-38.389396909117806,-32.72279767581951,-36.82867396982704,-32.45134158262213,-36.90742518677318,64.69639239152123,19.133515604734555,-4.370972940180393,-4.347691307876766,-0.011875971622177,-0.016911477424055594,-0.08981271915141463,-0.008916620912435946,1.4240079011704079,-1.792338987259953,4.804957917793865,-2.5450362141660956,-1.1930619793775192
63.5,-32.68550370230761,-37.361900947769854,-0.00951801384801984,-34.56351818050637,-38.703937328957636,-32.68550370230761,-37.361900947769854,-32.391564923753215,-37.44644754330161,65.23965911310022,19.095987984830444,-4.598687391781517,-4.540333608332615,-0.012450978954103081,-0.01773029240794925,-0.09508023092064789,-0.00951801384801984,1.4240079011704079,-1.7993959828653796,4.757897358658282,-2.574167903564634,-1.1971865562688562
64.0,-32.6741317651914,-37.89731917166994,-0.010035548914245084,-34.63554063586039,-39.01847774879747,-32.6741317651914,-37.89731917166994,-32.36140102865439,-37.98817907208429,65.78242701345893,19.05846036492633,-4.826401843382641,-4.7008670139699875,-0.012942028108140461,-0.01842955028316152,-0.0956991693823462,-0.010035548914245084,1.4240079011704079,-1.806583049718157,4.7032027464608674,-2.603353796205408,-1.2012017297355808
64.5,-32.69533668159003,-38.432274592821656,-0.010411091517070573,-34.7075630912144,-39.3330181686373,-32.69533668159003,-38.432274592821656,-32.36865171819121,-38.529510166443494,66.32470648628156,19.02093274502222,-5.054116294983765,-4.808633743814951,-0.013291012906812475,-0.018926507393858837,-0.09187345766876538,-0.010411091517070573,1.4240079011704079,-1.8138238215262494,4.655412353929629,-2.63259092411609,-1.2051079149426736
65.0,-32.73512929538923,-38.96673155251055,-0.010577541454039031,-34.77958554656842,-39.64755858847714,-32.73512929538923,-38.96673155251055,-32.39684095940241,-39.07041116724759,66.86650625409939,18.983405125118104,-5.281830746584889,-4.840054413221904,-0.013430804016561743,-0.01912557103865517,-0.08693656462123765,-0.010577541454039031,1.4240079011704079,-1.8210375890445865,4.6047191543264,-2.661876383609434,-1.2089055398813433
65.5,-32.81044286497931,-39.49720654991899,-0.010472678505381996,-34.85160800192244,-39.962099008316976,-32.81044286497931,-39.49720654991899,-32.46588513391476,-39.606794597693614,67.40783885397357,18.945877505213993,-5.509545198186013,-4.7737046085619355,-0.013299217594541887,-0.018938190934012153,-0.07955931066136553,-0.010472678505381996,1.4240079011704079,-1.828139921011497,4.562275194556379,-2.691207192947716,-1.2125950834302184
66.0,-32.895383523079914,-40.02625239346086,-0.010056137890242175,-34.93343511548552,-40.30729327963418,-32.895383523079914,-40.02625239346086,-32.54533236871622,-40.14167181846349,67.94869785513241,18.910287487747457,-5.642726525939967,-4.597249846168846,-0.012855881014651708,-0.018306876141370672,-0.07682725689290548,-0.010056137890242175,1.4240079011704079,-1.8350880437641615,4.519392993436511,-2.7205803574166247,-1.21617705793049
66.5,-33.01582914069123,-40.548160436570214,-0.009313792380948184,-35.10255340107368,-40.92539972855995,-33.01582914069123,-40.548160436570214,-32.66565762149037,-40.66833099178119,68.48909954313083,18.891948004066812,-4.934276559684566,-4.313800703936632,-0.012086668022755797,-0.017211510763227966,-0.06913670402798275,-0.009313792380948184,1.4240079011704079,-1.8418503313874048,4.480011983133606,-2.749992874518956,-1.2196520077324728
67.0,-33.14198706323289,-41.06830343058419,-0.008328413347288432,-35.27167168666184,-41.543506177485725,-33.14198706323289,-41.06830343058419,-32.79185965099648,-41.19309268559503,69.02903501145461,18.87360852038617,-4.225826593429165,-3.944839431697406,-0.011074380609287641,-0.015770005488193958,-0.06729438852578921,-0.008328413347288432,1.4240079011704079,-1.8484678028023533,4.445305044562072,-2.7794417350285268,-1.2230205088216748
67.5,-33.29814200613441,-41.579925613874224,-0.007204365189507677,-35.44078997225,-42.161612626411504,-33.29814200613441,-41.579925613874224,-32.952572105255975,-41.708004259512634,69.56851867933916,18.85526903670553,-3.517376627173764,-3.5279611940763425,-0.009923350526904228,-0.01413092955639515,-0.06478103313625996,-0.007204365189507677,1.4240079011704079,-1.854892413397064,4.408031542900266,-2.8089239240107045,-1.2262831684333086
68.0,-33.46240068667137,-42.08834851255831,-0.006071781487867215,-35.60990825783816,-42.779719075337276,-33.46240068667137,-42.08834851255831,-33.12210944173119,-42.21931825943889,70.10754050682144,18.836929553024888,-2.808926660918363,-3.10963436784247,-0.008763732246105776,-0.01247962396219651,-0.06373480692550436,-0.006071781487867215,1.4240079011704079,-1.8610312753357197,4.3760074307337415,-2.838436429469739,-1.2294406192415048
68.5,-33.6506303025079,-42.58798307124426,-0.0050583282736509335,-35.77902654342632,-43.397825524263055,-33.6506303025079,-42.58798307124426,-33.31921046792269,-42.72044943891752,70.64611461259258,18.818590069344246,-2.1004766946629623,-2.7350978194140754,-0.007723225213190124,-0.010997933726101245,-0.0628441897981427,-0.0050583282736509335,1.4240079011704079,-1.8667974734641888,4.339961604594148,-2.8679762914770315,-1.2324934848767304
69.0,-33.85064307717729,-43.08216420021493,-0.0042586741595176236,-35.94685614884966,-44.001922671138836,-33.85064307717729,-43.08216420021493,-33.52960106981617,-43.215311339001836,71.18423156342985,18.803953135897512,-1.4763746947218954,-2.4385076202622487,-0.006896453253998078,-0.009820603923745633,-0.060184218907724116,-0.0042586741595176236,1.4240079011704079,-1.8721212885311613,4.3089357064424805,-2.8975404870596604,-1.2354424616702706
69.5,-34.06899079507375,-43.56804899280611,-0.0037005743406806936,-36.10278352477615,-44.47663012719598,-34.06899079507375,-43.56804899280611,-33.761041377061666,-43.70055105694372,71.72190703912425,18.823512897496382,-1.6313091695207165,-2.2362138312901902,-0.0063112005000862115,-0.008987199377993395,-0.056467577865369774,-0.0037005743406806936,1.4240079011704079,-1.8770237798383664,4.275817642129793,-2.92712599150749,-1.2382882755237183
70.0,-34.30070845703494,-44.04673051667934,-0.003400861585731339,-36.25871090070264,-44.951337583253135,-34.30070845703494,-44.04673051667934,-34.00772758997234,-44.17744883499402,72.25913414064915,18.843072659095256,-1.7862436443195375,-2.124805745117005,-0.005984333474439568,-0.008521738150840504,-0.04958607299617226,-0.003400861585731339,1.4240079011704079,-1.8814704756940706,4.2488276888480145,-2.956729779278838,-1.2410316815176925
70.5,-34.54434616495325,-44.518964925339496,-0.003300468232241272,-36.41463827662913,-45.42604503931028,-34.54434616495325,-44.518964925339496,-34.267976595352515,-44.64689152876858,72.79593204508637,18.86263242069413,-1.9411781191183586,-2.08382594858272,-0.005856752052400144,-0.008340061197813808,-0.04276900417426509,-0.003300468232241272,1.4240079011704079,-1.8854557091242024,4.223099040899497,-2.986348824872305,-1.2436734635352464
71.0,-34.79979187735736,-44.984017886407706,-0.003309331790186135,-36.570565652555615,-45.90075249536743,-34.79979187735736,-44.984017886407706,-34.54166749313009,-45.10801506527399,73.33230374542,18.882192182293,-2.0961125939171796,-2.0816169926461137,-0.005838428921359079,-0.00831396891443715,-0.033826418369210076,-0.003309331790186135,1.4240079011704079,-1.889079915131064,4.203417184052263,-3.015980103661009,-1.2462144339047694
71.5,-35.06123850043311,-45.44527937087834,-0.0033262728107283134,-36.7264930284821,-46.37545995142458,-35.06123850043311,-45.44527937087834,-34.82197282136414,-45.56480899359958,73.86826175048473,18.901751943891874,-2.2510470687160007,-2.082274364269984,-0.005828191773033579,-0.008299391134336184,-0.026739890312885515,-0.0033262728107283134,1.4240079011704079,-1.8923070357268865,4.187219906731466,-3.0456205926914963,-1.248655433063469
72.0,-35.331105788899464,-45.90095234067797,-0.0032572294941818126,-36.882420404408585,-46.85016740748173,-35.331105788899464,-45.90095234067797,-35.11174315687062,-46.01516059003666,74.40382175497835,18.921311705490748,-2.405981543514822,-2.052138103769776,-0.0057319725756855375,-0.008162374237068299,-0.019827258041614847,-0.0032572294941818126,1.4240079011704079,-1.8951139017677523,4.175084469165469,-3.075267320520216,-1.2509973231842155
72.5,-35.603199860356746,-46.35495926671532,-0.003029570959308367,-37.03834778033507,-47.32487486353888,-35.603199860356746,-46.35495926671532,-35.40370028758315,-46.46368459110918,74.93900293471482,18.940871467089618,-2.560916018313643,-1.9649682895262057,-0.005477162578105232,-0.007799522787216732,-0.015166896508066092,-0.003029570959308367,1.4240079011704079,-1.8974730316075605,4.166228208313939,-3.104917274315595,-1.2532409994219256
73.0,-35.88070824478157,-46.80514882404539,-0.0025959445156501343,-37.19962112799319,-47.79364145537263,-35.88070824478157,-46.80514882404539,-35.70161216674157,-46.907847432428724,75.47382816747987,18.970554462724483,-2.3916723079514597,-1.8053100435596376,-0.005016395267011794,-0.007143386495618632,-0.010960318436519482,-0.0025959445156501343,1.4240079011704079,-1.8993883058485226,4.159037710340716,-3.1345674431748414,-1.2553873843491603
73.5,-36.15894817377113,-47.25462765738413,-0.0019501896081778013,-37.365700231195945,-48.25706751369539,-36.15894817377113,-47.25462765738413,-35.99999935869701,-47.35129783677763,76.00832417104854,19.009337728720006,-1.931008966322747,-1.5695528921997135,-0.004343521566989331,-0.006185209030296878,-0.007905198381415695,-0.0019501896081778013,1.4240079011704079,-1.900876044005143,4.15464003579689,-3.164214821071756,-1.257437427360357
74.0,-36.440124966565996,-47.701911420028104,-0.0011189536917240567,-37.531779334398706,-48.72049357201815,-36.440124966565996,-47.701911420028104,-36.301498289243234,-47.792279472202566,76.54252155171913,19.048120994715525,-1.4703456246940338,-1.2645392395106727,-0.0034852025908123137,-0.0049629560264963105,-0.005452301129325347,-0.0011189536917240567,1.4240079011704079,-1.901964064081166,4.1506827689419445,-3.193856407693001,-1.2593921043175866
74.5,-36.72165482123819,-48.14876521433603,-0.0001425347890155527,-37.69785843760147,-49.18391963034091,-36.72165482123819,-48.14876521433603,-36.60312198682108,-48.23285523102721,77.07645475865424,19.086904260711048,-1.0096822830653207,-0.9041121286880984,-0.0024817115683789344,-0.0035339768817976075,-0.0030743581481516118,-0.0001425347890155527,1.4240079011704079,-1.9026908247414707,4.148881023015426,-3.2234892093115186,-1.261252417168964
75.0,-37.00424782500178,-48.594726819887576,0.0009320301583667005,-37.86393754080423,-49.64734568866366,-37.00424782500178,-48.594726819887576,-36.9057671558527,-48.67246457695256,77.61016863094675,19.12568752670657,-0.5490189414366076,-0.5048294321762979,-0.0013800999965402144,-0.001965273299478518,-0.0015976837377143377,0.0009320301583667005,1.4240079011704079,-1.90317152565088,4.147436110457399,-3.2531102396924934,-1.2630193935399483
75.5,-37.28689619869709,-49.04049491074058,0.0020612083026890185,-38.030016644006984,-50.11077174698642,-37.28689619869709,-49.04049491074058,-37.2083153094393,-49.11191048977447,78.1436928702191,19.164470792702094,-0.08835559980789442,-0.08223588862775943,-0.0002239070290027471,-0.0003188453784275036,-0.00019001596073421208,0.0020612083026890185,1.4240079011704079,-1.9033510971037244,4.147194596437364,-3.282716548815205,-1.2646940887966764
76.0,-37.569577566530356,-49.48611975141519,0.003211076353389062,-38.196095747209746,-50.57419780530918,-37.569577566530356,-49.48611975141519,-37.51081058832771,-49.55123171618587,78.67708441780003,19.203254058697617,0.3723077418208187,0.35141592343315076,0.0009529536572384169,0.0013570135373567422,0.00039464743433102886,0.003211076353389062,1.4240079011704079,-1.9032476489948587,4.147235601217701,-3.312305178292829,-1.2662775815063
76.5,-37.85208936441284,-49.931753294013866,0.004359045065255895,-38.36217485041251,-51.037623863631936,-37.85208936441284,-49.931753294013866,-37.81308649838752,-49.990585980634286,79.21037885136273,19.24203732469314,0.8329710834495319,0.7878591404177147,0.0021278767651467406,0.003030113326285887,0.0006847309778137969,0.004359045065255895,1.4240079011704079,-1.9028882806088379,4.147611130678957,-3.3418731717063794,-1.2677709738146115
77.0,-38.13436627116829,-50.37748027330235,0.005491109041135181,-38.52834078989972,-51.505775292840504,-38.13436627116829,-50.37748027330235,-38.11513800470477,-50.43005186003324,79.74363805452651,19.28519299258239,1.2552363466908245,1.2224509719830878,0.0032868771445516273,0.0046805390240179465,0.0005871921436463918,0.005491109041135181,1.4240079011704079,-1.902308679986054,4.147958131215009,-3.3714175839703575,-1.2691753917267246
77.5,-38.41652345479244,-50.823238231221566,0.006602537546776983,-38.69451669450804,-51.97446899413524,-38.41652345479244,-50.823238231221566,-38.41717162745856,-50.86953511787887,80.27690144915836,19.328850426693556,1.67309513971518,1.653278817365182,0.004425211686707465,0.006301536406223058,0.0003376976400604572,0.006602537546776983,1.4240079011704079,-1.901553027788887,4.148230685719708,-3.400935482278715,-1.2704919846236356
78.0,-38.698536790561015,-51.26908650511634,0.007693282244940029,-38.860692599116355,-52.44316269542998,-38.698536790561015,-51.26908650511634,-38.71922892255633,-51.30908543661972,80.81023351768991,19.372507860804724,2.0909539327395357,2.0801904357727494,0.005542828019299285,0.007893030894310904,0.00013065802767725813,0.007693282244940029,1.4240079011704079,-1.900647507088743,4.148314427982669,-3.430423947046827,-1.2717219247706113
78.5,-38.9806214889815,-51.714895153701626,0.008765569495045403,-39.02686850372468,-52.91185639672472,-38.9806214889815,-51.714895153701626,-39.021631932158606,-51.748530621949314,81.34367490854024,19.41616529491589,2.508812725763891,2.503938366892399,0.006641967000335534,0.009458213487790914,0.00015541351999784627,0.008765569495045403,1.4240079011704079,-1.8992736846134624,4.148368542033428,-3.4598800728501935,-1.2728664068171343
79.0,-39.26261469196023,-52.16081840463025,0.009822328709938426,-39.193044408332995,-53.38055009801946,-39.26261469196023,-52.16081840463025,-39.324256975228536,-52.18803372157741,81.87728985491358,19.459822729027053,2.926671518788247,2.9255456861934386,0.007725544975039241,0.011001237085303222,0.00035316484753383006,0.009822328709938426,1.4240079011704079,-1.8974366858687606,4.148478406687369,-3.4893009899503635,-1.2739266472908493
79.5,-39.54465604118006,-52.60677539434731,0.010865839426727477,-39.35922031294131,-53.849243799314195,-39.54465604118006,-52.60677539434731,-39.62733551340831,-52.6274822334081,82.4111172025561,19.50348016313822,3.344530311812602,3.345816716302082,0.008795852151884566,0.012525362961810355,0.0010435775069801134,0.010865839426727477,1.4240079011704079,-1.8951695944172364,4.148741197449178,-3.5186838409622276,-1.274903884088996
80.0,-39.826496196325266,-53.05297554643666,0.011896646561330515,-39.52539621754963,-54.317937500608934,-39.826496196325266,-53.05297554643666,-39.9306407984778,-53.06710630595173,82.94521777872541,19.547137597249385,3.762389104836958,3.764900979494487,0.009853425065452046,0.014031355146794256,0.0018451142492269005,0.011896646561330515,1.4240079011704079,-1.8924533512712771,4.1495796802636145,-3.548025770197466,-1.2757993759665256
80.5,-40.10790662308891,-53.49959101520859,0.012908089179722396,-39.68717447871522,-54.789711087052666,-40.10790662308891,-53.49959101520859,-40.233969949968575,-53.50709352845464,83.47963086951832,19.5943858107555,4.182062084535563,4.181719000928014,0.010891596311336009,0.015509719203700947,0.0030658809817213657,0.012908089179722396,1.4240079011704079,-1.8892762969961183,4.150688873068578,-3.5773239398726977,-1.2766144020224337
81.0,-40.38889377113924,-53.94663408967537,0.013886031031284881,-39.839578278811594,-55.26805006784974,-40.38889377113924,-53.94663408967537,-40.537395540617304,-53.947444935605894,84.0143987095741,19.649288492406775,4.60560236784155,4.593072373545513,0.011896237626853748,0.01694033637484044,0.004512227999471254,0.013886031031284881,1.4240079011704079,-1.8856352967655226,4.152816543533915,-3.6065755309993426,-1.2773502611912617
81.5,-40.66857587438575,-54.39472250264099,0.01482176277323256,-39.99198207890797,-55.74638904864681,-40.66857587438575,-54.39472250264099,-40.83994353174133,-54.388875649063515,84.54955902189225,19.704191174058046,5.029142651147539,4.992427582302589,0.01285862553160707,0.0183107843552,0.0058771305452983156,0.01482176277323256,1.4240079011704079,-1.8815370539695873,4.155454541637436,-3.635777744251201,-1.278008271745035
82.0,-40.94739526305439,-54.843555537512685,0.01568747111163888,-40.144385879004346,-56.22472802944388,-40.94739526305439,-54.843555537512685,-41.1421950863395,-54.83102236052047,85.08514428929668,19.759093855709317,5.452682934453527,5.368673608894946,0.013750957929147383,0.019581472739767743,0.007634100420261824,0.01568747111163888,1.4240079011704079,-1.8769995531642307,4.159025796536652,-3.664927800809174,-1.2785897708070075
82.5,-41.224092289763355,-55.29399152504262,0.016442948091939816,-40.29678967910072,-56.70306701024095,-41.224092289763355,-55.29399152504262,-41.44272486457848,-55.27488784882544,85.62118108224628,19.81399653736059,5.876223217759515,5.705582782086783,0.014533019135777382,0.020695134077207723,0.009170224824341048,0.016442948091939816,1.4240079011704079,-1.87205354040598,4.1635233635693165,-3.694022955600657,-1.2790961115020651
83.0,-41.49910596857369,-55.74571360075427,0.017038630050496193,-40.44919347919709,-57.18140599103802,-41.49910596857369,-55.74571360075427,-41.742099319429606,-55.72009530065995,86.1576894563759,19.868899219011862,6.299763501065502,5.9828823728457525,0.015155241128375492,0.02158118311094943,0.011233346929352713,0.017038630050496193,1.4240079011704079,-1.8667439108725634,4.168722750988206,-3.7230604953287414,-1.2795286630272416
83.5,-41.77136254392277,-56.1994322191198,0.017423998940728987,-40.60159727929347,-57.659744971835096,-41.77136254392277,-56.1994322191198,-42.03909556543119,-56.167479947620535,86.69468243198162,19.923801900663133,6.723303784371491,6.179485790207707,0.015567106908975259,0.022167683236745214,0.01302643450554677,0.017423998940728987,1.4240079011704079,-1.8611563185291227,4.175407047640035,-3.7520377091036172,-1.279888815967074
84.0,-42.04059719317037,-56.65527152690631,0.0175598710779845,-40.754001079389845,-58.138083952632165,-42.04059719317037,-56.65527152690631,-42.33342977313391,-56.61719094297566,87.23216556625545,19.978704582314407,7.146844067677479,6.27837598810226,0.015729418591116175,0.02239881635456614,0.015787764464615852,0.0175598710779845,1.4240079011704079,-1.855356163196432,4.182511544071373,-3.7809519098019275,-1.2801779778921465
84.5,-42.30666814779754,-57.11330917086607,0.017427414097588967,-40.88970148882028,-58.62673814438806,-42.30666814779754,-57.11330917086607,-42.624947855678805,-57.06932637808032,87.77013662745021,20.03541993034191,6.977543208627953,6.271495880724542,0.015623352893161236,0.022247777962635152,0.0182917711862732,0.017427414097588967,1.4240079011704079,-1.849363160108162,4.192126158904671,-3.809800434860812,-1.2803975728841175
85.0,-42.56741975813265,-57.57482568067328,0.017042164575973868,-41.019165552659274,-59.11924360333121,-42.56741975813265,-57.57482568067328,-42.911110351415466,-57.52540270884732,88.30858537834908,20.09281205197725,6.586900328758049,6.162572764981959,0.015264430874822184,0.02173667017261631,0.022647246410491366,0.017042164575973868,1.4240079011704079,-1.8432213232640353,4.201896674196542,-3.838580647072066,-1.2805490410529554
85.5,-42.82481579893538,-58.038564186194456,0.016446432092240795,-41.14862961649827,-59.61174906227438,-42.82481579893538,-58.038564186194456,-43.194208802113224,-57.98395363010651,88.84749347446235,20.150204173612597,6.1962574488881454,5.966604844279111,0.014694958852418867,0.020925737513218495,0.026530991525524957,0.016446432092240795,1.4240079011704079,-1.8369770421701832,4.216138857946907,-3.8672899353767405,-1.2806338380458238
86.0,-43.0727180478687,-58.50806871951916,0.015699466596260828,-41.278093680337264,-60.104254521217534,-43.0727180478687,-58.50806871951916,-43.466989985025826,-58.44916237797793,89.38683448031601,20.20759629524794,5.805614569018242,5.706314356154351,0.013974181474012425,0.01989934483138283,0.03317185877979632,0.015699466596260828,1.4240079011704079,-1.8306783795867734,4.230053105867691,-3.8959257314406313,-1.280653456419808
86.5,-43.317485384852944,-58.979521336906444,0.014865851797834681,-41.40755774417626,-60.59675998016069,-43.317485384852944,-58.979521336906444,-43.736893574621014,-58.91655145511658,89.92657400506984,20.264988416883284,5.414971689148338,5.407154833541831,0.013166674099189622,0.018749447949381784,0.040459669969275476,0.014865851797834681,1.4240079011704079,-1.8243744559165822,4.2513665109368475,-3.9244855930707607,-1.2806095396551098
87.0,-43.545637603532285,-59.46014800700197,0.014004187486231024,-41.537021808015254,-61.08926543910385,-43.545637603532285,-59.46014800700197,-43.98801342220896,-59.394635837692,90.46666995655512,20.322380538518626,5.024328809278433,5.092707333813971,0.012331035849678106,0.017559492479557178,0.04744042861087452,0.014004187486231024,1.4240079011704079,-1.8181001489546407,4.273062645336862,-3.9529669982740905,-1.2805035951940738
87.5,-43.77013413999117,-59.94269024241917,0.013159728837333403,-41.66648587185425,-61.581770898047004,-43.77013413999117,-59.94269024241917,-44.235546639603974,-59.87488898678787,91.00706744056396,20.37977266015397,4.63368592940853,4.781552430792567,0.011512516141920337,0.01639391394844642,0.05809634715314923,0.013159728837333403,1.4240079011704079,-1.8117879437662392,4.3018591698617765,-3.9813674545891784,-1.2803371443563472
88.0,-43.97072483459606,-60.43677350991019,0.0123617136776445,-41.79134329968989,-62.07041476172315,-43.97072483459606,-60.43677350991019,-44.45562082739024,-60.368646529924966,91.54771665924363,20.436701148309513,4.268451177111499,4.485802167235806,0.010740352323878218,0.015294346570556533,0.06442815176905241,0.0123617136776445,1.4240079011704079,-1.8054838756616003,4.334935015078713,-4.009684499881863,-1.2801117218264202
88.5,-44.16318965101334,-60.93409424770613,0.011624988772687203,-41.88517808936701,-62.53305334245612,-44.16318965101334,-60.93409424770613,-44.666754449203545,-60.86614969806173,92.08854942002088,20.49050737248076,4.0743233122276585,4.210947291177381,0.010029386798304807,0.014281926044680225,0.07457916249036058,0.011624988772687203,1.4240079011704079,-1.799218862583534,4.370603418603595,-4.037915703139472,-1.2798288751340927
89.0,-44.32840050600996,-61.4421945873502,0.01094418695492216,-41.97901287904413,-62.99569192318909,-44.32840050600996,-61.4421945873502,-44.84640103013076,-61.37628035087066,92.62950391588599,20.544313596652007,3.880195447343819,3.9565794686603017,0.009374251947369272,0.013349008840615925,0.0820539245557322,0.01094418695492216,1.4240079011704079,-1.7930260986129625,4.414523144346061,-4.066058665875453,-1.2794901477721137
89.5,-44.476682697256734,-61.95524620131055,0.01030647910879328,-42.072847668721245,-63.45833050392207,-44.476682697256734,-61.95524620131055,-45.00666837760938,-61.892189200025754,93.1705014078525,20.598119820823253,3.6860675824599793,3.717612116344066,0.008762114309496532,0.012477320007681354,0.09033286917926521,0.01030647910879328,1.4240079011704079,-1.7869406537805337,4.458307946308997,-4.0941110222548875,-1.2790970960299313
90.0,-44.59699201113503,-62.47645769492469,0.009691622846589637,-42.16668245839836,-63.92096908465504,-44.59699201113503,-62.47645769492469,-45.13452616701499,-62.417657662053756,93.7114711568274,20.6519260449945,3.49193971757614,3.4856862691201114,0.008172730410758666,0.011638032679056014,0.09479559313936532,0.009691622846589637,1.4240079011704079,-1.7809990620316238,4.5110909129960195,-4.1220704393733545,-1.278651301404717
90.5,-44.690387791599655,-63.002502942671086,0.009075426028305116,-42.26051724807548,-64.38360766538801,-44.690387791599655,-63.002502942671086,-45.231184829387345,-62.94877847807244,94.25233270310235,20.705732269165747,3.2978118526923,3.250569581068735,0.007581903953990893,0.010796691136398189,0.09567639521440145,0.009075426028305116,1.4240079011704079,-1.7752389015726833,4.5596881467158425,-4.149934618530688,-1.2781543561064157
91.0,-44.75956410958228,-63.53281430992412,0.00843308801382815,-42.3543520377526,-64.84624624612098,-44.75956410958228,-63.53281430992412,-45.29977783211548,-63.4848891213013,94.7930034795,20.75953849333699,3.103683987808461,3.001553024517663,0.006964831771873394,0.009917975473470404,0.09296241570086651,0.00843308801382815,1.4240079011704079,-1.7696544682339195,4.613426688040609,-4.177701295952349,-1.2776078625636325
91.5,-44.795917481436085,-64.06538213932042,0.007742627827137404,-42.448186827429716,-65.30888482685397,-44.795917481436085,-64.06538213932042,-45.3301457404882,-64.02363018861331,95.33339976605333,20.813344717508237,2.909556122924621,2.7289264145878174,0.00629952887097006,0.008970578885912465,0.08305887388286916,0.007742627827137404,1.4240079011704079,-1.7642322282382532,4.659012847882575,-4.205368243479925,-1.2770134329512202
92.0,-44.816518337327246,-64.59883627613684,0.006988675574968932,-42.54202161710683,-65.77152340758694,-44.816518337327246,-64.59883627613684,-45.34233075848013,-64.56339439617214,95.87343766033919,20.867150941679483,2.715428258040782,2.4256610044707005,0.0055706233010502666,0.00793261159513956,0.0728509568187823,0.006988675574968932,1.4240079011704079,-1.7589720151123385,4.702157403151871,-4.232933232780361,-1.2763726175566605
92.5,-44.80682557203943,-65.13146508176747,0.006165771008924355,-42.62394862167994,-66.24378574917124,-44.80682557203943,-65.13146508176747,-45.319181164121275,-65.10217253759767,96.41302857777978,20.921448384867396,2.3198678600521623,2.0890229443583186,0.004772651413680925,0.0067962933226137535,0.05784034774943848,0.006165771008924355,1.4240079011704079,-1.7539012839118824,4.736680889360367,-4.260394104250979,-1.2756870376541145
93.0,-44.790648863701875,-65.66356877422282,0.0052814433775500115,-42.701734545192544,-66.71939487384275,-44.790648863701875,-65.66356877422282,-45.28865963518878,-65.6403221683192,96.95210309563596,20.97591665560625,1.8542567817293099,1.7217387627693603,0.0039131397637366385,0.005572341941945076,0.04732489162702584,0.0052814433775500115,1.4240079011704079,-1.7490438616043995,4.763778661861671,-4.287748738615174,-1.2749583283541333
93.5,-44.75220569344868,-66.19338620459558,0.004356323849466968,-42.77952046870515,-67.19500399851427,-44.75220569344868,-66.19338620459558,-45.232146103969704,-66.17577557782654,97.49057038532999,21.030384926345107,1.3886457034064577,1.3324555976125863,0.003012716749945029,0.004290132455910154,0.0347914886769506,0.004356323849466968,1.4240079011704079,-1.7444196835409722,4.786997816451592,-4.314995054714472,-1.2741881325673914
94.0,-44.71150393687498,-66.7223980446309,0.0034233145657781208,-42.85730639221775,-67.67061312318577,-44.71150393687498,-66.7223980446309,-45.17312444448621,-66.71027880150584,98.0283672701659,21.084853197083962,0.9230346250836052,0.9355022329372726,0.0021042806675892977,0.0029965122969273007,0.02604939882213022,0.0034233145657781208,1.4240079011704079,-1.740044558333104,4.800710798385498,-4.34213101017722,-1.2733781005053533
94.5,-44.65870139321929,-67.24930920809899,0.0025254642067974913,-42.93509231573035,-68.14622224785728,-44.65870139321929,-67.24930920809899,-45.09996042876781,-67.24231206265891,98.56541633702334,21.139321467822818,0.45742354676075303,0.5500430002450846,0.001230876714789248,0.001752778167226564,0.02184923259778655,0.0025254642067974913,1.4240079011704079,-1.7359299568438844,4.8146132149029945,-4.3691545776475005,-1.2725298616052259
95.0,-44.60350887432107,-67.77516821548383,0.0017121886930900562,-43.01287823924296,-68.62183137252879,-44.60350887432107,-67.77516821548383,-45.02402565421792,-67.77311246980268,99.10165197881383,21.193789738561673,-0.00818753156209917,0.1984989527661478,0.0004419172730662262,0.0006292936885099868,0.017995978211782792,0.0017121886930900562,1.4240079011704079,-1.7320874007700202,4.823827155018695,-4.396063742202865,-1.2716450201844471
95.5,-44.541214869321124,-68.29921680939006,0.0010332920788996111,-43.09066416275556,-69.09744049720031,-44.541214869321124,-68.29921680939006,-44.9397295570104,-68.30179108184062,99.63701437963115,21.248258009300528,-0.47379860988495137,-0.09607519962529892,-0.0002127965747595531,-0.000303024003799603,0.016510510152795154,0.0010332920788996111,1.4240079011704079,-1.728520239406188,4.833627489490437,-4.422856578775552,-1.270725240968143
96.0,-44.47597262862529,-68.82195407480684,0.0005307494536000396,-43.16845008626816,-69.57304962187182,-44.47597262862529,-68.82195407480684,-44.85191898713988,-68.82893762614968,100.17145010020687,21.302726280039384,-0.9394096882078036,-0.31371219377277965,-0.0006912911953104388,-0.0009844041241316005,0.01467809674830735,0.0005307494536000396,1.4240079011704079,-1.7252265290142472,4.841234529605643,-4.44953120406044,-1.2697721933104693
96.5,-44.40597502704101,-69.34302960226022,0.00023002693504731988,-43.24400215322655,-70.05375820661489,-44.40597502704101,-69.34302960226022,-44.758439367220674,-69.35414172096172,100.70491256676318,21.356906172606006,-1.195662465789728,-0.4415683132801955,-0.000968102232738712,-0.001378585228560639,0.013343378843378315,0.00023002693504731988,1.4240079011704079,-1.7221782351017507,4.849077957792896,-4.476085777441905,-1.2687875504077855
97.0,-44.332832378337244,-69.86262076942742,0.00013423920720390613,-43.314179497869226,-70.5467362371257,-44.332832378337244,-69.86262076942742,-44.66116891852335,-69.87761308561649,101.23736245772733,21.410392219099688,-0.9481932255660747,-0.47679359433895785,-0.0010401145353481638,-0.0014811313164579728,0.011427211803418238,0.00013423920720390613,1.4240079011704079,-1.719366884043556,4.8552481643502,-4.5025185020030145,-1.2677729884451612
97.5,-44.25671310995917,-70.38073059222411,0.00022415289592212352,-43.38435684251189,-71.03971426763651,-44.25671310995917,-70.38073059222411,-44.56030201114051,-70.39935543262021,101.76876798461461,21.463878265593365,-0.7007239853424213,-0.4268640408060997,-0.0009265592118078378,-0.0013194276385165866,0.009768004050720197,0.00022415289592212352,1.4240079011704079,-1.7167800190406282,4.861057555930528,-4.528827558781847,-1.2667301316536879
98.0,-44.17785790550816,-70.89734528934763,0.00046393458413949474,-43.454534187154565,-71.53269229814732,-44.17785790550816,-70.89734528934763,-44.45612937010361,-70.91935184803583,102.29910506525236,21.517364312087043,-0.45325474511876807,-0.30709452592286024,-0.0006632754593471644,-0.0009445094947627938,0.007578467324757001,0.00046393458413949474,1.4240079011704079,-1.7143993962980446,4.86546518677075,-4.5550112120769235,-1.2656606358095106
98.5,-44.09749771093073,-71.41269930941964,0.000810676188935965,-43.52471153179723,-72.02567032865814,-44.09749771093073,-71.41269930941964,-44.35011598506017,-71.43787669973955,102.82835738936548,21.570850358580724,-0.2057855048951147,-0.13641155298364582,-0.0002931680383751,-0.00041747360301677174,0.005787258880558893,0.000810676188935965,1.4240079011704079,-1.7122329143576955,4.868968946951792,-4.581067798164712,-1.2645661774552552
99.0,-44.01534866135909,-71.92671690467827,0.001223565621164379,-43.5948888764399,-72.51864835916895,-44.01534866135909,-71.92671690467827,-44.241951423142645,-71.95483883770582,103.35651637834013,21.624336405074402,0.04168373532853864,0.06684311417649369,0.00014294570050204852,0.00020355580695325583,0.003094888521541999,0.001223565621164379,1.4240079011704079,-1.710325069657946,4.871494167480326,-4.606995701174711,-1.2634484328135607
99.5,-43.93270796519135,-72.43967319500291,0.0016697477645580736,-43.66506622108257,-73.01162638967976,-43.93270796519135,-72.43967319500291,-44.13318958032887,-72.47055950589483,103.88358104269577,21.67782245156808,0.28915297555219177,0.2876948449948354,0.000612210494837093,0.0008717925818274657,0.0007330950235811205,0.0016697477645580736,1.4240079011704079,-1.7086604322660446,4.872184356865582,-4.632793354158155,-1.2623090772520031
100.0,-43.850151804738516,-72.95170513865523,0.0021261567079317533,-43.73524356572524,-73.50460442019057,-43.850151804738516,-72.95170513865523,-44.02453830304354,-72.98519718980633,104.40956321251937,21.73130849806176,0.5366222157758451,0.5154867077220437,0.0010915552352141853,0.0015543832795089228,-0.0035799406017552756,0.0021261567079317533,1.4240079011704079,-1.707218490154199,4.872254141357918,-4.658459228371988,-1.2611497847741102
100.5,-43.76773256460309,-73.46283284365958,0.0025781742482678264,-43.80542091036791,-73.99758245070139,-43.76773256460309,-73.46283284365958,-43.916089975079046,-73.49877283216078,104.9344643183524,21.78479454455544,0.7840914559994983,0.7433589189430869,0.0015663601286638568,0.002230509199295629,-0.007806532922113345,0.0025781742482678264,1.4240079011704079,-1.7059735102791116,4.868468152464881,-4.683991735388547,-1.2599722265869715
101.0,-43.68930279392369,-73.97388350242618,0.0030168261969680137,-43.873848738782286,-74.5011320653246,-43.68930279392369,-73.97388350242618,-43.812407534720556,-74.01225692130893,105.45831647086447,21.837090357251988,0.9982998546727371,0.9669015753477339,0.0020276487561487113,0.0028873878495541145,-0.013115256665010473,0.0030168261969680137,1.4240079011704079,-1.7048772026221806,4.864175839978536,-4.709389454050362,-1.2587780743338155
101.5,-43.61150360438812,-74.48418155822498,0.0034344889854011668,-43.94216207190232,-75.0053735264223,-43.61150360438812,-74.48418155822498,-43.709569042173406,-74.52485212007686,105.98113379705774,21.88930827631901,1.210331531700408,1.1824239872990256,0.0024677954330038607,0.0035141601950697456,-0.01873375357935863,0.0034344889854011668,1.4240079011704079,-1.703889362865205,4.8549117335573975,-4.734651014639775,-1.257568998691434
102.0,-43.54272554180304,-74.995358604932,0.0038213493041441378,-44.010475405022355,-75.50961498752,-43.54272554180304,-74.995358604932,-43.61747405610685,-75.03847556864179,106.50296007124899,21.941526195386032,1.422363208728079,1.3850694341891585,0.0028769868707340983,0.004096852035488883,-0.021066960426061578,0.0038213493041441378,1.4240079011704079,-1.7029731828300818,4.844844075622015,-4.759775099298704,-1.2563466695436525
102.5,-43.4753659663559,-75.5059660063384,0.004161721441989284,-44.07878873814239,-76.0138564486177,-43.4753659663559,-75.5059660063384,-43.52720458632538,-75.55142086110249,107.02381993354652,21.993744114453055,1.63439488575575,1.5670436240613441,0.0032395355547094767,0.004613124226028755,-0.02322347180241612,0.004161721441989284,1.4240079011704079,-1.7022035497459707,4.833193803586626,-4.784760442345288,-1.2551127561651236
103.0,-43.41863280071808,-76.01757351251348,0.004431869668146286,-44.147102071262424,-76.51809790971541,-43.41863280071808,-76.01757351251348,-43.44961671282197,-76.06553297748191,107.54376642482966,22.045962033520077,1.8464265627834209,1.7164954852546852,0.0035317060974338426,0.005029177387357498,-0.021887171695038076,0.004431869668146286,1.4240079011704079,-1.7015996147881411,4.820931583689429,-4.809605883578789,-1.2538689114412538
103.5,-43.363913637976296,-76.52873761019069,0.004600797103074096,-44.21541540438246,-77.02233937081311,-43.363913637976296,-76.52873761019069,-43.37459690173569,-76.57911232319056,108.0628321316942,22.0981799525871,2.0584582398110918,1.8178073894326734,0.00372250125467048,0.00530087119876752,-0.020154616059230874,0.004600797103074096,1.4240079011704079,-1.701140829129765,4.8106757357334615,-4.834310268829101,-1.252616801774202
104.0,-43.317775277589234,-77.04042285342406,0.00463491456751949,-44.28372873750249,-77.52658083191082,-43.317775277589234,-77.04042285342406,-43.30988311029621,-77.09329287451355,108.58107667069254,22.15039787165412,2.2704899168387627,1.8538011165733423,0.00377833165046672,0.005380374123506837,-0.018220869475352057,0.00463491456751949,1.4240079011704079,-1.7008021471671224,4.800217437880451,-4.858872489253297,-1.2513580950762302
104.5,-43.273834602642616,-77.55172378501953,0.004505915970159727,-44.35204207062253,-78.03082229300853,-43.273834602642616,-77.55172378501953,-43.24796971457247,-77.60700923180866,109.09853780523812,22.202615790721143,2.4825215938664336,1.809588209751981,0.003670890843487626,0.005227377565460482,-0.017123969179736347,0.004505915970159727,1.4240079011704079,-1.7005538635692605,4.791964778384031,-4.883291486856685,-1.2500944587661438
105.0,-43.23621738477756,-78.06316685664285,0.0042017372173118695,-44.41918977604564,-78.5422769245822,-43.23621738477756,-78.06316685664285,-43.193704495803196,-78.1208812664844,109.6152734538873,22.246758760569318,2.3319885921919346,1.676840040503556,0.003388115016190172,0.004824702553128909,-0.018646847472836018,0.0042017372173118695,1.4240079011704079,-1.700361417501411,4.782648384079886,-4.907566254534967,-1.2488275593526315
105.5,-43.2018660963427,-78.57436334842957,0.0037259880225610827,-44.48529711869101,-79.06016955869522,-43.2018660963427,-78.57436334842957,-43.143473527753905,-78.63445281137074,110.13133571160265,22.283694560734023,1.857854154790941,1.4567223394593671,0.002933610060564727,0.00417748390519717,-0.02172223462294855,0.0037259880225610827,1.4240079011704079,-1.7001601841830214,4.772848332868413,-4.931695854993489,-1.2475590979350568
106.0,-43.17432122196487,-79.08568404965386,0.003100120565067503,-44.55140446133638,-79.57806219280826,-43.17432122196487,-79.08568404965386,-43.10141474538206,-79.14816179428766,110.64677687118365,22.32063036089873,1.3837197173899476,1.1602470837318974,0.002328828861011669,0.0033162706985542982,-0.026868733231173975,0.003100120565067503,1.4240079011704079,-1.699917646225576,4.760395227775972,-4.955679391747279,-1.2462907544098396
106.5,-43.15273998777459,-79.59690451261234,0.002362894893944974,-44.61751180398175,-80.09595482692129,-43.15273998777459,-79.59690451261234,-43.06650013665231,-79.66174629272315,111.1616433169923,22.357566161063435,0.9095852799889541,0.8060392429976173,0.0016125275276764757,0.002296251940266085,-0.032092895499472335,0.002362894893944974,1.4240079011704079,-1.6997794763633673,4.745341336200079,-4.9795160117031205,-1.2450241919811762
107.0,-43.14061160647833,-80.10829419350887,0.0015604100063957194,-44.683619146627116,-80.61384746103431,-43.14061160647833,-80.10829419350887,-43.042791245179636,-80.17552573427956,111.67599781760305,22.39450196122814,0.43545084258796063,0.4166596182517489,0.0008308040303212026,0.0011830715035016117,-0.03621895631905428,0.0015604100063957194,1.4240079011704079,-1.699744469415022,4.727557441313104,-5.003204912504674,-1.2437610709004563
107.5,-43.137227803363075,-80.61948648542584,0.0007386475532089012,-44.74972648927249,-81.13174009514734,-43.137227803363075,-80.61948648542584,-43.02940727150588,-80.68907139744744,112.18987748384284,22.431437761392846,-0.03868359481303285,0.014912882933264376,2.9637897161438687e-05,4.22045997319647e-05,-0.03829208980877574,0.0007386475532089012,1.4240079011704079,-1.6998081468858282,4.708298564788738,-5.026745342219195,-1.2425030477636458
108.0,-43.144793203210206,-81.13057990318738,-6.212992573920953e-05,-44.81583383191786,-81.64963272926038,-43.144793203210206,-81.13057990318738,-43.0288930345848,-81.20250182233556,112.70334144928994,22.468373561557552,-0.5128180322140259,-0.37897899853432837,-0.000750709431316192,-0.001069016161677401,-0.037536583188534554,-6.212992573920953e-05,1.4240079011704079,-1.699962687187157,4.68841040119814,-5.050136596111212,-1.2412517906171323
108.5,-43.161730741373674,-81.64115843146173,-0.000811000980817674,-44.881941174563224,-82.1675253633734,-43.161730741373674,-81.64115843146173,-43.03934545709604,-81.71533021251162,113.21642224956202,22.505309361722258,-0.9869524696150194,-0.7492582096755223,-0.001479317980114393,-0.002106560492026344,-0.03500729990582264,-0.000811000980817674,1.4240079011704079,-1.7001968438942967,4.669934883122608,-5.073378019247527,-1.240008962744812
109.0,-43.188151283542894,-82.15125944130759,-0.0014894939335532162,-44.947733054279944,-82.68041157273716,-43.188151283542894,-82.15125944130759,-43.060850306362184,-82.22760311888383,113.72916815166111,22.536079366776775,-1.4207833527705542,-1.0856923742017335,-0.002137716259334083,-0.0030441248437521828,-0.03125773596303079,-0.0014894939335532162,1.4240079011704079,-1.7004958539490342,4.652646515994923,-5.096469009075601,-1.2387762064820884
109.5,-43.22270925569262,-82.66063344430586,-0.0020984837246487953,-45.0115067674385,-83.16126929923526,-43.22270925569262,-82.66063344430586,-43.0917839895276,-82.73902954534826,114.24161754689041,22.52740384474755,-1.5967732094002038,-1.383797276388357,-0.0027267805165608365,-0.0038829570003401574,-0.028024597815887536,-0.0020984837246487953,1.4240079011704079,-1.700841338595625,4.6380102778344705,-5.119409012376,-1.2375551573259451
110.0,-43.26401851955754,-83.1693906773904,-0.002633356264211219,-45.075280480597044,-83.64212702573337,-43.26401851955754,-83.1693906773904,-43.130479626186144,-83.24974164326161,114.7538053859724,22.518728322718328,-1.7727630660298535,-1.6439437989180592,-0.0032418972314700134,-0.00461648727239577,-0.025823289764512203,-0.002633356264211219,1.4240079011704079,-1.70119704231742,4.624034267408162,-5.142197525029211,-1.2363474431512447
110.5,-43.31276990042278,-83.67728739720322,-0.003100059896131803,-45.1390541937556,-84.12298475223147,-43.31276990042278,-83.67728739720322,-43.17771829690947,-83.75945506152726,115.26576298978446,22.510052800689106,-1.948752922659503,-1.8692345156776575,-0.0036890179152337978,-0.005253190658852114,-0.025881460563153505,-0.003100059896131803,1.4240079011704079,-1.701600437342904,4.611654120038406,-5.1648340896703075,-1.2351546879567223
111.0,-43.36662847052121,-84.18455699631356,-0.0035041471698244136,-45.202827906914145,-84.60384247872958,-43.36662847052121,-84.18455699631356,-43.230725646651585,-84.26844673445531,115.77751792429697,22.50137727865988,-2.1247427792891527,-2.0625605468766057,-0.00407369493641403,-0.00580097377641146,-0.027566776477380418,-0.0035041471698244136,1.4240079011704079,-1.7020804874885438,4.597624638458095,-5.187318294814632,-1.2339785130046717
111.5,-43.42957334377579,-84.69058290514617,-0.003845166768920584,-45.2666016200727,-85.08470020522769,-43.42957334377579,-84.69058290514617,-43.29415961666213,-84.77599358951923,116.28908846762317,22.49270175663066,-2.300732635918802,-2.2237692088955456,-0.004395481566443319,-0.006259200480064168,-0.031450944718865226,-0.003845166768920584,1.4240079011704079,-1.7026395158918386,4.583536206794611,-5.209649782956396,-1.2328205204589253
112.0,-43.49766473788882,-85.1958682762659,-0.004113486021717422,-45.330375333231245,-85.56555793172579,-43.49766473788882,-85.1958682762659,-43.36336588944454,-85.28268978312785,116.80050649542979,22.484026234601433,-2.476722492548452,-2.3480647920884357,-0.004644745363366708,-0.0066141540963588095,-0.036157630275029225,-0.004113486021717422,1.4240079011704079,-1.7032772167540113,4.565546955875383,-5.231828245244563,-1.231682302857417
112.5,-43.57872221659908,-85.69898167665322,-0.004291067713867507,-45.3941490463898,-86.04641565822389,-43.57872221659908,-85.69898167665322,-43.447529350882135,-85.7868533052513,117.31177604062474,22.47535071257221,-2.6527123491781017,-2.426422198191247,-0.004803451564041243,-0.006840152980084083,-0.040982807410989815,-0.004291067713867507,1.4240079011704079,-1.7039906401030083,4.546679014013249,-5.253853420986613,-1.2305654428057227
113.0,-43.66577563795677,-86.20105411923724,-0.004356362053419413,-45.457922759548346,-86.52727338472201,-43.66577563795677,-86.20105411923724,-43.53844096012098,-86.28981645262107,117.82292157426033,22.46667519054299,-2.828702205807751,-2.448071256851203,-0.004850052521651381,-0.006906513111923027,-0.04534878671964334,-0.004356362053419413,1.4240079011704079,-1.7047741721210867,4.523768337158597,-5.275725098458632,-1.2294715166300643
113.5,-43.769715335310266,-86.69952270936818,-0.0042916975548864655,-45.52169647270689,-87.00813111122011,-43.769715335310266,-86.69952270936818,-43.64891095117759,-86.78856521220392,118.33393997443346,22.457999668513764,-3.0046920624374005,-2.4042291739575754,-0.004766874526459425,-0.0067880669895661674,-0.046529027185067254,-0.0042916975548864655,1.4240079011704079,-1.7056195131755247,4.500488240539895,-5.297443128787802,-1.2284021311717113
114.0,-43.87995058408987,-87.19661310976844,-0.004100689351648598,-45.58991678592804,-87.49221815461092,-43.87995058408987,-87.19661310976844,-43.766485506218054,-87.28571846373865,118.844848895747,22.423338586340094,-2.6936143013408245,-2.2915603211407793,-0.004557542679499565,-0.006489976785528732,-0.046371605111279454,-0.004100689351648598,1.4240079011704079,-1.70651565630416,4.476373042127598,-5.319007392007794,-1.2273588412239242
114.5,-44.007687055850454,-87.68901776125963,-0.0037791186079156984,-45.65841487605888,-87.97650693183304,-44.007687055850454,-87.68901776125963,-43.9043616226156,-87.77738456507872,119.3556388157616,22.38705419905869,-2.3521096667317183,-2.1138910299465548,-0.004217826338778583,-0.006006218032185357,-0.040827543699417435,-0.0037791186079156984,1.4240079011704079,-1.707461062468984,4.453297652213635,-5.340417813532411,-1.2263431925574921
115.0,-44.14059628628564,-88.18000070417771,-0.003345702300556578,-45.72691296618972,-88.46079570905516,-44.14059628628564,-88.18000070417771,-44.048056846963966,-88.26740223112482,119.8663214704675,22.350769811777283,-2.0106050321226125,-1.8815550717091973,-0.0037664478853237145,-0.005363451548047544,-0.03413024555065031,-0.003345702300556578,1.4240079011704079,-1.7084504369952802,4.434833134187616,-5.361674364162132,-1.2253567228895244
115.5,-44.28630207207599,-88.6669233815132,-0.002828224710579015,-45.79541105632056,-88.94508448627728,-44.28630207207599,-88.6669233815132,-44.20656878094491,-88.75266501993386,120.37688195489802,22.314485424495878,-1.6691003975135066,-1.6089257486204502,-0.0032311881633119255,-0.00460123747472448,-0.02335425226009876,-0.002828224710579015,1.4240079011704079,-1.709492070508539,4.41859455877473,-5.382777048128858,-1.2244009481456142
116.0,-44.43493681794295,-89.15286707349165,-0.0022569759402208058,-45.863909146451405,-89.4293732634994,-44.43493681794295,-89.15286707349165,-44.36832208519198,-89.23679490265647,120.88732720082595,22.278201037214473,-1.3275957629044006,-1.311435578885781,-0.0026423279850492673,-0.00376269592819384,-0.012554875559484544,-0.0022569759402208058,1.4240079011704079,-1.710591826603004,4.411098971069508,-5.403725898535045,-1.2234773563975148
116.5,-44.587840129494026,-89.63727833460229,-0.001660078753121096,-45.93240723658224,-89.91366204072152,-44.587840129494026,-89.63727833460229,-44.534929698915334,-89.71913706399471,121.39763810778189,22.241916649933067,-0.9860911282952944,-1.0032510518480209,-0.0020279871829070916,-0.0028878697719320156,-0.001976829946856846,-0.001660078753121096,1.4240079011704079,-1.7117531886166162,4.405837769799021,-5.4245210272627755,-1.2225874647643649
117.0,-44.74148885652494,-90.1213471226173,-0.0010610495903853909,-46.00090532671309,-90.39795081794364,-44.74148885652494,-90.1213471226173,-44.70228529598384,-90.201087323334,121.90781803964583,22.205632262651662,-0.6445864936861887,-0.696081969599733,-0.0014116729654339625,-0.0020102334566466226,0.007602004317816085,-0.0010610495903853909,1.4240079011704079,-1.7129773010081155,4.409092687448735,-5.4451625976307945,-1.2217327849365185
117.5,-44.8912027405758,-90.60663766080313,-0.00047795208038729233,-46.069403416843926,-90.88223959516577,-44.8912027405758,-90.60663766080313,-44.86492141850817,-90.68448158532503,122.41784496353345,22.169347875370256,-0.3030818590770825,-0.39881146557525116,-0.0008114500642328183,-0.0011555113028727682,0.013483785786890632,-0.00047795208038729233,1.4240079011704079,-1.7142630101600909,4.4135593784776495,-5.465650826233811,-1.220914822665336
118.0,-45.04048757882675,-91.0919510128787,7.662860478512064e-05,-46.137901506974764,-91.36652837238789,-45.04048757882675,-91.0919510128787,-45.027000297940305,-91.16790493481702,122.92771994386493,22.13306348808885,0.03842277553202322,-0.11751910964424576,-0.00023989734021794573,-0.0003416157079401202,0.018328222765222613,7.662860478512064e-05,1.4240079011704079,-1.7156069090044557,4.42278745815897,-5.485986064430044,-1.2201350457183657
118.5,-45.18120801300364,-91.57987870550338,0.0005950363819690179,-46.20995784509178,-91.85289878485645,-45.18120801300364,-91.57987870550338,-45.17898694885435,-91.65440191940715,123.43741926910688,22.100705696262814,0.2773789389965288,0.14424946627217833,0.0002953261693612573,0.0004205467985928204,0.01912634560338473,0.0005950363819690179,1.4240079011704079,-1.7170033894441692,4.432172032478775,-5.506168725487152,-1.2193949114310485
119.0,-45.32133808393293,-92.06784058266794,0.0010729679993233719,-46.28359820258954,-92.34019587545055,-45.32133808393293,-92.06784058266794,-45.33029639809765,-92.14093294972596,123.94694292495342,22.070095900452188,0.4706837688859355,0.3847607512413793,0.0007899185695810015,0.0011248502843645728,0.019603311302225764,0.0010729679993233719,1.4240079011704079,-1.7184355389599757,4.442211783490769,-5.526199200075967,-1.2186958985163807
119.5,-45.45220550170333,-92.55838945054487,0.0015071204399606834,-46.3572385600873,-92.82749296604464,-45.45220550170333,-92.55838945054487,-45.47075721741643,-92.63049749342906,124.45626669240205,22.039486104641565,0.6639885987753422,0.6025969560413891,0.001240577801768607,0.0017665925917351125,0.017735934845975673,0.0015071204399606834,1.4240079011704079,-1.7198959477576032,4.452075920200653,-5.546077935870633,-1.2180394748453152
120.0,-45.582644124216856,-93.04887825721475,0.0018901365323570655,-46.43087891758506,-93.31479005663876,-45.582644124216856,-93.04887825721475,-45.61079062856605,-93.11997788160306,124.96539058552001,22.00887630883094,0.8572934286647489,0.7943722781931659,0.001639941440928721,0.0023352895693392827,0.016082322779326724,0.0018901365323570655,1.4240079011704079,-1.7213882587554217,4.4602193717297975,-5.565805437898524,-1.2174270958793914
120.5,-45.705449596228064,-93.54127280286481,0.0022052576141344898,-46.50451927508283,-93.80208714723285,-45.705449596228064,-93.54127280286481,-45.74194600838696,-93.6116837586801,125.47429090842587,21.978266513020316,1.0505982585541556,0.95220337609832,0.0019712551734033844,0.002807082942149462,0.014390192241833773,0.0022052576141344898,1.4240079011704079,-1.722914136472106,4.468399137613453,-5.585382271926435,-1.216860200723775
121.0,-45.8277859191045,-94.03358262219199,0.0024227317067091504,-46.578159632580586,-94.28938423782695,-45.8277859191045,-94.03358262219199,-45.872672223469095,-94.10327090198417,125.9829686473708,21.94765671720969,1.2439030884435622,1.062033946927253,0.0022047638589080608,0.003139601155300037,0.012874548831978853,0.0024227317067091504,1.4240079011704079,-1.724473385368731,4.4748223902700675,-5.604809059735184,-1.2163402141673456
121.5,-45.94418315986802,-94.52720844357472,0.0025003856513489907,-46.65179999007835,-94.77668132842106,-45.94418315986802,-94.52720844357472,-45.9965483796163,-94.5963854923464,126.49140694865947,21.917046921399066,1.437207918332969,1.1040047106711743,0.002298300712476215,0.0032727983738317077,0.012761642099328162,0.0025003856513489907,1.4240079011704079,-1.7260640772554992,4.481459499129096,-5.6240864793679926,-1.215868545123973
122.0,-46.05989778760468,-95.02077174077066,0.002390081812492638,-46.72544034757611,-95.26397841901516,-46.05989778760468,-95.02077174077066,-46.11976403465962,-95.08940501686457,126.99959657026788,21.88643712558844,1.6305127482223756,1.0556200247067626,0.002203725424844104,0.003138122416988118,0.012767429353158057,0.002390081812492638,1.4240079011704079,-1.727682687421408,4.48776446492311,-5.643215266668613,-1.2154465843134266
122.5,-46.1699817165847,-95.51547135238303,0.0020490423274303585,-46.79908070507388,-95.75127550960926,-46.1699817165847,-95.51547135238303,-46.236491708551455,-95.58374043551531,127.50752932926054,21.855827329777817,1.8238175781117822,0.8972054077100862,0.001878267226788134,0.0026746673714557333,0.014076726384230147,0.0020490423274303585,1.4240079011704079,-1.7293242387931498,4.494402287706276,-5.6621962154979695,-1.215075703236782
123.0,-46.279054471414774,-96.01016391062122,0.0014515756385621622,-46.876675720779104,-96.23206180636285,-46.279054471414774,-96.01016391062122,-46.3521457735462,-96.07804865707027,128.01519821169452,21.832829853323812,1.4995182416950246,0.6178776122402925,0.0012962309863938923,0.0018458431663668142,0.01547895762503253,0.0014515756385621622,1.4240079011704079,-1.7309817977277606,4.50203016720425,-5.681030095339435,-1.2147572688427843
123.5,-46.38150394673065,-96.50612618823594,0.0006015099094356848,-46.9574517333213,-96.70761103494863,-46.38150394673065,-96.50612618823594,-46.460087787848494,-96.57383540873396,128.5226041455042,21.815955475890018,0.7588751583743356,0.21961804447493766,0.00046144457336738003,0.0006571007184273571,0.017181126943433232,0.0006015099094356848,1.4240079011704079,-1.7326272993712089,4.5100822752289496,-5.699717802919174,-1.214492615433041
124.0,-46.482522241856536,-97.00214449521147,-0.00046880407174169735,-47.0382277458635,-97.18316026353442,-46.482522241856536,-97.00214449521147,-46.5663747702898,-97.06967802779157,129.02973077062285,21.799081098456224,0.018232075053646657,-0.2821423411081201,-0.0005937339618465263,-0.0008454818528626629,0.018722807935425485,-0.00046880407174169735,1.4240079011704079,-1.7342733050726704,4.519429464349738,-5.718260303312702,-1.2142830560509408
124.5,-46.57561367449867,-97.49957087736341,-0.0017052477273041572,-47.1190037584057,-97.65870949212021,-46.57561367449867,-97.49957087736341,-46.663299964615724,-97.56717379890948,129.53658718506006,21.78220672102243,-0.7224110082670421,-0.8612583504639488,-0.0018152217851189645,-0.002584890164386058,0.019154325799985078,-0.0017052477273041572,1.4240079011704079,-1.7359310157258345,4.529033874983783,-5.736658620221433,-1.2141298852279339
125.0,-46.66701971763341,-97.99707332754818,-0.003040029761370576,-47.1997797709479,-98.13425872070599,-46.66701971763341,-97.99707332754818,-46.75813133123337,-98.06476354013793,130.04315977969205,21.765332343588636,-1.463054091587731,-1.4852483120930096,-0.0031352231812583537,-0.0044645825820445175,0.019036884417965205,-0.003040029761370576,1.4240079011704079,-1.7376104631643063,4.5388126751790665,-5.754913826444214,-1.2140343874665722
125.5,-46.75030087146584,-98.49584335138401,-0.004400323524819616,-47.280555783490094,-98.60980794929178,-46.75030087146584,-98.49584335138401,-46.84321200816262,-98.56385791905761,130.54946041136333,21.748457966154838,-2.20369717490842,-2.1194563348371833,-0.004480923551725873,-0.006380870542198209,0.016689375757785826,-0.004400323524819616,1.4240079011704079,-1.7393207093731897,4.548288667359467,-5.773026945264084,-1.2139979139137171
126.0,-46.83220129598835,-98.99461066626262,-0.005714930791565605,-47.36133179603229,-99.08535717787757,-46.83220129598835,-98.99461066626262,-46.92639372510375,-99.0629721838806,131.05547819840956,21.731583588721044,-2.9443402582291096,-2.7302082569130777,-0.005781133873026729,-0.008232380312913944,0.013582619282631372,-0.005714930791565605,1.4240079011704079,-1.741070053447297,4.55568775427682,-5.79099916668845,-1.2140217171889711
126.5,-46.90802941076744,-99.49414695302852,-0.006919831766466236,-47.44210780857449,-99.56090640646336,-46.90802941076744,-99.49414695302852,-47.00207720988943,-99.56302441113607,131.5612276586692,21.71470921128725,-3.684983341549798,-3.287419994730663,-0.006971835900741431,-0.009927949408319306,0.008327477315112531,-0.006919831766466236,1.4240079011704079,-1.7428662463406832,4.562015813012105,-5.808831734795276,-1.2141070378105854
127.0,-46.98355113915681,-99.99350790076934,-0.007964189324168024,-47.522883821116686,-100.03645563504914,-46.98355113915681,-99.99350790076934,-47.07697287123087,-100.06291407132571,132.06670047433667,21.697834833853456,-4.4256264248704875,-3.767403586904667,-0.008002199031017633,-0.01139519464690729,0.002584545098830063,-0.007964189324168024,1.4240079011704079,-1.7447129187958776,4.564099478309369,-5.826525946032922,-1.2142551050528114
127.5,-47.05723447191236,-100.4929350697604,-0.008817295381297751,-47.60606179882739,-100.50977303912875,-47.05723447191236,-100.4929350697604,-47.14921514232325,-100.56293563843796,132.57191360387154,21.680066575514264,-4.912648108093626,-4.155734454791338,-0.008841512514789833,-0.012590383679357765,-0.0037848017914113245,-0.008817295381297751,1.4240079011704079,-1.746567552255578,4.564625208458207,-5.8440830524186795,-1.2144671702093393
128.0,-47.132169643685074,-100.99196153274983,-0.00947189551955729,-47.693764330278924,-100.97888638144643,-47.132169643685074,-100.99196153274983,-47.22238805504216,-101.06254961256501,133.07686102537102,21.660614524151168,-4.92192612141956,-4.449031828090267,-0.009482524323408603,-0.013503189559574427,-0.009991467128354699,-0.00947189551955729,1.4240079011704079,-1.7484336170717294,4.5602769336883195,-5.861504400785727,-1.2147444579939897
128.5,-47.210132225013105,-101.49033586819337,-0.009940698292392148,-47.781466861730465,-101.44799972376411,-47.210132225013105,-101.49033586819337,-47.298541135549094,-101.56146930789113,133.58156183159025,21.641162472788075,-4.931204134745493,-4.65433305729891,-0.009937938079545178,-0.014151702346614604,-0.014867424159244505,-0.009940698292392148,1.4240079011704079,-1.7503158078354748,4.5545427542600825,-5.878791427412236,-1.215088167489667
129.0,-47.29072244279724,-101.98808166016596,-0.010252875047914852,-47.869169393182,-101.9171130660818,-47.29072244279724,-101.98808166016596,-47.377176087481324,-102.05973069598451,134.0860119609091,21.621710421424982,-4.9404821480714265,-4.785745737440125,-0.010236925155403321,-0.014577462304984435,-0.019016169004206475,-0.010252875047914852,1.4240079011704079,-1.752217982636802,4.545279366484825,-5.895945612930921,-1.2154994863996966
129.5,-47.377842811631226,-102.48457269111235,-0.010442308121110737,-47.95687192463353,-102.38622640839948,-47.377842811631226,-102.48457269111235,-47.46286587706412,-102.5566043649822,134.5902268141238,21.60225837006189,-4.94976016139736,-4.859474994891313,-0.010413363763480222,-0.01482871227695745,-0.020763276075901883,-0.010442308121110737,1.4240079011704079,-1.754143325633187,4.535369051176398,-5.91296846520923,-1.2159795936595919
130.0,-47.46822047272623,-102.98028698167191,-0.010537610671619973,-48.04457445608507,-102.85533975071716,-47.46822047272623,-102.98028698167191,-47.5517496246363,-103.05265914809256,135.0942158702148,21.582806318698793,-4.959038174723293,-4.889156932069213,-0.010495862933418379,-0.014946191746789387,-0.021698636671929002,-0.010537610671619973,1.4240079011704079,-1.7560945094590008,4.524349978534083,-5.929861508817266,-1.216529660319491
130.5,-47.56619942304136,-103.474427699539,-0.010556138924194138,-48.132276987536606,-103.32445309303485,-47.56619942304136,-103.474427699539,-47.648933506924664,-103.54696325980294,135.59798928034215,21.5633542673357,-4.968316188049227,-4.8830976280029645,-0.010501776495550652,-0.014954612705989806,-0.020581444511760683,-0.010556138924194138,1.4240079011704079,-1.7580738568805756,4.513505493927581,-5.94662634148459,-1.2171508346864297
131.0,-47.66724635364038,-103.96777370584292,-0.01050343389608621,-48.21997951898815,-103.79356643535253,-47.66724635364038,-103.96777370584292,-47.74908477514572,-104.04043788914524,136.10155230489838,21.543902215972608,-4.97759420137516,-4.844059924755694,-0.010436641571349737,-0.014861860059285565,-0.01896824878923848,-0.01050343389608621,1.4240079011704079,-1.7600835011860587,4.503616958041994,-5.963264596555858,-1.217844249628509
131.5,-47.77491695981353,-104.45959954336297,-0.010377113064998136,-48.30768205043968,-104.26267977767021,-47.77491695981353,-104.45959954336297,-47.85639169207036,-104.53223358134477,136.60492264356523,21.52445016460951,-4.986872214701093,-4.771117260239387,-0.010298072800890644,-0.01466453703529635,-0.016407796558739828,-0.010377113064998136,1.4240079011704079,-1.7621069687562922,4.494404258027322,-5.9797779413138406,-1.2186110218447859
132.0,-47.88497936742778,-104.95074782948225,-0.010173102706100967,-48.397501816313714,-104.7370673801531,-47.88497936742778,-104.95074782948225,-47.96588522590081,-105.0233446745363,137.10810627807166,21.504549921365577,-4.957237761785225,-4.662374912555649,-0.01008199501483128,-0.014356840560680406,-0.013753038119668971,-0.010173102706100967,1.4240079011704079,-1.7641098810065623,4.487097731429067,-5.996168126528878,-1.2194522303082274
132.5,-47.9997692808732,-105.4407081065599,-0.009891564121260403,-48.4994487420669,-105.24166505082124,-47.9997692808732,-105.4407081065599,-48.08032760724914,-105.51317247973545,137.61112696850688,21.482082511001277,-4.704719298297854,-4.517226749873197,-0.00978856728803598,-0.013938997159301428,-0.011151175705795323,-0.009891564121260403,1.4240079011704079,-1.766095959292249,4.480561574780619,-6.012436893367184,-1.2203689554461283
133.0,-48.116190973059766,-105.93016013504472,-0.009532847273819388,-48.601395667820086,-105.74626272148936,-48.116190973059766,-105.93016013504472,-48.196095862242714,-106.00251725004057,138.11398468638038,21.459615100636977,-4.452200834810483,-4.337195680195656,-0.009418140395481575,-0.013411506337497953,-0.008703591732409375,-0.009532847273819388,1.4240079011704079,-1.7680696466593353,4.47587624096162,-6.028586009077613,-1.2213622647871567
133.5,-48.23551705053368,-106.41881827095663,-0.009102714934680272,-48.703342593573275,-106.25086039215749,-48.23551705053368,-106.41881827095663,-48.31471081391314,-106.49104205284186,138.61670372574065,21.437147690272678,-4.199682371323112,-4.125152766425601,-0.008976479354101004,-0.01278257752493287,-0.006779887644912343,-0.009102714934680272,1.4240079011704079,-1.7700350097865087,4.471804932821639,-6.044617273396762,-1.2224332112871568
134.0,-48.35587440603031,-106.90712076639151,-0.008605984746584113,-48.80528951932646,-106.75545806282561,-48.35587440603031,-106.90712076639151,-48.433996728473346,-106.9792601335764,139.11928446428468,21.414680279908378,-3.9471639078357406,-3.8835125575516054,-0.008468403134565499,-0.012059072973917518,-0.005067032208358315,-0.008605984746584113,1.4240079011704079,-1.7719959056557855,4.469056375475391,-6.06053258631238,-1.22358281667848
134.5,-48.47784087124675,-107.39493944823101,-0.008042702734075084,-48.90723644507965,-107.26005573349374,-48.47784087124675,-107.39493944823101,-48.554665359415495,-107.46701685313235,139.62174602230317,21.39221286954408,-3.694645444348369,-3.6124904158049986,-0.007893966527159835,-0.011241070706250331,-0.003894315929404297,-0.008042702734075084,1.4240079011704079,-1.7739561468047302,4.466708890432571,-6.07633388917781,-1.224812088029133
135.0,-48.600450780458885,-107.8825180319696,-0.007406706519130486,-49.00918337083283,-107.76465340416186,-48.600450780458885,-107.8825180319696,-48.67561661913741,-107.9545935091849,140.12410093053606,21.36974545917978,-3.4421269808609978,-3.3094617933766894,-0.00724700687430428,-0.010319795048845556,-0.002880272473304807,-0.007406706519130486,1.4240079011704079,-1.7759196651039013,4.465140419646958,-6.092023089994606,-1.226122038182353
135.5,-48.723911895871595,-108.36981351725726,-0.00668761471759382,-49.11113029658602,-108.26925107483,-48.723911895871595,-108.36981351725726,-48.79713527474475,-108.44193237292427,140.62636178410267,21.34727804881548,-3.1896085173736264,-2.969907375115992,-0.006517152615292101,-0.00928047681730934,-0.0022312861679506593,-0.00668761471759382,1.4240079011704079,-1.777889400477373,4.463812984336659,-6.107602132491434,-1.2275136680730292
136.0,-48.847786459221666,-108.85694951609076,-0.00587579077275912,-49.2130772223392,-108.77384874549811,-48.847786459221666,-108.85694951609076,-48.918751547084646,-108.92916983781859,141.1285479049882,21.32481063845118,-2.937090053886255,-2.5896799142854405,-0.005694763877922849,-0.00810938875746197,-0.0016614286608960724,-0.00587579077275912,1.4240079011704079,-1.7798623600691494,4.462897296995212,-6.123073002890007,-1.2289879580370746
136.5,-48.97211361795182,-109.34391556998052,-0.004963671300238407,-49.31945669748188,-109.26889185553686,-48.97211361795182,-109.34391556998052,-49.040562150749295,-109.41628252201119,141.63066003542954,21.31268897496378,-2.4459222229089823,-2.1677143967104158,-0.004772276164019511,-0.006795758964130989,-0.0012718714087112644,-0.004963671300238407,1.4240079011704079,-1.7818259011265778,4.462142904942635,-6.1384378092775975,-1.2305457614868716
137.0,-49.096701636848834,-109.83078060632434,-0.003965230712393704,-49.427443332242085,-109.76047066035139,-49.096701636848834,-109.83078060632434,-49.16239778872898,-109.90333830262094,142.13272303895494,21.3043184860562,-1.8682245887701872,-1.7082271389228285,-0.0037636594980754684,-0.0053594808625745186,-0.0009118457229169851,-0.003965230712393704,1.4240079011704079,-1.7837749921298935,4.461618918715692,-6.153698607580778,-1.2321880375617689
137.5,-49.2215226529929,-110.31755214494162,-0.0029057269913069124,-49.53542996700229,-110.25204946516591,-49.2215226529929,-110.31755214494162,-49.28428686244696,-110.39033090325398,142.63473771947054,21.295947997148616,-1.2905269546313922,-1.2218474098964491,-0.0026941577256799024,-0.003836501888367477,-0.0006287952942739217,-0.0029057269913069124,1.4240079011704079,-1.7857121561094051,4.4612264498419,-6.168857489489887,-1.233915732747192
138.0,-49.34648171711128,-110.80427612497189,-0.001822734618835517,-49.64341660176249,-110.74362826998043,-49.34648171711128,-110.80427612497189,-49.40618222008987,-110.87729781434523,143.13672900529102,21.287577508241036,-0.7128293204925971,-0.7256653357904052,-0.0016013412583567473,-0.0022803226043701715,-0.0003545537162626734,-0.001822734618835517,1.4240079011704079,-1.7876404166984656,4.460986973146564,-6.1839165821342155,-1.235729780438792
138.5,-49.47153029688777,-111.2909661761907,-0.0007663634631514202,-49.75140323652269,-111.23520707479494,-49.47153029688777,-111.2909661761907,-49.528092432293825,-111.3642378005489,143.6386977792562,21.279207019333455,-0.13513168635380213,-0.2423874629532941,-0.0005353025023463127,-0.0007622749928574401,-0.00011012094180270021,-0.0007663634631514202,1.4240079011704079,-1.7895634541627967,4.460870126324817,-6.198878047700065,-1.2376311003906444
139.0,-49.59660323248084,-111.77766145396686,0.0002047114867544006,-49.859389871282886,-111.72678587960947,-49.59660323248084,-111.77766145396686,-49.65000466212882,-111.85117987796991,144.14066907183198,21.27083653042587,0.4425659477849928,0.20147028531389743,0.00044528889196099477,0.0006340949004558727,0.0001080921831517304,0.0002047114867544006,1.4240079011704079,-1.7914857617267914,4.460876300582855,-6.21374416539786,-1.2396205853155016
139.5,-49.72165170107417,-112.26437600595358,0.0010300034793824335,-49.96737650604309,-112.21836468442399,-49.72165170107417,-112.26437600595358,-49.77192005275861,-112.3381248069684,144.64264389824282,21.26246604151829,1.0202635819237882,0.5786595219613713,0.0012799583500863116,0.0018226708036919467,0.0002825864080378466,0.0010300034793824335,1.4240079011704079,-1.793412802920496,4.460978757671601,-6.228517178197612,-1.2416991237269834
140.0,-49.84663661450219,-112.75114250443477,0.0016569907524026713,-50.07536314080329,-112.70994348923851,-49.84663661450219,-112.75114250443477,-49.89384245675685,-112.82509759869029,145.1446474564715,21.25409555261071,1.5979612160625831,0.8656134577038339,0.0019161907632032967,0.0027286707869512484,0.0004157791738636541,0.0016569907524026713,1.4240079011704079,-1.79533136137347,4.461160313241476,-6.24319935472762,-1.2438675895425015
140.5,-49.971526999852934,-113.23797514798792,0.00205175466401459,-50.18650132612033,-113.20220291085197,-49.971526999852934,-113.23797514798792,-50.01577351953038,-113.31210473844729,145.6466864372717,21.24681114391825,1.9405276188945295,1.0473433561069254,0.0023200725559750284,0.003303801650997064,0.000500615341615108,0.00205175466401459,1.4240079011704079,-1.7972465679751282,4.461396671172296,-6.257792996368904,-1.2461268402182974
141.0,-50.09630484429404,-113.72489060105073,0.002207242677054586,-50.30575829806652,-113.69621568608203,-50.09630484429404,-113.72489060105073,-50.13771644530244,-113.7991593337786,146.14877433393815,21.242324613086137,1.677366694050281,1.121121834949727,0.002484555649400004,0.0035380268756431796,0.0005377862860030881,0.002207242677054586,1.4240079011704079,-1.7991387587427923,4.4616635458043,-6.272300436285,-1.248477716227714
141.5,-50.220964186705444,-114.2119024247668,0.0021467692078616816,-50.425015270012715,-114.19022846131209,-50.220964186705444,-114.2119024247668,-50.25967453463297,-114.28627460580756,146.65092477334548,21.237838082254022,1.4142057692060321,1.0973732412664983,0.002432953201191912,0.0034645445816751195,0.0005315803492190305,0.0021467692078616816,1.4240079011704079,-1.8009884099391318,4.461937334022639,-6.286724069550009,-1.2509210698949114
142.0,-50.34550998824577,-114.69902144756881,0.0019172887072752384,-50.54427224195891,-114.68424123654215,-50.34550998824577,-114.69902144756881,-50.38165115941897,-114.77346391402678,147.15315153392012,21.233351551421908,1.1510448443617836,0.9973902396192174,0.0022122184674019285,0.0031502165766954366,0.0004911095608862872,0.0019172887072752384,1.4240079011704079,-1.8027985846521373,4.462198046555059,-6.301066304166034,-1.2534577203157027
142.5,-50.46995579172785,-115.18625644973397,0.0015802165477428979,-50.6635292139051,-115.17825401177221,-50.46995579172785,-115.18625644973397,-50.50364970598913,-115.2607407853974,147.65546856004804,21.228865020589794,0.8878839195175348,0.8489458724416512,0.0018837638126226147,0.0026824945531134952,0.0004283101154302045,0.0015802165477428979,1.4240079011704079,-1.8045726835207097,4.462431224756532,-6.315329564156577,-1.2560884571944815
143.0,-50.5943207206329,-115.6736149892424,0.0012007936110349164,-50.78278618585129,-115.67226678700229,-50.5943207206329,-115.6736149892424,-50.62567360526955,-115.74811891709822,148.15788997206766,21.22437848975768,0.6247229946732862,0.6814882682565461,0.001512824051409953,0.0021542734022884005,0.0003560456611995185,0.0012007936110349164,1.4240079011704079,-1.8063145786704928,4.462628865209425,-6.329516300959433,-1.2588140525579725
143.5,-50.71862622003132,-116.161104253948,0.0008392271670113937,-50.902043157797486,-116.16627956223235,-50.71862622003132,-116.161104253948,-50.74772633072838,-116.23561218199305,148.66043007107444,21.219891958925565,0.3615620698290374,0.5221508644741842,0.0011596038928600064,0.0016512851056606122,0.00028638088760918757,0.0008392271670113937,1.4240079011704079,-1.8080287484397033,4.462789433406671,-6.343628992289166,-1.2616352608260821
144.0,-50.842893022348306,-116.64873182927289,0.000544213218940636,-51.02130012974368,-116.66029233746241,-50.842893022348306,-116.64873182927289,-50.86981139887563,-116.7232346274009,149.16310333784926,21.21540542809345,0.0984011449847888,0.3928368252495194,0.0008727895171683921,0.0012428591685064957,0.00022905320535760365,0.000544213218940636,1.4240079011704079,-1.8097116122206778,4.462917054321692,-6.357670135716957,-1.2645528470646223
144.5,-50.96714006261819,-117.13651181027923,0.00034836376542495066,-51.140557101689865,-117.15430511269247,-50.96714006261819,-117.13651181027923,-50.991933993208555,-117.21100695680762,149.66593111490764,21.210918897261337,-0.16475977985945978,0.30817966288091164,0.000684991226469421,0.0009754329187248638,0.00019063222868666052,0.00034836376542495066,1.4240079011704079,-1.8113486662571006,4.463019995426026,-6.371642252682181,-1.2675675597830316
145.0,-51.0913776014818,-117.62444433379308,0.0002651868362636057,-51.263154878477266,-117.64175779894644,-51.0913776014818,-117.62444433379308,-51.11409481858678,-117.69893198563595,150.16891630456456,21.2121598910958,-0.044380526681878196,0.27434453064877085,0.0006097144986425269,0.0008682382635251122,0.0001740042631798327,0.0002651868362636057,1.4240079011704079,-1.8129541647192449,4.463108995268251,-6.385547892399338,-1.270680104297296
145.5,-51.215615326122276,-118.1125509476077,0.00028973593040438174,-51.38599872281342,-118.1287273007312,-51.215615326122276,-118.1125509476077,-51.23630046978038,-118.18703605419869,150.67208606014526,21.213822746733666,0.10424844353682738,0.28892142699389545,0.0006420101285280203,0.00091422749565533,0.00017826462794096368,0.00028973593040438174,1.4240079011704079,-1.8145240840045604,4.463195245997818,-6.399389625740229,-1.2738911693594122
146.0,-51.339852632697244,-118.60083479353318,0.0004001202755974626,-51.508842567149564,-118.61569680251594,-51.339852632697244,-118.60083479353318,-51.35855172391215,-118.67532226638276,151.17544358134253,21.215485602371533,0.2528774137555329,0.34206809957285406,0.0007599878010051222,0.0010822286334244177,0.00019926083978339879,0.0004001202755974626,1.4240079011704079,-1.8160342309773534,4.463288593981447,-6.413170044026795,-1.2772014275104449
146.5,-51.46408962934205,-119.08932003366264,0.0005625987604492072,-51.63168641148572,-119.1026663043007,-51.46408962934205,-119.08932003366264,-51.48085523403494,-119.16381719528181,151.67901626144783,21.2171484580094,0.4015063839742385,0.4186128751023947,0.0009299049322993034,0.0013241919709315413,0.00023042394764248269,0.0005625987604492072,1.4240079011704079,-1.8174887384558496,4.463396068580406,-6.426891744435841,-1.2806115561783893
147.0,-51.5883188551417,-119.57801166461866,0.0007371002815193468,-51.75453025582187,-119.58963580608545,-51.5883188551417,-119.57801166461866,-51.603211818183354,-119.65252410822185,152.18280746863573,21.218811313647265,0.5501353541929441,0.500525888854415,0.0011116919062290538,0.0015830580581373647,0.00026385156433736314,0.0007371002815193468,1.4240079011704079,-1.818891883268221,4.463520913676883,-6.440557324026539,-1.284122245352382
147.5,-51.71253722911637,-120.06693468648378,0.0008825377125526673,-51.87737410015802,-120.07660530787021,-51.71253722911637,-120.06693468648378,-51.72562814962531,-120.14146965903745,152.6868446794308,21.220474169285133,0.6987643244116495,0.5693076368558831,0.0012642612932077188,0.0018003180706717093,0.000291434821441426,0.0008825377125526673,1.4240079011704079,-1.8202482159682138,4.463662202614158,-6.4541694259165,-1.2877341242835874
148.0,-51.836738153001306,-120.55609382278182,0.0009617318948177228,-52.00021794449417,-120.56357480965497,-51.836738153001306,-120.55609382278182,-51.84810504270477,-120.63065710031701,153.1911312468149,21.222137024922997,0.8473932946303551,0.6082080988172074,0.001350435886003655,0.001923031371693265,0.00030591503841504147,0.0009617318948177228,1.4240079011704079,-1.8215626901600832,4.4638150021730745,-6.467730708543418,-1.2914478075171678
148.5,-51.96092331158384,-121.04551273989024,0.0009461578779022236,-52.12306178883032,-121.05054431143972,-51.96092331158384,-121.04551273989024,-51.97064914010334,-121.12011296372971,153.69569452137648,21.223799880560865,0.9960222648490606,0.604364323443185,0.0013416910887914055,0.0019105787113688887,0.0003017486319192774,0.0009461578779022236,1.4240079011704079,-1.8227458789340913,4.463971050799622,-6.481243844421144,-1.2952638951315936
149.0,-52.08509551929608,-121.5351994438384,0.0008202044690671564,-52.2493708125572,-121.53724921410542,-52.08509551929608,-121.5351994438384,-52.09326282067361,-121.6098467506989,154.20054429780723,21.222547002806127,0.9297627649677624,0.5505719886902554,0.001222416220192303,0.0017407303560727045,0.0002758642226662928,0.0008202044690671564,1.4240079011704079,-1.8238195290901789,4.464119803013159,-6.494711510442301,-1.2991829713248952
149.5,-52.20926422034291,-122.02516491834966,0.0005821693398946874,-52.37864820481484,-122.02372745384555,-52.20926422034291,-122.02516491834966,-52.21594974270975,-122.09987307289153,154.7056956387738,21.218796427163134,0.6794238566801961,0.44614373582415867,0.0009909079372258424,0.0014110607319420701,0.0002278907188090799,0.0005821693398946874,1.4240079011704079,-1.8248125116618845,4.464249856406736,-6.508136305350616,-1.3032055893120948
150.0,-52.33344447662281,-122.5154185556034,0.00024336620714577646,-52.50792559707248,-122.51020569358569,-52.33344447662281,-122.5154185556034,-52.338713498848996,-122.59020627973277,155.21116333660683,21.215045851520138,0.4290849483926299,0.2963676312641139,0.0006584803500837629,0.0009376812212847346,0.00015990548159680116,0.00024336620714577646,1.4240079011704079,-1.8257482685950055,4.464350257649677,-6.521520931989658,-1.3073323057065431
150.5,-52.45765640055284,-123.00596823797906,-0.00017542466437692785,-52.63720298933011,-122.99668393332581,-52.45765640055284,-123.00596823797906,-52.4615575989741,-123.08086039011658,155.71696184290363,21.211295275877145,0.17874604010506356,0.11064060799341371,0.0002459122561318194,0.0003501809957263519,7.577864772548325e-05,-0.00017542466437692785,1.4240079011704079,-1.826626526969914,4.464411664330407,-6.534868102504142,-1.311563663033395
151.0,-52.581924137751976,-123.4968205228127,-0.0006498099153416435,-52.766480381587755,-123.48316217306595,-52.581924137751976,-123.4968205228127,-52.584485452841086,-123.5718490230225,156.2231051970032,21.20754470023415,-0.07159286818250266,-0.10002822385704739,-0.00022240358076568433,-0.00031670445625892545,-1.9827868799185323e-05,-0.0006498099153416435,1.4240079011704079,-1.8274682899091963,4.464427000660062,-6.548180537275617,-1.3159001897527993
151.5,-52.70627464750834,-123.98798086363061,-0.0011567224179157454,-52.89575777384539,-123.96964041280609,-52.70627464750834,-123.98798086363061,-52.70750035271559,-124.06318532815477,156.72960695448504,21.203794124591155,-0.3219317764700689,-0.3252428988068558,-0.0007234035996297384,-0.0010301324416078618,-0.00012235442160611206,-0.0011567224179157454,1.4240079011704079,-1.828293963512751,4.464391610951129,-6.56146096388099,-1.3203424002716755
152.0,-52.830736524133094,-124.47945381325088,-0.0016774632110434172,-53.02503516610303,-124.45611865254622,-52.830736524133094,-124.47945381325088,-52.830605456302166,-124.55488191776173,157.23648011688385,21.20004354894816,-0.5722706847576353,-0.5565839863866873,-0.0012383893283395022,-0.0017634761882805656,-0.0002279871765637971,-0.0016774632110434172,1.4240079011704079,-1.8291235269098374,4.464303012770836,-6.574712107555226,-1.324890802189918
152.5,-52.95533901210443,-124.97124317974611,-0.002198699765212685,-53.154312558360665,-124.94259689228636,-52.95533901210443,-124.97124317974611,-52.9538037702627,-125.04695080081261,157.74373706383446,21.196292973305166,-0.8226095930452015,-0.788057529393037,-0.0017540343556012841,-0.0024977587813005734,-0.0003339568625836739,-0.002198699765212685,1.4240079011704079,-1.8299181322771567,4.464160398542607,-6.587936644418908,-1.329545935220091
153.0,-53.08011130911331,-125.46335209968713,-0.0027123130676655126,-53.28389603981395,-125.42936394415551,-53.08011130911331,-125.46335209968713,-53.07709813467545,-125.53940332069033,158.2513894888556,21.1909149218368,-1.0667401390502482,-1.015860790954569,-0.00226221971300644,-0.003221418745504623,-0.00043848573413222513,-0.0027123130676655126,1.4240079011704079,-1.830658940584029,4.463964083953829,-6.6011373143063725,-1.334308274417268
153.5,-53.205082121672014,-125.95578307120634,-0.0032157909458334953,-53.4154021605933,-125.91794511284083,-53.205082121672014,-125.95578307120634,-53.20049120848171,-126.03225009760459,158.75944833995274,21.175314199759473,-1.2718740734645895,-1.2377644730983541,-0.0027604398415298696,-0.003930888145044123,-0.0005404534397875597,-0.0032157909458334953,1.4240079011704079,-1.831390578008842,4.463715060529339,-6.614316860007468,-1.3391782810027684
154.0,-53.33027941104646,-126.44853794310171,-0.0037040361318787635,-53.54690828137265,-126.40652628152615,-53.33027941104646,-126.44853794310171,-53.32398545657283,-126.52550097672139,159.26792376616436,21.159713477682146,-1.4770080078789307,-1.4522668543753046,-0.0032435967762620838,-0.004618907437608071,-0.0006389319684053344,-0.0037040361318787635,1.4240079011704079,-1.8321560081860462,4.463414780552147,-6.62747802611826,-1.3441564024914694
154.5,-53.45573016097272,-126.94161790867936,-0.00417303659366683,-53.678414402151994,-126.89510745021148,-53.45573016097272,-126.94161790867936,-53.4475831385246,-127.01916498308321,159.77682507109594,21.144112755604823,-1.682141942293272,-1.657605609298728,-0.003707680266546554,-0.005279765994575897,-0.0007328435779918007,-0.00417303659366683,1.4240079011704079,-1.8329522517518213,4.4630651805691794,-6.64062355780785,-1.3492430728650906
155.0,-53.581460102995166,-127.43502352293923,-0.004616024989745927,-53.80992052293134,-127.38368861889681,-53.581460102995166,-127.43502352293923,-53.57128629601212,-127.51325028502951,160.28616067437898,21.128512033527496,-1.887275876707613,-1.8507969788392462,-0.004145920362729664,-0.005903823354150325,-0.0008206350416665544,-0.004616024989745927,1.4240079011704079,-1.833793752347084,4.462668812255974,-6.653756191831952,-1.354438717834426
155.5,-53.707492209941776,-127.92875025250933,-0.0050221011608492,-53.94142664371069,-127.87226978758214,-53.707492209941776,-127.92875025250933,-53.695095425078705,-128.0077588569246,160.7959326117371,21.11291131145017,-2.0924098111219545,-2.0270318861316876,-0.00454741231570802,-0.006475551067447842,-0.0009001273306922301,-0.0050221011608492,1.4240079011704079,-1.8347059155100678,4.4622292134032335,-6.66687861611946,-1.3597437807882247
156.0,-53.83385086435081,-128.422807465958,-0.005376543678619761,-54.072932764490034,-128.36085095626746,-53.83385086435081,-128.422807465958,-53.81901502357634,-128.50270866452837,161.30615940340792,21.097310589372842,-2.297543745536295,-2.179829220946896,-0.00489743044906277,-0.006973979654897923,-0.0009687955310189351,-0.005376543678619761,1.4240079011704079,-1.8357124623919976,4.461751149557945,-6.679993566736539,-1.3651586581889128
156.5,-53.9605525573905,-128.91718441838782,-0.0056632495727392245,-54.20443888526938,-128.84943212495278,-53.9605525573905,-128.91718441838782,-53.943043514255365,-128.99809340370766,161.81683455094472,21.08170986729552,-2.5026776799506365,-2.3021312311971864,-0.00517986465660523,-0.00737616819799919,-0.001023734216727156,-0.0056632495727392245,1.4240079011704079,-1.8368164422264563,4.461240766042203,-6.693103774773284,-1.3706837338386315
157.0,-54.0876152219074,-129.41189016885306,-0.0058688547348965375,-54.33594500604873,-129.3380132936381,-54.0876152219074,-129.41189016885306,-54.06718513385023,-129.49392918751204,162.327974713933,21.066109145218192,-2.7078116143649775,-2.3881391863862462,-0.00538134672538783,-0.007663080255889771,-0.001062759378945537,-0.0058688547348965375,1.4240079011704079,-1.8379229101215053,4.46070581872863,-6.706211964930253,-1.376319379053509
157.5,-54.21504730585473,-129.90691416284199,-0.005992663572331303,-54.47072823435603,-129.8239820960012,-54.21504730585473,-129.90691416284199,-54.191437726750365,-129.9902079437721,162.83957153835797,21.039874492661315,-2.6946206488374407,-2.4352396650913386,-0.005501174475347434,-0.00783371591861172,-0.001085237020844189,-0.005992663572331303,1.4240079011704079,-1.8390847294336892,4.460154716383965,-6.7193208541519445,-1.38206595280042
158.0,-54.342856639657384,-130.40226044728166,-0.006034973297757108,-54.60673074172753,-130.3089789425961,-54.342856639657384,-130.40226044728166,-54.315803381058466,-130.4869375415324,163.3516331647954,21.00968338500088,-2.6001998251430907,-2.445235692658829,-0.005539642151323801,-0.007888494193141728,-0.0011056434049650685,-0.006034973297757108,1.4240079011704079,-1.84035136160069,4.459595921369317,-6.732433144587999,-1.3879238053261647
158.5,-54.47104546849067,-130.89792894381185,-0.0060073419103885434,-54.74273324909903,-130.793975789191,-54.47104546849067,-130.89792894381185,-54.4402823977306,-130.98411973166827,163.86416136478823,20.979492277340444,-2.50577900144874,-2.4244190621469404,-0.005508301995882514,-0.007843865564169427,-0.001115281077953201,-0.0060073419103885434,1.4240079011704079,-1.8417503213560844,4.459023051606509,-6.74555149067921,-1.3938932977187128
159.0,-54.599626490022416,-131.39391629696985,-0.0059314897577495765,-54.87873575647053,-131.2789726357859,-54.599626490022416,-131.39391629696985,-54.56489144377163,-131.48175127587035,164.3771570452545,20.94930116968001,-2.41135817775439,-2.3825872458551207,-0.005428873624553016,-0.007730758935819125,-0.0011181723663006198,-0.0059314897577495765,1.4240079011704079,-1.8432724462911565,4.458453469751575,-6.758678576287342,-1.3999747537779264
159.5,-54.72858440795009,-131.89022555452573,-0.005833917130276944,-55.01473826384203,-131.7639694823808,-54.72858440795009,-131.89022555452573,-54.689617082049104,-131.97983562607482,164.89062029101015,20.919110062019573,-2.31693735406004,-2.3315158014525483,-0.005327849560143752,-0.007586899869891984,-0.0011152293052726137,-0.005833917130276944,1.4240079011704079,-1.84494385553073,4.457876736596201,-6.771817072550724,-1.4061684852926615
160.0,-54.85794201025664,-132.38684964362818,-0.005742359504927639,-55.15074077121353,-132.24896632897568,-54.85794201025664,-132.38684964362818,-54.814491954972254,-132.47836389764467,165.40455041451222,20.888918954359138,-2.2225165303656897,-2.283389376793456,-0.005232967607221718,-0.00745178721925253,-0.0011759179977687603,-0.005742359504927639,1.4240079011704079,-1.8467873726839183,4.457309253111454,-6.784969636796947,-1.412474792079297
160.5,-54.987667392476034,-132.883794605515,-0.0056825898841318,-55.28674327858503,-132.73396317557058,-54.987667392476034,-132.883794605515,-54.9394840088597,-132.9773426712496,165.91894601161593,20.8587278466987,-2.1280957066713397,-2.2493933180989605,-0.005169990740992759,-0.00736210766415154,-0.0012471661536359942,-0.0056825898841318,1.4240079011704079,-1.8487965847274628,4.45666936735986,-6.798138911513625,-1.4188939620115937
161.0,-55.117864414377124,-133.38103185141068,-0.005675468150590195,-55.42274578595653,-133.21896002216548,-55.117864414377124,-133.38103185141068,-55.06471905846874,-133.47673828594932,166.4338050219764,20.828536739038263,-2.0336748829769897,-2.238456705838147,-0.005159779916344463,-0.007347567369174901,-0.0014316848076897405,-0.005675468150590195,1.4240079011704079,-1.8509710783430602,4.456027665638153,-6.811327516847892,-1.4254262699564322
161.5,-55.24843061386018,-133.87858387112615,-0.005735626207608821,-55.560289255309726,-133.70319237679155,-55.24843061386018,-133.87858387112615,-55.19007711438927,-133.97657808010342,166.94912479258355,20.795985695073487,-2.005363973008839,-2.2561958851757797,-0.0052169633143909575,-0.007428996979808882,-0.001661539901429247,-0.005735626207608821,1.4240079011704079,-1.8533356203894642,4.455197168364073,-6.824538014168178,-1.432071971878021
162.0,-55.379656163352784,-134.37637392513915,-0.005869640027742967,-55.70179434395245,-134.18545931879459,-55.379656163352784,-134.37637392513915,-55.315896185705625,-134.47677386531836,167.4649021428062,20.75736755192238,-2.1470133297815024,-2.304333201564773,-0.005348114865868065,-0.007615757825363041,-0.002020045167174802,-0.005869640027742967,1.4240079011704079,-1.8559118498448934,4.454317645350065,-6.837772993254079,-1.4388313195534392
162.5,-55.51129761343767,-134.87445272447937,-0.006070745103899324,-55.84329943259518,-134.66772626079762,-55.51129761343767,-134.87445272447937,-55.4418822782739,-134.97738876682286,167.98112673965377,20.71874940877127,-2.2886626865541664,-2.3809140895730025,-0.005546469762124118,-0.007898216764867497,-0.0024623678443014795,-0.006070745103899324,1.4240079011704079,-1.858718532827529,4.453116810438939,-6.851035025236208,-1.4457045529140529
163.0,-55.643919539411144,-135.37268303778632,-0.006329027241595067,-55.984804521237905,-135.14999320280066,-55.643919539411144,-135.37268303778632,-55.5686880759637,-135.4782661570119,168.49780644812526,20.68013126562016,-2.43031204332683,-2.4813765848183147,-0.00580211186254775,-0.008262253135742548,-0.002997236643717319,-0.006329027241595067,1.4240079011704079,-1.861737743950128,4.451779626761128,-6.8643266616953005,-1.4526919000975647
163.5,-55.77709267637431,-135.87115633908246,-0.006631966712001022,-56.12630960988063,-135.6322601448037,-55.77709267637431,-135.87115633908246,-55.69579370600442,-135.97951970526196,169.0149246773841,20.641513122469053,-2.571961400099494,-2.60011523362411,-0.006102524557243135,-0.008690043186600669,-0.0036015345650011444,-0.006631966712001022,1.4240079011704079,-1.8649728569641435,4.450025356778613,-6.877650433742377,-1.4597935775181865
164.0,-55.911662106425695,-136.36966143710833,-0.006967861403169068,-56.26781469852336,-136.11452708680673,-55.911662106425695,-136.36966143710833,-55.82417591320873,-136.48090807013568,169.5324886097752,20.602894979317945,-2.7136107568721575,-2.731950689370788,-0.006436004790460902,-0.00916492167358692,-0.004114817625228371,-0.006967861403169068,1.4240079011704079,-1.868426389194865,4.448061885922225,-6.891008844472626,-1.4670097806635167
164.5,-56.04699106677875,-136.86834162252347,-0.00732791601579346,-56.40931978716608,-136.5967940288098,-56.04699106677875,-136.86834162252347,-55.95306617695891,-136.98260785969447,170.05048106316812,20.564276836166833,-2.8552601136448215,-2.8730100797826923,-0.006793761026146206,-0.009674369379895775,-0.004585516093522222,-0.00732791601579346,1.4240079011704079,-1.8721186925808264,4.445774697518591,-6.90440431536667,-1.474340610171497
165.0,-56.18403867629998,-137.36695227060795,-0.007706709461764179,-56.55082487580881,-137.07906097081283,-56.18403867629998,-137.36695227060795,-56.083572079429516,-137.48434006598748,170.56890870288848,20.525658693015725,-2.996909470417485,-3.0208967414945542,-0.0071703717873620905,-0.010210666079532997,-0.004699115345169352,-0.007706709461764179,1.4240079011704079,-1.8760445617713346,4.443321395804674,-6.917839307059842,-1.4817862432685112
165.5,-56.32201102304576,-137.86567764318258,-0.00810140603768433,-56.69232996445154,-137.56132791281587,-56.32201102304576,-137.86567764318258,-56.214737770797406,-137.98633095170985,171.0877538838235,20.487040549864616,-3.138558827190149,-3.174335108751049,-0.007563003797164845,-0.010769777163744537,-0.004552564065733744,-0.00810140603768433,1.4240079011704079,-1.8801943796908016,4.440913105442949,-6.9313162556666565,-1.4893468457141117
166.0,-56.46165477555304,-138.36432387915085,-0.008520248204194846,-56.847712200549914,-138.02528695738843,-56.46165477555304,-138.36432387915085,-56.34741886551857,-138.48836265211415,171.60702283926489,20.435981410135245,-3.3086017674246473,-3.332639686430693,-0.007979898435275329,-0.011363438422369443,-0.0039048142758523175,-0.008520248204194846,1.4240079011704079,-1.8845570814431867,4.438608073143913,-6.944837571806316,-1.4970225719314978
166.5,-56.60211818857362,-138.8630933319249,-0.008954252950012818,-57.00402248238064,-138.4880216461535,-56.60211818857362,-138.8630933319249,-56.48058945741562,-138.9906842256807,172.12669749744427,20.3840902684532,-3.480543552075266,-3.4953100305040437,-0.008412073051863048,-0.011978858491075646,-0.0028637890173169264,-0.008954252950012818,1.4240079011704079,-1.889120417583921,4.436867278413927,-6.958405639640344,-1.5048135651469101
167.0,-56.743684688238936,-139.36191146154357,-0.00940190178597588,-57.16033276421137,-138.9507563349186,-56.743684688238936,-139.36191146154357,-56.61455828914859,-139.4932197471362,172.64678364275554,20.332199126771155,-3.652485336725885,-3.6618857931101303,-0.008858008376335472,-0.012613873916535368,-0.0015601844687892778,-0.00940190178597588,1.4240079011704079,-1.893848486316509,4.435638846102428,-6.972022815924162,-1.5127199575383619
167.5,-56.88555392980367,-139.86096943954811,-0.009862558235223941,-57.316643046042095,-139.41349102368366,-56.88555392980367,-139.86096943954811,-56.748358446167494,-139.99620664290447,173.16726270310622,20.280307985089113,-3.8244271213765035,-3.8320240535605796,-0.009317065192485338,-0.013267574449818909,-9.998055282056069e-05,-0.009862558235223941,1.4240079011704079,-1.8987031747806102,4.4352482754253195,-6.985691395760165,-1.5207418637990195
168.0,-57.02768124381867,-140.36027826133636,-0.010336226782094103,-57.47295332787282,-139.87622571244876,-57.02768124381867,-140.36027826133636,-56.88191147400784,-140.49967114417984,173.68813988092901,20.228416843407068,-3.996368906027122,-4.005651472360769,-0.00978924888112407,-0.013939967753244251,0.0010780916225453419,-0.010336226782094103,1.4240079011704079,-1.9037073544800307,4.435534671460847,-6.9994136130924804,-1.528879381591907
168.5,-57.16942513208801,-140.859982678143,-0.010823711530489522,-57.62926360970354,-140.33896040121382,-57.16942513208801,-140.859982678143,-57.01443620207015,-141.00379765978096,174.2093959098693,20.176525701725023,-4.168310690677741,-4.18301805876049,-0.010275358181163097,-0.014632191237332242,0.0016276144380159862,-0.010823711530489522,1.4240079011704079,-1.9089146756252833,4.436367660390674,-7.01319173233058,-1.5371326100621927
169.0,-57.310870288241105,-141.36005755899038,-0.01132635304677916,-57.78557389153427,-140.80169508997892,-57.310870288241105,-141.36005755899038,-57.14600523216668,-141.5085716195163,174.73103515528507,20.124634560042978,-4.34025247532836,-4.364587534568634,-0.01077673496590247,-0.015346155740264524,0.0014033201940752637,-0.01132635304677916,1.4240079011704079,-1.9142690609822945,4.437225953679688,-7.027027986464729,-1.5455016379613686
169.5,-57.45189871075789,-141.86051026315718,-0.011845138414904057,-57.941884173365,-141.264429778744,-57.45189871075789,-141.86051026315718,-57.27645209419556,-142.01401763443369,175.25304403078508,20.072743418360936,-4.512194259978979,-4.550666770364125,-0.011294358488240253,-0.016083255725905184,-0.0004470471817873645,-0.011845138414904057,1.4240079011704079,-1.91971693324942,4.437826753514712,-7.040924576029109,-1.55398654382754
170.0,-57.59287663013886,-142.36123015226343,-0.01238151853366786,-58.107537260862216,-141.71897364751857,-57.59287663013886,-142.36123015226343,-57.40617935907318,-142.52002253367968,175.77541378294978,20.018934018717466,-4.705275057091071,-4.7408354896717,-0.011829679784070228,-0.01684555748083185,-0.0030125269927994257,-0.01238151853366786,1.4240079011704079,-1.9252074893887476,4.436761762964789,-7.054883667998073,-1.5625873961516152
170.5,-57.73510724768776,-142.8618632253241,-0.01293100895477909,-58.28151443327397,-142.16621980685187,-57.73510724768776,-142.8618632253241,-57.536691317409584,-143.02618792993442,176.29813490500229,19.963415524105226,-4.917189911232704,-4.933187384168283,-0.012378212082338882,-0.017626671807613577,-0.007651767041857749,-0.01293100895477909,1.4240079011704079,-1.930692955930504,4.434692297050645,-7.068907394611893,-1.5713042535145236
171.0,-57.87829314328217,-143.36247308570944,-0.013480959844660594,-58.45549160568572,-142.61346596618517,-57.87829314328217,-143.36247308570944,-57.667608914876446,-143.5326077615015,176.8212036996431,19.907897029492982,-5.129104765374336,-5.123401851516977,-0.01292729469881213,-0.0184085697918668,-0.012324344941055,-0.013480959844660594,1.4240079011704079,-1.9361275964159432,4.428797352717352,-7.08299780616456,-1.580137159819085
171.5,-58.026573830061075,-143.8619305077809,-0.014011708339432717,-58.629468778097475,-143.06071212551848,-58.026573830061075,-143.8619305077809,-57.80377349627444,-144.03797339954323,177.34460354571416,19.85237853488074,-5.341019619515969,-5.303744571532464,-0.013457286710664814,-0.019163282604302223,-0.018301226753602604,-0.014011708339432717,1.4240079011704079,-1.9414625453199905,4.421854972365485,-7.097156921183312,-1.589086149775985
172.0,-58.17685971419351,-144.36104205596524,-0.014492586407275207,-58.80344595050923,-143.50795828485178,-58.17685971419351,-144.36104205596524,-57.94152325635714,-144.543253863155,177.86832887125382,19.796860040268495,-5.5529344736576025,-5.462328630639736,-0.013937510245826413,-0.019847124712700327,-0.023492358038602817,-0.014492586407275207,1.4240079011704079,-1.9467843040464499,4.409725871991322,-7.111386756399963,-1.5981512522017869
172.5,-58.337412186676744,-144.8573885893227,-0.014881902316205382,-58.97742312292098,-143.95520444418506,-58.337412186676744,-144.8573885893227,-58.09055393180153,-145.04562263411992,178.3923676365787,19.741341545656255,-5.764849327799235,-5.583246836002088,-0.014326282271906778,-0.020400739149592794,-0.02813800880911545,-0.014881902316205382,1.4240079011704079,-1.9520689218489429,4.397356316410216,-7.12568928873696,-1.6073324860768405
173.0,-58.5002045426457,-145.35324561429,-0.015130952083308159,-59.151400295332735,-144.40245060351836,-58.5002045426457,-145.35324561429,-58.241404513623856,-145.54777451599398,178.91670002287356,19.68582305104401,-5.976764181940868,-5.648235928532744,-0.014574903060780256,-0.020754777117343845,-0.03251486356882956,-0.015130952083308159,1.4240079011704079,-1.9572473944284927,4.380362720124563,-7.140066454140938,-1.6166298604577107
173.5,-58.67777123130119,-145.8445361845517,-0.01519255384231554,-59.32537746774449,-144.84969676285166,-58.67777123130119,-145.8445361845517,-58.40881185232548,-146.0449275538483,179.4413102586457,19.630304556431767,-6.188679036082501,-5.640036591640014,-0.014636183524369762,-0.02084204098168269,-0.03290396486269449,-0.01519255384231554,1.4240079011704079,-1.962258075952934,4.363406410703853,-7.154520146479789,-1.626043374363829
174.0,-58.85752595078179,-146.33523256290755,-0.01503247766900103,-59.50424092286835,-145.30099681715774,-58.85752595078179,-146.33523256290755,-58.57796958359469,-146.54176459435678,179.96618772447206,19.574592945721772,-6.307671691386638,-5.546660444652798,-0.014475917546742979,-0.02061382096325335,-0.03381185312057763,-0.01503247766900103,1.4240079011704079,-1.9670467062490982,4.345973427804146,-7.169052216498869,-1.6355730166469078
174.5,-59.05235570594567,-146.82066432653434,-0.01464010726329363,-59.71380226251256,-145.77776531180268,-59.05235570594567,-146.82066432653434,-58.76405211072597,-147.0327944301911,180.49130825121028,19.517668090503207,-5.842884181407795,-5.364949868183386,-0.014083474492808305,-0.02005497895369093,-0.030852104512724778,-0.01464010726329363,1.4240079011704079,-1.9715664006421645,4.328056841993169,-7.183664437645107,-1.6452187658216744
175.0,-59.24982185843977,-147.30519434341977,-0.01402780479880998,-59.92336360215677,-146.25453380644763,-59.24982185843977,-147.30519434341977,-58.95245147291598,-147.52314626822937,181.01665145586725,19.46074323528464,-5.378096671428954,-5.101828164592098,-0.013471221645609988,-0.019183126061766448,-0.027571365656479135,-0.01402780479880998,1.4240079011704079,-1.975777609736648,4.313685106072742,-7.198358558877155,-1.6549805899731174
175.5,-59.458729275173035,-147.78531216560444,-0.013232505213583982,-60.13292494180098,-146.7313023010926,-59.458729275173035,-147.78531216560444,-59.153563614579404,-148.008679511731,181.54219520733585,19.40381838006607,-4.913309161450112,-4.772652434184105,-0.012676092694089645,-0.018050856152352135,-0.023250137296152884,-0.013232505213583982,1.4240079011704079,-1.9796567968987606,4.29919723948493,-7.213136293770846,-1.6648584466099083
176.0,-59.67036107815276,-148.26438532906838,-0.012304514676230763,-60.34248628144519,-147.20807079573754,-59.67036107815276,-148.26438532906838,-59.357180099670245,-148.49333886952857,182.0679155845266,19.346893524847502,-4.44852165147127,-4.397447924299595,-0.011748386405335893,-0.016729795067201316,-0.017977078074199234,-0.012304514676230763,1.4240079011704079,-1.9833418519608372,4.289329154431352,-7.227999309033142,-1.6748522825288723
176.5,-59.88885776851825,-148.74062758904216,-0.011296410197696807,-60.5520476210894,-147.68483929038248,-59.88885776851825,-148.74062758904216,-59.56822548007723,-148.97500052930644,182.5937868602501,19.289968669628937,-3.983734141492429,-3.9966402874158913,-0.01074068592619278,-0.01529482162288832,-0.013225200098179924,-0.011296410197696807,1.4240079011704079,-1.986754982826436,4.280362515624931,-7.242949223713066,-1.6849620337112243
177.0,-60.10919163554761,-149.21613851415952,-0.010253951885567823,-60.76160896073361,-148.16160778502743,-60.10919163554761,-149.21613851415952,-59.7808419908936,-149.4561084101956,183.11978820378195,19.23304381441037,-3.518946631513587,-3.587661964033641,-0.009698743512317193,-0.013811087392964915,-0.008033317323560014,-0.010253951885567823,1.4240079011704079,-1.9898287353024833,4.275466192322397,-7.257987608472792,-1.6951876252475557
177.5,-60.33243097586737,-149.69040879595224,-0.009210600650930559,-60.97117030037782,-148.63837627967237,-60.33243097586737,-149.69040879595224,-59.996345012252235,-149.93603474089815,183.64587843863282,19.1761189591918,-3.0541591215347452,-3.1830243989048954,-0.008656025701534405,-0.012326248991719115,-0.004310033786905625,-0.009210600650930559,1.4240079011704079,-1.9925058058542604,4.271941053750219,-7.273115984914689,-1.7055289712934953
178.0,-60.556174983153824,-150.16448763481796,-0.008186586407549766,-61.183422381565016,-149.10662657960114,-60.556174983153824,-150.16448763481796,-60.211968218905255,-150.41598400125187,184.17203883590207,19.11773951701338,-2.662717572252141,-2.7896811250334883,-0.007632757841510656,-0.010869107474031562,-0.0010742720626734671,-0.008186586407549766,1.4240079011704079,-1.9947388703693296,4.2709470510398795,-7.288335842017458,-1.7159859911084037
178.5,-60.78038055089362,-150.6383634833443,-0.007186075736505692,-61.39803901844724,-149.56739130519813,-60.78038055089362,-150.6383634833443,-60.42771765102772,-150.89591220521805,184.69823174659786,19.0580818205601,-2.335730600379475,-2.4092104044117177,-0.006633097113939462,-0.009445582699480422,0.0004728678023002019,-0.007186075736505692,1.4240079011704079,-1.9964904281223008,4.270814664068727,-7.303648603258676,-1.7265585786783806
179.0,-61.00424642049691,-151.11237533072634,-0.0061995778966619786,-61.612655655329476,-150.0281560307951,-61.00424642049691,-151.11237533072634,-60.642705819401336,-151.37618753364524,185.22443034588903,18.998424124106823,-2.0087436285068083,-2.0384275818786834,-0.005647550586506879,-0.008042156657445367,0.0004981519527045135,-0.0061995778966619786,1.4240079011704079,-1.9977326615546005,4.271442879225547,-7.319055640291174,-1.737246616139632
179.5,-61.22782352320503,-151.58646276635648,-0.00520768246796682,-61.8272722922117,-150.48892075639208,-61.22782352320503,-151.58646276635648,-60.85704675879145,-151.85670791838945,185.75058808402576,18.938766427653544,-1.681756656634142,-1.6702512712111388,-0.004656701876287714,-0.006631180265228768,-0.0007202890421425635,-0.00520768246796682,1.4240079011704079,-1.9986566124371283,4.271336858627816,-7.334558273416071,-1.7480499747668186
180.0,-61.45174311778357,-152.06032805165003,-0.004182718439326568,-62.041888929093936,-150.94968548198904,-61.45174311778357,-152.06032805165003,-61.071537276553954,-152.33709121820337,186.2766816518312,18.87910873120026,-1.3547696847614754,-1.2948331658846108,-0.0036328782167033193,-0.005173247284575388,-0.0038959762425652307,-0.004182718439326568,1.4240079011704079,-1.9991804456106785,4.27068774331679,-7.350157771069691,-1.7589685150179972
180.5,-61.67587307916364,-152.53399289511907,-0.0030927330391638556,-62.25650556597616,-151.41045020758602,-61.67587307916364,-152.53399289511907,-61.28607760514378,-152.81732948026772,186.802663102625,18.819451034746983,-1.027782712888809,-0.9010576262076417,-0.002544126285191259,-0.003622855931687671,-0.0073475876018415575,-0.0030927330391638556,1.4240079011704079,-1.999245716886235,4.267253019341203,-7.365855349343934,-1.7700020865908306
181.0,-61.902983997341295,-153.00618678581682,-0.001906787480207161,-62.471122202858396,-151.871214933183,-61.902983997341295,-153.00618678581682,-61.503986093540085,-153.2958919375156,187.32850837853937,18.759793338293704,-0.7007957410161425,-0.4784518266443924,-0.0013595090952148866,-0.0019359516932990308,-0.011729731065070005,-0.001906787480207161,1.4240079011704079,-1.998806857960986,4.262987415025549,-7.381652528253058,-1.781150619650139
181.5,-62.131077581808334,-153.4777794711404,-0.0006008923265112012,-62.68573883974063,-152.33197965877997,-62.131077581808334,-153.4777794711404,-61.72297555684947,-153.77376239188277,187.8541695228323,18.700135641840426,-0.3738087691434764,-0.019246978177405158,-5.503931757175932e-05,-7.837642309721253e-05,-0.015411285654506083,-0.0006008923265112012,1.4240079011704079,-1.9978308712547375,4.254961550592203,-7.397550473311803,-1.7924139160113202
182.0,-62.36567626883415,-153.94614293699482,0.000834483175598253,-62.89590900066309,-152.79126391558023,-62.36567626883415,-153.94614293699482,-61.94961288237214,-154.24780563832562,188.3796232948969,18.656560679885647,0.23440504331941664,0.4799200888123107,0.0013788142377221357,0.0019634423687625744,-0.017614221355204608,0.000834483175598253,1.4240079011704079,-1.9962970486787337,4.246841458726293,-7.413550122633993,-1.8037917641269163
182.5,-62.60131925796228,-154.41381263745984,0.0023933165816412507,-63.10561054425002,-153.25039214469717,-62.60131925796228,-154.41381263745984,-62.17755022314166,-154.72095702735646,188.90482346809753,18.614680689017387,0.8722575570614823,1.0173524114569914,0.0029360282983933346,0.004180927494972017,-0.0192044470498367,0.0023933165816412507,1.4240079011704079,-1.9941967193374328,4.236508921840611,-7.429652470852167,-1.8152839610505962
183.0,-62.8454535011412,-154.8770525132287,0.004059574623034448,-63.31531208783696,-153.70952037381412,-62.8454535011412,-154.8770525132287,-62.41563199268467,-155.18876995943376,189.42974952558788,18.572800698149123,1.510110070803548,1.586962464191809,0.004600572274967348,0.006551251269459022,-0.01717993935091607,0.004059574623034448,1.4240079011704079,-1.991706786832309,4.226729191411874,-7.445858347014699,-1.8268902780467844
183.5,-63.09007589061695,-155.33979327549108,0.005809092446126695,-63.52501363142389,-154.16864860293106,-63.09007589061695,-155.33979327549108,-62.65453205605134,-155.65581469336817,189.95435903264536,18.530920707280863,2.1479625845456134,2.179968509305395,0.006348282205610485,0.009040004019648834,-0.015378241185385767,0.005809092446126695,1.4240079011704079,-1.9888575114337266,4.218519382520709,-7.462168642927927,-1.8386104944176975
184.0,-63.341614936728746,-155.79865362873636,0.0076153338326401705,-63.73471517501082,-154.627776832048,-63.341614936728746,-155.79865362873636,-62.901907692116254,-156.1180573872813,190.47863639904608,18.489040716412603,2.7858150982876793,2.7869305782430156,0.00815262362276869,0.01160940045409113,-0.011997732671876744,0.0076153338326401705,1.4240079011704079,-1.9854926738370855,4.210633167468059,-7.478584089232946,-1.8504443455605366
184.5,-63.59330795826473,-156.2571215237176,0.00945415801690561,-63.94441671859776,-155.08690506116497,-63.59330795826473,-156.2571215237176,-63.14990101150204,-156.5795451563901,191.0025453083739,18.447160725544343,3.4236676120297447,3.399388985445057,0.009989455108024244,0.014225063002213613,-0.009110212698356091,0.00945415801690561,1.4240079011704079,-1.9815669608452144,4.205966652755958,-7.4951054734847755,-1.862391591245596
185.0,-63.84887098943217,-156.71317059379953,0.011306382677668935,-64.15411826218468,-155.5460332902819,-63.84887098943217,-156.71317059379953,-63.40298490605667,-157.03783837570293,191.52607752615944,18.40528073467608,4.0615201257718105,4.010713456053249,0.011839592171783432,0.01685967279925492,-0.008221895937722932,0.011306382677668935,1.4240079011704079,-1.977055222415683,4.20110568399536,-7.511733493123887,-1.8744519886671092
185.5,-64.10473965476052,-157.16869177217745,0.013142968993964927,-64.35467766522564,-156.00504423318287,-64.10473965476052,-157.16869177217745,-63.65706893064446,-157.49510787137254,192.04920536215334,18.37345786615783,4.679233333138118,4.616121243207871,0.013673994836146694,0.01947187668723625,-0.007976998383285567,0.013142968993964927,1.4240079011704079,-1.9719451116296285,4.197373091815097,-7.5284688469005,-1.8866252803348493
186.0,-64.36339800528623,-157.62228904634333,0.014931403487649458,-64.53766576935351,-156.4638297506324,-64.36339800528623,-157.62228904634333,-63.91517896359238,-157.94966059987388,192.57193049710617,18.36096490206716,5.258238562821227,5.21200247663068,0.015460146769951081,0.0220153711536645,-0.009537267627931542,0.014931403487649458,1.4240079011704079,-1.9662368666969943,4.192772039407565,-7.545312362484555,-1.8989112884687047
186.5,-64.62311976255295,-158.07486625398454,0.016685830889737553,-64.72065387348137,-156.92261526808196,-64.62311976255295,-158.07486625398454,-64.17538720260073,-158.4025133729409,193.0942364479332,18.34847193797649,5.837243792504338,5.794768161633683,0.017212195143530718,0.024510301880874667,-0.011727887661977647,0.016685830889737553,1.4240079011704079,-1.960061186349634,4.187415651032807,-7.562264609623462,-1.911309724097455
187.0,-64.88626585446012,-158.52505471324943,0.018391649597492173,-64.90364197760924,-157.3814007855315,-64.88626585446012,-158.52505471324943,-64.44057377278754,-158.85201404991506,193.61613738033654,18.335978973885823,6.416249022187447,6.359557853144257,0.018915538862880055,0.02693587679563711,-0.014109799605315828,0.018391649597492173,1.4240079011704079,-1.9535085180313172,4.18053536601651,-7.579326102494645,-1.9238202863907337
187.5,-65.15179319660162,-158.97334473175823,0.02002763263152994,-65.08663008173711,-157.84018630298104,-65.15179319660162,-158.97334473175823,-64.70961308557135,-159.29870268486295,194.13763054161717,18.323486009795154,6.995254251870557,6.899314903271184,0.020548956174655367,0.02926187595351368,-0.0165267772535481,0.02002763263152994,1.4240079011704079,-1.9465701004664009,4.172705105074968,-7.5964972483491024,-1.9364426976242841
188.0,-65.42152169386874,-159.4186370959305,0.021566050827294844,-65.26961818586497,-158.29897182043058,-65.42152169386874,-159.4186370959305,-64.98474557743994,-159.74125530216892,194.65874502179378,18.310993045704485,7.574259481553668,7.404840805892416,0.022084721697352074,0.031448818192178894,-0.018097639073015502,0.021566050827294844,1.4240079011704079,-1.939174383466597,4.163318336485295,-7.613778443799991,-1.9491766369420653
188.5,-65.69492380720752,-159.8610636390137,0.022976449024375515,-65.45260628999284,-158.75775733788012,-65.69492380720752,-159.8610636390137,-65.26544619884879,-160.17980306780098,195.1794941150211,18.298500081613817,8.153264711236778,7.866075151762984,0.023492384844771567,0.03345334163629066,-0.019078812433899296,0.022976449024375515,1.4240079011704079,-1.9312568321375845,4.153870077083985,-7.631170090951278,-1.9620217834519467
189.0,-65.97247979537521,-160.30032779968872,0.02423216118680679,-65.63559439412072,-159.21654285532966,-65.97247979537521,-160.30032779968872,-65.55236998113425,-160.61398075021313,195.6999239889296,18.28600711752315,8.732269940919888,8.27427968592857,0.024745283160725242,0.03523747873757179,-0.01911564522479581,0.02423216118680679,1.4240079011704079,-1.9228212259356376,4.143480279107045,-7.648672457195246,-1.9749778254800132
189.5,-66.25441611401747,-160.7360496819998,0.025246901073373365,-65.79483343286633,-159.67900004602254,-66.25441611401747,-160.7360496819998,-65.84586508901478,-161.0433335555663,196.22006593365705,18.298140970600645,8.993988148655568,8.624053528385165,0.02575713209381363,0.0366783596130805,-0.017909061178491687,0.025246901073373365,1.4240079011704079,-1.913883884661294,4.134017442472753,-7.666285761407131,-1.9880444177069139
190.0,-66.53960248261541,-161.1690240897813,0.026056811079132134,-65.94620030381178,-160.1426742963097,-66.53960248261541,-161.1690240897813,-66.1446725334205,-161.46879771235277,196.73998489826758,18.318437942268783,9.150534357519408,8.91397900721852,0.026564077085888912,0.0378274556576056,-0.01596829620107026,0.026056811079132134,1.4240079011704079,-1.904534153301893,4.124900588623413,-7.684010191807671,-2.001221187039603
190.5,-66.82877648218107,-161.59855083959212,0.026688871470381313,-66.09756717475722,-160.60634854659688,-66.82877648218107,-161.59855083959212,-66.4497195784552,-161.889558887421,197.259731586719,18.338734913936918,9.307080566383249,9.145288743915806,0.027193097279754563,0.03872318538366602,-0.012352369406366031,0.026688871470381313,1.4240079011704079,-1.8949254302632454,4.117472409710773,-7.701845847957416,-2.014507781432643
191.0,-67.11970755174987,-162.02628010070885,0.027147714307252414,-66.24893404570265,-161.07002279688407,-67.11970755174987,-162.02628010070885,-66.75843127361517,-162.30757481380508,197.7793908217966,18.359031885605056,9.463626775247088,9.319149091145198,0.02764882677428901,0.03937214778467947,-0.008466192851955032,0.027147714307252414,1.4240079011704079,-1.8850672531940578,4.112117423673758,-7.719792768763212,-2.0279038462610073
191.5,-67.41285883091072,-162.45180434522928,0.027430073823733078,-66.40030091664809,-161.53369704717124,-67.41285883091072,-162.45180434522928,-67.07139153419311,-162.72238842621525,198.29903345024272,18.379328857273194,9.620172984110928,9.43406935528728,0.027927995609725812,0.03976968641210202,-0.0033688686184629537,0.027430073823733078,1.4240079011704079,-1.8749832817085201,4.1087205847548525,-7.737850980191508,-2.0414089827968396
192.0,-67.70614204358981,-162.87675739038886,0.027522801667243777,-66.55166778759354,-161.99737129745841,-67.70614204358981,-162.87675739038886,-67.38617183916136,-163.13594954684015,198.8187644989201,18.39962582894133,9.776719192974769,9.485205527021781,0.02801746015292878,0.03989708462849765,0.001294942840771274,0.027522801667243777,1.4240079011704079,-1.864687388084453,4.108640255240002,-7.756020466574207,-2.055022803769412
192.5,-67.99895127666575,-163.30163949759253,0.027408781795791846,-66.70303465853898,-162.46104554774558,-67.99895127666575,-163.30163949759253,-67.70207582638818,-163.54887907800958,199.33867485701035,18.419922800609466,9.933265401838607,9.466323840462053,0.02790009911360812,0.03972996158121546,0.005666461270880577,0.027408781795791846,1.4240079011704079,-1.8540745284681808,4.110058200178795,-7.774301118297815,-2.0687449323618496
193.0,-68.29072425764413,-163.7269796875144,0.027073923574511126,-66.84941189056946,-162.93010401581634,-68.29072425764413,-163.7269796875144,-68.01844542309237,-163.96183577461392,199.85888919620473,18.44182704405129,9.99954112616616,9.37380370414649,0.027561824649785533,0.039248256071967906,0.009115289201769806,0.027073923574511126,1.4240079011704079,-1.8431612076385708,4.1144871528514235,-7.792692804705378,-2.0825749515413965
193.5,-68.57963649768091,-164.15425800237512,0.026509696189812113,-66.9695673954144,-163.4274578159211,-68.57963649768091,-164.15425800237512,-68.3331234438487,-164.37660045191723,200.37951740634182,18.47217787905635,9.591424202295821,9.210965046545992,0.026994104839865713,0.03843981857699112,0.011146220770855492,0.026509696189812113,1.4240079011704079,-1.8319750100513066,4.119460400331022,-7.81119535015759,-2.0965124361552463
194.0,-68.86716320947899,-164.58247727491113,0.02578185746135713,-67.08972290025933,-163.92481161602586,-68.86716320947899,-164.58247727491113,-68.6478208083675,-164.7920415947077,200.90069557163469,18.50252871406141,9.183307278425481,8.990864749130628,0.026262695047144215,0.0373982852531623,0.012549331754447323,0.02578185746135713,1.4240079011704079,-1.8205702771638717,4.125983482240585,-7.829808703527921,-2.110556921211692
194.5,-69.15065511603079,-165.01375697502715,0.024958855610907358,-67.20987840510426,-164.4221654161306,-69.15065511603079,-165.01375697502715,-68.95938502868519,-165.2106947165734,201.4225624346268,18.532879549066465,8.775190354555141,8.736458111982644,0.025436045472255944,0.036221129727022246,0.012358688135103366,0.024958855610907358,1.4240079011704079,-1.8089835386310684,4.132408451606377,-7.848532564356666,-2.1247079694752524
195.0,-69.43296125915073,-165.44610568144944,0.024129676724379906,-67.3300339099492,-164.91951921623536,-69.43296125915073,-165.44610568144944,-69.2711255451067,-165.63025777428876,201.9452640884273,18.563230384071524,8.367073430684801,8.478082962140064,0.024603140841844052,0.03503506695239429,0.012209056786120718,0.024129676724379906,1.4240079011704079,-1.797252997158895,4.138741997850765,-7.867366579064071,-2.1389651350571928
195.5,-69.7114168451318,-165.8816399879145,0.023390211287117893,-67.45018941479414,-165.41687301634013,-69.7114168451318,-165.8816399879145,-69.57986356757296,-166.0532591621262,202.46895307003567,18.593581219076583,7.958956506814462,8.248865442242483,0.023859873070549157,0.03397664777338504,0.011215742105265845,0.023390211287117893,1.4240079011704079,-1.7854177307567662,4.145022234677501,-7.886310353216362,-2.153327968067209
196.0,-69.98885746550818,-166.31842854398718,0.02282661189535015,-67.57034491963907,-165.91422681644488,-69.98885746550818,-166.31842854398718,-69.88889578301412,-166.47746158692306,202.9937873286695,18.623932054081642,7.550839582944122,8.078986526551695,0.02329239394801018,0.03316855301914028,0.010502915053633141,0.02282661189535015,1.4240079011704079,-1.773488297866662,4.150343503651766,-7.905363422403633,-2.167795996130987
196.5,-70.26336498688507,-166.75802263601474,0.02249898829912177,-67.690500424484,-166.41158061654966,-70.26336498688507,-166.75802263601474,-70.19593595666358,-166.90472125807753,203.51992907481463,18.654282889086698,7.142722659073782,7.9899561861902075,0.02296081402007835,0.03269638058189585,0.010316833262377484,0.02249898829912177,1.4240079011704079,-1.7614747658029122,4.1558983309982676,-7.924525263286495,-2.182368736997084
197.0,-70.53678444588982,-167.19923884921394,0.022450933684185593,-67.76902377538238,-166.9186474583479,-70.53678444588982,-167.19923884921394,-70.503138878656,-167.33367361553192,204.04754351766258,18.675909083224866,7.435100135765423,7.9903247671935675,0.022908725556678187,0.03262220619845419,0.010504069720671682,0.022450933684185593,1.4240079011704079,-1.749407376128011,4.161044963599146,-7.943795317246656,-2.1970457087498376
197.5,-70.8077240368616,-167.64322267795714,0.022642767758168144,-67.8455778498347,-167.4261737446479,-70.8077240368616,-167.64322267795714,-70.80886691042268,-167.76569129853775,204.57679750053424,18.697122586014384,7.760612269034947,8.074111838704187,0.02309644879279203,0.03288952556991358,0.011300421224922388,0.022642767758168144,1.4240079011704079,-1.7373310821953378,4.166811240835781,-7.963172974742644,-2.2118264196242343
198.0,-71.07715361614741,-168.08941379462078,0.02301810166397473,-67.92213192428703,-167.9337000309479,-71.07715361614741,-168.08941379462078,-71.11427515916839,-168.20013860236065,205.10785804576741,18.718336088803902,8.086124402304472,8.22248435949626,0.02346759445137154,0.03341803992021589,0.012589120621690209,0.02301810166397473,1.4240079011704079,-1.725338124437825,4.172810720916896,-7.982657578394479,-2.2267103439506313
198.5,-71.34399097367229,-168.53870756671716,0.02349781496214022,-67.99868599873935,-168.4412263172479,-71.34399097367229,-168.53870756671716,-71.4181153181287,-168.63809216957796,205.64089082234716,18.73954959159342,8.411636535573997,8.408095569915325,0.023943042849225854,0.03409508219535925,0.013868829216521505,0.02349781496214022,1.4240079011704079,-1.7134328952259814,4.1799467446846075,-8.002248425195932,-2.241696905602111
199.0,-71.60841416597813,-168.9910743694289,0.023995242875103684,-68.07524007319168,-168.9487526035479,-71.60841416597813,-168.9910743694289,-71.72062783929182,-169.07954119992596,206.17605855123563,18.760763094382938,8.737148668843522,8.600692474569176,0.024436129649546886,0.034797241694979233,0.01531284325893993,0.023995242875103684,1.4240079011704079,-1.7016184096688196,4.1873226523476825,-8.021944755945972,-2.2567855811409845
199.5,-71.87009026606762,-169.4468577857717,0.024431613424738808,-68.151794147644,-169.4562788898479,-71.87009026606762,-169.4468577857717,-72.02145289396273,-169.52491543617126,206.71351267530108,18.781976597172456,9.062660802113047,8.772531291725462,0.024868084585014646,0.03541234893603488,0.01612753032349652,0.024431613424738808,1.4240079011704079,-1.6898958109780648,4.196011800220398,-8.041745769206564,-2.271975799921356
200.0,-72.12824387919481,-169.90665231298743,0.02474774582928262,-68.22834822209633,-169.9638051761479,-72.12824387919481,-169.90665231298743,-72.31970617059642,-169.97494149511428,207.25341697829845,18.803190099961974,9.388172935382572,8.902543154418323,0.025179726817501347,0.035856129937434325,0.016819925777548265,0.02474774582928262,1.4240079011704079,-1.6782914206051296,4.204302517532545,-8.06165060665645,-2.287267020971075
200.5,-72.38402531784641,-170.36979185485362,0.024906016376456806,-68.27130968408088,-170.47692004943693,-72.38402531784641,-170.36979185485362,-72.61676121052453,-170.42886443467796,207.79590319436105,18.825951531877283,9.368512335062233,8.978587010565615,0.025333437494762134,0.036075015156347943,0.016956669165402026,0.024906016376456806,1.4240079011704079,-1.666810342713653,4.213773724377139,-8.081658390917136,-2.3026585764518788
201.0,-72.6352376349157,-170.83776034883016,0.02490145174007697,-68.30357161605129,-170.99181493475336,-72.6352376349157,-170.83776034883016,-72.91004368988793,-170.8884596746249,208.3411175165978,18.849205992257023,9.238911311779832,8.997515645844446,0.025324243998413345,0.036061923544907885,0.01740086253064759,0.02490145174007697,1.4240079011704079,-1.6554525708840777,4.222282340094762,-8.101768169580279,-2.318149891659132
201.5,-72.88494253114756,-171.30867398279477,0.024747332297927836,-68.33583354802171,-171.50670982006983,-72.88494253114756,-171.30867398279477,-73.20315545216437,-171.35154079813918,208.88917077740655,18.872460452636762,9.109310288497431,8.963164543619529,0.02516542801001987,0.03583576832260339,0.018554888929574805,0.024747332297927836,1.4240079011704079,-1.6442250365598647,4.232283021768222,-8.121978937569825,-2.333740398687954
202.0,-73.12869580896832,-171.78535979378228,0.024465874601877234,-68.36809547999212,-172.0216047053863,-73.12869580896832,-171.78535979378228,-73.49085809163319,-171.8214630894223,209.44017834952925,18.8957149130165,8.97970926521503,8.883074659428598,0.024879214034697547,0.03542819736031901,0.019093366975592108,0.024465874601877234,1.4240079011704079,-1.6331619068154892,4.24210527679673,-8.142289642130622,-2.3494295180994476
202.5,-73.37107914701636,-172.2650280205776,0.024080283823616162,-68.40035741196253,-172.53649959070273,-73.37107914701636,-172.2650280205776,-73.7785234034273,-172.29497277662622,209.99423573728365,18.918969373396244,8.85010824193263,8.765211853049504,0.02448879800865128,0.03487224185448557,0.021720489135718703,0.024080283823616162,1.4240079011704079,-1.622238792698965,4.2527618402957135,-8.162699208941618,-2.3652166041317493
203.0,-73.60666272288175,-172.75097981547293,0.023608629043383515,-68.43261934393294,-173.0513944760192,-73.60666272288175,-172.75097981547293,-74.05973789190274,-172.7759803428783,210.55142261879325,18.942223833775984,8.720507218650228,8.615787255892705,0.024012260059294126,0.03419364804939344,0.023573371421547033,0.023608629043383515,1.4240079011704079,-1.6114276140757056,4.265495361599083,-8.183206521636194,-2.3811009950060003
203.5,-73.83885647194877,-173.24113083515215,0.023062082142506338,-68.46488127590337,-173.56628936133566,-73.83885647194877,-173.24113083515215,-74.3384819056187,-173.26205850876588,211.11180152984625,18.965478294155723,8.590906195367827,8.438586847718575,0.023460762601449147,0.0334083113119468,0.027902376586422112,0.023062082142506338,1.4240079011704079,-1.6007546986301426,4.278277104871025,-8.203810395330994,-2.3970820882473984
204.0,-74.06405054092531,-173.7375646309548,0.022445705038634856,-68.47412036094231,-174.083629194308,-74.06405054092531,-173.7375646309548,-74.61047213998816,-173.75568125207676,211.67541120815088,18.988906492838154,8.379740357614683,8.235389988431109,0.022839377262885333,0.03252345368016048,0.031373360703074976,0.022445705038634856,1.4240079011704079,-1.5903085587394246,4.295809396040282,-8.22450958960764,-2.4131592598394196
204.5,-74.28111403042303,-174.24063659447572,0.02176099585827981,-68.46542127833592,-174.60287399937468,-74.28111403042303,-174.24063659447572,-74.87433707252819,-174.2572870293786,212.24228844457235,19.012470059088702,8.105023590634907,8.006514522256479,0.022149626609799234,0.031541243300328425,0.03734961639548704,0.02176099585827981,1.4240079011704079,-1.580085014654251,4.312572178597852,-8.245302824055706,-2.4293318641891983
205.0,-74.49166707620243,-174.74948965765174,0.021005865614404783,-68.45672219572954,-175.12211880444133,-74.49166707620243,-174.74948965765174,-75.13193723668329,-174.7658852665424,212.81242571680855,19.03603362533925,7.830306823655133,7.750876085371192,0.021389363802576406,0.030458623055877123,0.0425474777591102,0.021005865614404783,1.4240079011704079,-1.5700766423200405,4.336794896311659,-8.266188837345155,-2.445599135740531
205.5,-74.68632442017503,-175.26827333051878,0.02017277035065854,-68.44802311312314,-175.641363609508,-74.68632442017503,-175.26827333051878,-75.37218115214583,-175.2863725880937,213.38581198121256,19.059597191589795,7.555590056675358,7.465554507229704,0.020551079285937385,0.02926489928075434,0.046728665429433526,0.02017277035065854,1.4240079011704079,-1.5602754959792766,4.359581754510822,-8.287166253037888,-2.4619604154172667
206.0,-74.875496452224,-175.79190079138692,0.01924836865432042,-68.43932403051676,-176.16060841457465,-74.875496452224,-175.79190079138692,-75.60726146483142,-175.8127761825647,213.96240927296893,19.083160757840343,7.280873289695583,7.145477861681475,0.019621430225057482,0.027941071672745708,0.05492455872732654,0.01924836865432042,1.4240079011704079,-1.5506793388182196,4.388669808490206,-8.308233652122356,-2.478415029802356
206.5,-75.04168813482435,-176.32740978657583,0.018215477937652474,-68.43062494791037,-176.6798532196413,-75.04168813482435,-176.32740978657583,-75.81653535248998,-176.35338391062098,214.54215786459832,19.106724324090887,7.006156522715807,6.784115321892856,0.018583210513892036,0.026462638600895254,0.05263961631558451,0.018215477937652474,1.4240079011704079,-1.5412636266077295,4.420919549191481,-8.329389573946907,-2.494962290814944
207.0,-75.19848012639983,-176.868463609794,0.01705867505770669,-68.42192586530398,-177.19909802470798,-75.19848012639983,-176.868463609794,-76.01591321840239,-176.9007450469482,215.1249761606779,19.130287890341435,6.731439755736033,6.37554405452912,0.017421046483220334,0.024807707838762703,0.05498055260370585,0.01705867505770669,1.4240079011704079,-1.5319984562640934,4.44789488692461,-8.350632572773248,-2.511601435435928
207.5,-75.33708929828347,-177.41809708901044,0.015773810254536447,-68.40215899050308,-177.72113736500881,-75.33708929828347,-177.41809708901044,-76.19498804834778,-177.45842984426224,215.71076080320384,19.153232799136358,6.327195236950627,5.917491329264569,0.016130708962455224,0.02297025701401655,0.05533987214281971,0.015773810254536447,1.4240079011704079,-1.5230010699624574,4.482997758693242,-8.371961135842145,-2.5283317353390187
208.0,-75.45690624726166,-177.97520742861616,0.01437454890881959,-68.3592900109046,-178.24900981499462,-75.45690624726166,-177.97520742861616,-76.35296186208731,-178.02513617438277,216.29938698910502,19.174886367334853,5.65258390572224,5.414363875678082,0.014725899816454288,0.020969797690474766,0.05760521939453946,0.01437454890881959,1.4240079011704079,-1.5143131860888248,4.510856183483078,-8.393373681759247,-2.545152460590431
208.5,-75.56577791306842,-178.5374389728368,0.012894480142560007,-68.31642103130612,-178.77688226498046,-75.56577791306842,-178.5374389728368,-76.49897917057935,-178.59808344745835,216.89070899857538,19.196539935533348,4.9779725744938546,4.879122973756576,0.013240239798287885,0.018854206086152837,0.06617520478248656,0.012894480142560007,1.4240079011704079,-1.505932055254168,4.5487699841990015,-8.414868592756498,-2.562062865038041
209.0,-75.64397145257975,-179.10828429749603,0.011392397932621518,-68.27355205170764,-179.30475471496626,-75.64397145257975,-179.10828429749603,-76.60973373004954,-179.18136736514174,217.48456093003807,19.218193503731843,4.303361243265469,4.333257841521915,0.011732468796070646,0.016707128265839862,0.06323389184299838,0.011392397932621518,1.4240079011704079,-1.4978503311774372,4.58686839913365,-8.436444229841566,-2.579062168465542
209.5,-75.71030079513869,-179.682773675327,0.00994365927613407,-68.23068307210916,-179.83262716495207,-75.71030079513869,-179.682773675327,-76.70726795253042,-179.76912504382807,218.0807576347445,19.23984707193034,3.6287499120370823,3.8046245291244403,0.010277999024085686,0.014635951818519758,0.06996747341665363,0.00994365927613407,1.4240079011704079,-1.4900440086113458,4.6218307163754915,-8.458098947535822,-2.5961495392330165
210.0,-75.74882433993346,-180.26296748237164,0.008629215340137124,-68.18781409251068,-180.3604996149379,-75.74882433993346,-180.26296748237164,-76.77273928912047,-180.363762851241,218.67909584129268,19.261500640128833,2.954138580808696,3.32336667465835,0.0089577311078579,0.012755879874149601,0.07125572818574669,0.008629215340137124,1.4240079011704079,-1.4824465567275356,4.667955410295019,-8.479831022794247,-2.6133241870085633
210.5,-75.76203664365214,-180.84634877941943,0.0075209306199061025,-68.1449451129122,-180.88837206492371,-75.76203664365214,-180.84634877941943,-76.80900327588618,-180.9623023598152,219.27935545777285,19.28315420832733,2.27952724958031,2.9165404285394665,0.007843535242119991,0.011169256157887416,0.07408527269810375,0.0075209306199061025,1.4240079011704079,-1.4750478044834425,4.704913630280716,-8.501638700137192,-2.6305853062032143
211.0,-75.75756505650918,-181.4322175697416,0.00666684412791597,-68.09891239685366,-181.40751399444434,-75.75756505650918,-181.4322175697416,-76.82496652336631,-181.56390467355044,219.8813010368558,19.305138231562324,1.7333591477607093,2.6026629179951524,0.006983483205787239,0.009944535262731879,0.08163161506947415,0.00666684412791597,1.4240079011704079,-1.4678582385814287,4.754585357716654,-8.523520194677065,-2.6479320800698147
211.5,-75.71254334524139,-182.01858021759105,0.0060807893877813015,-68.03673875333206,-181.88211406678957,-75.71254334524139,-182.01858021759105,-76.79367593557423,-182.16621222757502,220.4846833869796,19.328808188768537,1.8424898912138237,2.387826208540718,0.006391349428797378,0.00910133208574844,0.0691871587931942,0.0060807893877813015,1.4240079011704079,-1.4610081907032164,4.800741749296992,-8.545473757373385,-2.66536362797509
212.0,-75.6536920066997,-182.6048194622682,0.005742745215805331,-67.97456510981046,-182.3567141391348,-75.6536920066997,-182.6048194622682,-76.74653158275055,-182.76849066285456,221.08924131089822,19.352478145974754,1.9516206346669378,2.264766366865878,0.0060471429548814145,0.0086111793472581,0.06351268228013449,0.005742745215805331,1.4240079011704079,-1.4544958427024894,4.8361376870829735,-8.567497546529118,-2.682879094702194
212.5,-75.56694433237372,-183.1891381565859,0.005602152692922805,-67.91239146628885,-182.83131421148005,-75.56694433237372,-183.1891381565859,-76.66696315634218,-183.36862148380305,221.6947034512634,19.376148103180967,2.060751378120052,2.2151808149156826,0.005900302674268514,0.008402077627455252,0.05508903560925989,0.005602152692922805,1.4240079011704079,-1.448310927043116,4.875672865850325,-8.58958968253622,-2.700477620564032
213.0,-75.46157045646167,-183.77095464293396,0.005591659264736551,-67.85021782276725,-183.30591428382527,-75.46157045646167,-183.77095464293396,-76.56586711262173,-183.965919556347,222.30079022164918,19.39981806038718,2.1698821215731665,2.2142543532500514,0.005883451710736629,0.008378081722243512,0.04536960491539819,0.005591659264736551,1.4240079011704079,-1.4424340979264527,4.901307417247362,-8.611748257570449,-2.7181583316585547
213.5,-75.34476381005295,-184.35117927203302,0.005640558657547989,-67.78804417924563,-183.7805143561705,-75.34476381005295,-184.35117927203302,-76.45170448424534,-184.56145741983968,222.90721580051567,19.423488017593396,2.2790128650262806,2.235680761918859,0.005925914016710775,0.008438548381452611,0.04347589987649188,0.005640558657547989,1.4240079011704079,-1.436821554343544,4.9293680237533,-8.633971361307541,-2.7359202984041042
214.0,-75.20674285057392,-184.9268999690783,0.0056858360050171175,-67.72587053572403,-184.25511442851572,-75.20674285057392,-184.9268999690783,-76.31296940625666,-185.1518118183731,223.51369016505708,19.44715797479961,2.3881436084793948,2.2557938209537003,0.005964679579481459,0.008493750849131383,0.031915076720476665,0.0056858360050171175,1.4240079011704079,-1.4313455955772112,4.952787920549482,-8.656257058923009,-2.7537625741973386
214.5,-75.06290981826048,-185.50094871067785,0.005679352083046115,-67.66369689220242,-184.72971450086098,-75.06290981826048,-185.50094871067785,-76.16778398828865,-185.74031722118113,224.11992114169783,19.470827932005825,2.497274351932509,2.256330607588975,0.0059516022194841915,0.008475128585168825,0.025723010160989396,0.005679352083046115,1.4240079011704079,-1.425973810733333,4.9671623401442835,-8.67860336130693,-2.7716842471850547
215.0,-74.908557535114,-186.07186088879035,0.005592075673995137,-67.59839925481272,-185.20440865963727,-74.908557535114,-186.07186088879035,-76.01060938866304,-186.32525236793137,224.72561645018598,19.493736875049702,2.550240967157751,2.2259453928239217,0.005857661976418394,0.008341356936805261,0.0223835305896571,0.005592075673995137,1.4240079011704079,-1.420931743888369,4.983230179271279,-8.701008256531095,-2.789684394139997
215.5,-74.74665912958774,-186.6399178037036,0.005415746141552343,-67.51969663511633,-185.6795065410189,-74.74665912958774,-186.6399178037036,-75.84493792361067,-186.90694844292824,225.33048571877723,19.513380324686114,2.362208663385772,2.160726194429712,0.005674593005947232,0.008080665276395194,0.01921416333929721,0.005415746141552343,1.4240079011704079,-1.4162358774035595,4.993621455071512,-8.723469723629709,-2.8077621003094633
216.0,-74.58094413972198,-187.20590609732835,0.005157092213704432,-67.44099401541995,-186.15460442240052,-74.58094413972198,-187.20590609732835,-75.6751467443343,-187.4863292796141,225.93424244889002,19.533023774322526,2.1741763596137926,2.0637927861762564,0.005409126432856276,0.007702638778817041,0.021511644268963372,0.005157092213704432,1.4240079011704079,-1.4118841472416164,5.005919625312077,-8.745985817376537,-2.825916583608904
216.5,-74.4057525914376,-187.76776927854206,0.004839997644425122,-67.36229139572356,-186.62970230378215,-74.4057525914376,-187.76776927854206,-75.4945619586353,-188.06097210044302,226.536600438693,19.552667223958938,1.9861440558418133,1.9440830123643,0.005085138519343622,0.007241277430091307,0.02120143340285849,0.004839997644425122,1.4240079011704079,-1.407865102327084,5.018974783970602,-8.768554452481382,-2.8441468710782187
217.0,-74.22614049000173,-188.32669115528398,0.0044986692241638674,-67.28358877602717,-187.10480018516378,-74.22614049000173,-188.32669115528398,-75.30911346742518,-188.63226486240558,227.1372984758035,19.57231067359535,1.798111752069834,1.8145648979177025,0.0047368355105869035,0.006745291193620314,0.02665482485304817,0.0044986692241638674,1.4240079011704079,-1.4041097334726151,5.030847086033697,-8.79117352335637,-2.862451977185016
217.5,-74.03864992513095,-188.88128456431016,0.0041720945195460515,-67.20488615633077,-187.5798980665454,-74.03864992513095,-188.88128456431016,-75.1147135143053,-189.19857012996607,227.73606054148036,19.59195412323176,1.6100794482978547,1.6901567460329225,0.004403231031007055,0.006270235778832767,0.0316258230288994,0.0041720945195460515,1.4240079011704079,-1.4005087332152935,5.0502579952836815,-8.813840904939488,-2.880830904042663
218.0,-73.83872637131799,-189.4293636825029,0.0038983884090360754,-67.12618353663439,-188.05499594792704,-73.83872637131799,-189.4293636825029,-74.90598514188069,-189.75731095480918,228.33264556236597,19.61159757286817,1.4220471445258756,1.5855474111503982,0.004122429970675652,0.005870372850263822,0.037596487537546235,0.0038983884090360754,1.4240079011704079,-1.3970479033389323,5.067810202716688,-8.836554453411582,-2.899282641637286
218.5,-73.63333390121187,-189.97323809860373,0.003708867267763036,-67.047480916938,-188.53009382930867,-73.63333390121187,-189.97323809860373,-74.69110576911658,-190.31120002387448,228.9268006683899,19.631241022504582,1.2340148407538962,1.5129389766666832,0.003925779484546175,0.005590341004246444,0.045641559538187285,0.003708867267763036,1.4240079011704079,-1.3939201151895644,5.094100145007923,-8.859312006819549,-2.9178061680519347
219.0,-73.40662828782052,-190.50584597200628,0.0036261914284121226,-66.96682599243958,-189.00581788539318,-73.40662828782052,-190.50584597200628,-74.45142439831,-190.8519264666001,229.5183106639599,19.641345069360607,1.109932812477279,1.479834416445261,0.003835929990167856,0.005462394614335552,0.03923105291047772,0.0036261914284121226,1.4240079011704079,-1.3911999726864996,5.1207633617638,-8.88211140960398,-2.9364004298044746
219.5,-73.17463737314206,-191.03331823216826,0.0036648941587107985,-66.87779377514433,-189.4842288420184,-73.17463737314206,-191.03331823216826,-74.20579277625244,-191.38670253179197,230.10695098613328,19.610515769069405,1.2602598732470298,1.4873024736358,0.003867419370893377,0.0055072357412916575,0.0334880360038226,0.0036648941587107985,1.4240079011704079,-1.3888937710249472,5.139392830784658,-8.904950498569612,-2.955064452826062
220.0,-72.93050415710894,-191.552273439449,0.0037934560706208223,-66.78876155784906,-189.96263979864364,-72.93050415710894,-191.552273439449,-73.94614577191922,-191.91155188344297,230.6925368616857,19.579686468778203,1.4105869340167805,1.5291415821085446,0.003988744625529529,0.0056800038625050495,0.027790063371679684,0.0037934560706208223,1.4240079011704079,-1.3869953730276976,5.159274430046809,-8.927827060812008,-2.9737971869542497
220.5,-72.68022014557802,-192.0650316945201,0.003978218528432861,-66.69972934055379,-190.44105075526886,-72.68022014557802,-192.0650316945201,-73.67953936746524,-192.42920792571124,231.27487594159416,19.548857168487,1.5609139947865311,1.5921524053700868,0.004166217034524154,0.005932725975153141,0.01848132712247177,0.003978218528432861,1.4240079011704079,-1.385350977669897,5.171151451650724,-8.950738867737607,-2.992597570958028
221.0,-72.42645292345976,-192.57280928165994,0.004170017015562824,-66.61069712325853,-190.9194617118941,-72.42645292345976,-192.57280928165994,-73.4091220823155,-192.9411067263335,231.85381712961953,19.518027868195798,1.7112410555562818,1.6574233108381602,0.004350724417271538,0.006195465946009689,0.012753326312783359,0.004170017015562824,1.4240079011704079,-1.383852124226942,5.180298277725912,-8.97368367581487,-3.011464532692367
221.5,-72.16957140877616,-193.0755399346682,0.004309712996092737,-66.52166490596326,-191.3978726685193,-72.16957140877616,-193.0755399346682,-73.13533834526085,-193.4471756817508,232.4292028881308,19.487198567904596,1.8615681163260325,1.7024618751577565,0.004483101525713626,0.006383971994365314,0.0058983898196467675,0.004309712996092737,1.4240079011704079,-1.382509293321195,5.185571157341849,-8.996659227410568,-3.0303969892541476
222.0,-71.91330285692129,-193.57510314518927,0.004335688133510571,-66.432632688668,-191.87628362514454,-71.91330285692129,-193.57510314518927,-72.86258044701381,-193.94963019819977,233.00091774225808,19.456369267613393,2.0118951770957834,1.7041254923474844,0.004501714750956447,0.006410477374177355,0.0015015033757051362,0.004335688133510571,1.4240079011704079,-1.381468965101964,5.1869185551256685,-9.019663258138282,-3.049393833389052
222.5,-71.65794892999321,-194.0715394923702,0.004193277867376317,-66.34360047137272,-192.35469458176976,-71.65794892999321,-194.0715394923702,-72.59120400997288,-194.44851969891272,233.56884026962422,19.42553996732219,2.1622222378655342,1.6422065692084964,0.004351926839734706,0.0061971782050977845,-0.00034143439889493504,0.004193277867376317,1.4240079011704079,-1.3808582629746022,5.18724673247885,-9.042693502115007,-3.068453924413738
223.0,-71.40430175146584,-194.56519995803492,0.003850332008150149,-66.25393075527397,-192.83303707140277,-71.40430175146584,-194.56519995803492,-72.32213220629043,-194.94425491419946,234.13289130049148,19.38095928382336,2.1941093099103495,1.5030736595039118,0.004001563617443703,0.005698258208275872,-0.0010918117821588098,0.003850332008150149,1.4240079011704079,-1.380694438628846,5.186532330984585,-9.065747644706125,-3.0875761530169394
223.5,-71.15265351641536,-195.0561573269619,0.0033064563423431275,-66.16152554719213,-193.3110857708243,-71.15265351641536,-195.0561573269619,-72.05568890671091,-195.43691456815327,234.6929856189112,19.277371746798398,1.7177732482669312,1.2821686027971053,0.0034502414871509153,0.004913171138648842,-0.00044389932716313847,0.0033064563423431275,1.4240079011704079,-1.3809808479770114,5.186039680608523,-9.088823374476608,-3.10675939796918
224.0,-70.90254229365082,-195.54411456319028,0.0025408678466355447,-66.06912033911028,-193.78913447024584,-70.90254229365082,-195.54411456319028,-71.79129890598843,-195.92613711998442,235.2490798925989,19.173784209773437,1.2414371866235128,0.9842161220561579,0.0026771629380994448,0.003812301176574193,0.0007571165391033472,0.0025408678466355447,1.4240079011704079,-1.3814780861101517,5.186047075445423,-9.111918374407068,-3.126002527651661
224.5,-70.65398366394531,-196.0290265002983,0.0015784696237470812,-65.97671513102844,-194.2671831696674,-70.65398366394531,-196.0290265002983,-71.52893671130363,-196.41185194694214,235.80112412452314,19.070196672748477,0.7651011249800943,0.6208717828204219,0.0017072282111009226,0.0024311064617087348,0.0017067315560056811,0.0015784696237470812,1.4240079011704079,-1.3821410627425998,5.186872525426044,-9.13503031830141,-3.1453044008770323
225.0,-70.40621006344688,-196.51045731262656,0.0004535856980560402,-65.8843099229466,-194.7452318690889,-70.40621006344688,-196.51045731262656,-71.26764436048532,-196.89352375473777,236.34910388570373,18.966609135723516,0.28876506333667584,0.20676443670430122,0.0005747731256937469,0.0008184814723683075,0.002060586246117373,0.0004535856980560402,1.4240079011704079,-1.383003906663206,5.187902513369837,-9.158156871383893,-3.164663867133698
225.5,-70.15981747090018,-196.98871853816576,-0.0008004178352157723,-65.79190471486476,-195.22328056851046,-70.15981747090018,-196.98871853816576,-71.00805876408559,-197.3714922275541,236.89301445268947,18.863021598698555,-0.18757099830674262,-0.2443926429904898,-0.0006868558540058902,-0.0009780881630695357,0.0019579864554204554,-0.0008004178352157723,1.4240079011704079,-1.3841526076056165,5.18909789351696,-9.181295707255813,-3.184079729941882
226.0,-69.91407081830486,-197.46341236965276,-0.0021581064276666334,-65.69949950678291,-195.701329267932,-69.91407081830486,-197.46341236965276,-70.74924339371769,-197.8452591146615,237.4328668397605,18.759434061673595,-0.6639070599501609,-0.7222100053309655,-0.002052220568468801,-0.002922378304443999,0.0004839817722258224,-0.0021581064276666334,1.4240079011704079,-1.3857456011770928,5.19000060259297,-9.204444476704829,-3.2035508184314394
226.5,-69.66998309507763,-197.9351141127958,-0.003603685350625875,-65.60709429870107,-196.17937796735353,-69.66998309507763,-197.9351141127958,-70.49231212213283,-198.31546838649118,237.96869376144704,18.655846524648634,-1.140243121593579,-1.2200698365031124,-0.003505538730311506,-0.004991914849822464,-0.001347891386616018,-0.003603685350625875,1.4240079011704079,-1.3878094193289174,5.189605285109645,-9.227600859949316,-3.2230759389064905
227.0,-69.4277423652961,-198.40394486293528,-0.005126841094568805,-65.51699967951699,-196.655847006842,-69.4277423652961,-198.40394486293528,-70.23740306595,-198.78222767240038,238.50052356081292,18.555659781413052,-1.6330613026379517,-1.7341305713116553,-0.00503650178640531,-0.0071720183381000354,-0.0036177780628514457,-0.005126841094568805,1.4240079011704079,-1.3903573540419747,5.188569368260504,-9.25076253663456,-3.2426538864242564
227.5,-69.18771899472993,-198.87015923304435,-0.006712094337543458,-65.43722475064546,-197.12526087467094,-69.18771899472993,-198.87015923304435,-69.9848641999902,-199.24580029958702,239.02842209312928,18.47066186677321,-2.199492911011346,-2.261802078352268,-0.006629635980618407,-0.009440654018284237,-0.006289002261137301,-0.006712094337543458,1.4240079011704079,-1.3931373473240936,5.185788214697724,-9.2739271401988,-3.2622834672025696
228.0,-68.95109618147028,-199.3344407387161,-0.008359200989682592,-65.35744982177394,-197.59467474249985,-68.95109618147028,-199.3344407387161,-69.73599561926018,-199.70695338512496,239.55244368777602,18.385663952133367,-2.7659245193847406,-2.8005017276316546,-0.008284708057308665,-0.011797489732497678,-0.008767225242900106,-0.008359200989682592,1.4240079011704079,-1.396185861578705,5.1819883924178285,-9.297092298899663,-3.281963479426689
228.5,-68.71754726048755,-199.79667528658726,-0.010060145170328792,-65.27767489290241,-198.06408861032875,-68.71754726048755,-199.79667528658726,-69.49031715943394,-200.1655153933643,240.0726784471036,18.300666037493524,-3.332356127758135,-3.347031602259099,-0.009993693397351622,-0.014231098359703246,-0.011371035849636769,-0.010060145170328792,1.4240079011704079,-1.3995410592719375,5.176670484112778,-9.32025564062477,-3.301692694828362
229.0,-68.48869167460737,-200.2577860290451,-0.011804538035663429,-65.19789996403088,-198.5335024781577,-68.48869167460737,-200.2577860290451,-69.2496344832771,-200.6225353449552,240.5892031744771,18.215668122853682,-3.8987877361315295,-3.8975167956094334,-0.011746210653983128,-0.016726696780083997,-0.01356097941047181,-0.011804538035663429,1.4240079011704079,-1.403255939561076,5.170240126960112,-9.343414789058814,-3.321469878170734
229.5,-68.26381418545087,-200.7174460587553,-0.013580288261333048,-65.11812503515935,-199.0029163459866,-68.26381418545087,-200.7174460587553,-69.01300330382692,-201.07759253724345,241.1021231884757,18.13067020821384,-4.465219344504924,-4.44764978031474,-0.013530157928852015,-0.019267051794768713,-0.015562608249666142,-0.013580288261333048,1.4240079011704079,-1.4074967908551324,5.16274503999261,-9.366567359892972,-3.3412938066884426
230.0,-68.04447533833167,-201.17654836088622,-0.015374125185697838,-65.03835010628784,-199.4723302138155,-68.04447533833167,-201.17654836088622,-68.78215401642144,-201.53170310805896,241.61154614261787,18.045672293573997,-5.031650952878318,-4.992894578988702,-0.01533226311766715,-0.021833263822381654,-0.01721078158176267,-0.015374125185697838,1.4240079011704079,-1.4122925884463822,5.154354444633735,-9.389710960725633,-3.361163206729081
230.5,-67.82979563074608,-201.63467637117103,-0.017171413817063826,-64.95857517741631,-199.94174408164443,-67.82979563074608,-201.63467637117103,-68.55594431886627,-201.98434501194905,242.1175878351813,17.960674378934154,-5.598082561251712,-5.5284389441815645,-0.01713788558073057,-0.024404484476314735,-0.018667475135272244,-0.017171413817063826,1.4240079011704079,-1.4176372392920407,5.1452782863858415,-9.412843169317329,-3.3810765670135496
231.0,-67.62114414977648,-202.09260635125307,-0.01893926367891666,-64.88009578575861,-200.42212363826508,-67.62114414977648,-202.09260635125307,-68.33587625426034,-202.43640276109804,242.62037134849345,17.88275172113653,-6.153192480454131,-6.048598479633838,-0.018914116600313266,-0.026933851482504465,-0.02014815632326886,-0.01893926367891666,1.4240079011704079,-1.4233478195950442,5.135514284238299,-9.435961593249031,-3.401032630021609
231.5,-67.41763482953608,-202.5499254598925,-0.020565966059913177,-64.80941002409712,-200.9684700541803,-67.41763482953608,-202.5499254598925,-68.12080048517568,-202.8873665912258,243.120026212206,17.847392050621007,-6.640193930530588,-6.5455414838561,-0.020549253607460516,-0.029262299500178283,-0.021449362024630013,-0.020565966059913177,1.4240079011704079,-1.4294697780539758,5.125052278591,-9.459063838403395,-3.42103012144181
232.0,-67.22065020147627,-203.0073911155307,-0.022095231904128872,-64.73872426243561,-201.51481647009552,-67.22065020147627,-203.0073911155307,-67.91224153349116,-203.33810950122995,243.61668759443913,17.81203238010549,-7.127195380607044,-7.007504954654593,-0.022086986289697255,-0.03145204298957136,-0.022988170670743432,-0.022095231904128872,1.4240079011704079,-1.4360351731863095,5.114094279665927,-9.4821475028698,-3.4410676822840673
232.5,-67.02911475278341,-203.46451041083645,-0.023471255953333936,-64.66803850077412,-202.06116288601072,-67.02911475278341,-203.46451041083645,-67.70883832077138,-203.7880399004336,244.11049552369042,17.77667270958997,-7.6141968306835,-7.417231649760381,-0.02347150240732489,-0.0334236048803709,-0.024003802545345926,-0.023471255953333936,1.4240079011704079,-1.4430634967713494,5.102206920467209,-9.505210194911708,-3.4611440397700735
233.0,-66.84481249404662,-203.92218952352542,-0.02462003516296779,-64.59735273911261,-202.60750930192594,-66.84481249404662,-203.92218952352542,-67.51260243098555,-204.23821909195948,244.60159414347777,17.741313039074452,-8.101198280759956,-7.752013603469768,-0.024628786177863418,-0.03507158611351404,-0.02481884501770954,-0.02462003516296779,1.4240079011704079,-1.4505823387353254,5.090357257606979,-9.5282495242868,-3.4812579150148633
233.5,-66.66578291219024,-204.37956847117812,-0.025458579351794908,-64.52666697745111,-203.15385571784117,-66.66578291219024,-204.37956847117812,-67.32115321387354,-204.68763831749655,245.09013100084746,17.705953368558934,-8.588199730836413,-7.986690024624719,-0.02547582148010518,-0.036277771076476575,-0.024826174557892707,-0.025458579351794908,1.4240079011704079,-1.4586779084953214,5.077770509922157,-9.551263102810736,-3.5014080233357965
234.0,-66.49453181353049,-204.83781390918716,-0.02591459776130246,-64.4559812157896,-203.70020213375636,-66.49453181353049,-204.83781390918716,-67.1373826756971,-205.13768136737733,245.57625636913562,17.670593698043415,-9.075201180912869,-8.09986862358556,-0.025940341693674488,-0.03693925153085263,-0.02381750968029593,-0.02591459776130246,1.4240079011704079,-1.467359358527247,5.066025346868356,-9.574248544806048,-3.521593074566003
234.5,-66.32764821325188,-205.2955381915438,-0.025960047760732987,-64.39506176121749,-204.24038572555446,-66.32764821325188,-205.2955381915438,-66.95724436668759,-205.58673500823798,246.06012260473395,17.632753568754122,-9.180688735640716,-8.081981932724513,-0.025994268427567576,-0.0370160436260007,-0.022692767909867493,-0.025960047760732987,1.4240079011704079,-1.4764614948071724,5.054518142407335,-9.59720346586714,-3.541811770071685
235.0,-66.1682178066937,-205.75408070380212,-0.02562607633359484,-64.3522196036323,-204.76916201663755,-66.1682178066937,-205.75408070380212,-66.78435939912667,-206.03640111863135,246.5418835370824,17.59032214518061,-8.579999438898694,-7.942410537893046,-0.02566875149531332,-0.03655250494250589,-0.02140592346664301,-0.02562607633359484,1.4240079011704079,-1.486008415100085,5.043959633385308,-9.620125470648029,-3.562062776997272
235.5,-66.01215941673892,-206.21190892955303,-0.024996190144465805,-64.30937744604714,-205.29793830772067,-66.01215941673892,-206.21190892955303,-66.61394026492451,-206.48490764788986,247.02169389069795,17.547890721607104,-7.97931014215667,-7.712784480092601,-0.02504732514896671,-0.03566758891531286,-0.020757350508784893,-0.024996190144465805,1.4240079011704079,-1.4960233388237918,5.033775573894185,-9.64301218357718,-3.5823447922402187
236.0,-65.86311080965164,-206.67051337893906,-0.024234824552012046,-64.26653528846197,-205.82671459880376,-65.86311080965164,-206.67051337893906,-66.45029826245509,-206.93404125992714,247.4997154273302,17.505459298033593,-7.3786208454146465,-7.444805302312415,-0.024294408208065096,-0.034595429242543906,-0.02411643088007878,-0.024234824552012046,1.4240079011704079,-1.5065196926735926,5.023913987311322,-9.665861232649979,-3.6026565084799542
236.5,-65.71702105291902,-207.12845975963808,-0.02355034415015951,-64.22369313087678,-206.35549088988688,-65.71702105291902,-207.12845975963808,-66.2887073989159,-207.38214717823593,247.97609113992775,17.46302787446008,-6.777931548672623,-7.2026195154691255,-0.023618449240735702,-0.03363285833219986,-0.026816131723374284,-0.02355034415015951,1.4240079011704079,-1.517501625616676,5.010546898883673,-9.688670249663293,-3.622996614541982
237.0,-65.58103477406762,-207.58837394426126,-0.02315843053434331,-64.18085097329161,-206.88426718096997,-65.58103477406762,-207.58837394426126,-66.13760879259033,-207.83234451182784,248.4509874741225,17.42059645088657,-6.1772422519306,-7.051325121254561,-0.023235108171501175,-0.03308697762076678,-0.036557434875178874,-0.02315843053434331,1.4240079011704079,-1.5289767986781044,4.9981708265238005,-9.711436870474152,-3.6433637957740483
237.5,-65.44698359808159,-208.04750232437087,-0.02324001030047641,-64.13800881570644,-207.4130434720531,-65.44698359808159,-208.04750232437087,-65.98741121121168,-208.281419400731,248.92454568668106,17.37816502731306,-5.576552955188576,-7.044250776204427,-0.023325285831587106,-0.03321539132123821,-0.04702269217843359,-0.02324001030047641,1.4240079011704079,-1.5409882484817128,4.975509223717783,-9.734158851054191,-3.6637570321502526
238.0,-65.33241350560085,-208.51136288048002,-0.02390083332545799,-64.12177671615359,-207.93188787645428,-65.33241350560085,-208.51136288048002,-65.85874771913745,-208.73588504250185,249.3969295870449,17.337136254353894,-5.8088900498919935,-7.2122612121759975,-0.023994777259861433,-0.034168752404866706,-0.05206534154267986,-0.02390083332545799,1.4240079011704079,-1.5534342827983454,4.953235351333454,-9.756833927049108,-3.68417529995434
238.5,-65.2192964476517,-208.97451463131335,-0.02515911526558199,-64.12698036266809,-208.4427316443809,-65.2192964476517,-208.97451463131335,-65.73036506151989,-209.18935871981157,249.86828241267372,17.297237387325552,-6.712271986840722,-7.558181455665167,-0.025261772677795762,-0.0359729638907519,-0.06057660016233648,-0.02515911526558199,1.4240079011704079,-1.5662948257274534,4.925789888401173,-9.779459761028868,-3.704617305591231
239.0,-65.13058415490299,-209.44273774866178,-0.026945622149646943,-64.1321840091826,-208.95357541230754,-65.13058415490299,-209.44273774866178,-65.62918561632743,-209.64865822269593,250.33875172570202,17.25733852029721,-7.615653923789452,-8.058015888227333,-0.027057052400676535,-0.03852945640094514,-0.05970420022391103,-0.026945622149646943,1.4240079011704079,-1.5795795855611658,4.89552698816242,-9.802034021252782,-3.7250817547043398
239.5,-65.04583618418035,-209.9110578260878,-0.029121317606769205,-64.1373876556971,-209.4644191802342,-65.04583618418035,-209.9110578260878,-65.53105021538516,-210.10795093660943,250.80848235240603,17.217439653268872,-8.519035860738182,-8.668384373359089,-0.029241592565172003,-0.04164025885561079,-0.05979785208440142,-0.029121317606769205,1.4240079011704079,-1.5932903831356,4.8689021121947595,-9.82455438198345,-3.745567352624352
240.0,-64.98228519931737,-210.38250582742677,-0.03151543067881247,-64.14259130221161,-209.97526294816083,-64.98228519931737,-210.38250582742677,-65.4560971908947,-210.57082741935452,251.27761603136753,17.17754078624053,-9.422417797686911,-9.337305232292362,-0.031644597721846704,-0.0450621571852688,-0.058842953471368725,-0.03151543067881247,1.4240079011704079,-1.6074215250919128,4.838650153991175,-9.847018523786545,-3.7660728048197063
240.5,-64.92606076055468,-210.85464373438884,-0.033960742787345004,-64.14779494872612,-210.48610671608745,-64.92606076055468,-210.85464373438884,-65.38785950906687,-211.03445187930126,251.74629108028986,17.13764191921219,-10.325799734635641,-10.014791016322548,-0.03409885236335632,-0.04855703518626264,-0.05747907422677716,-0.033960742787345004,1.4240079011704079,-1.6219601479441936,4.812918334932462,-9.86942413781184,-3.7865968471915896
241.0,-64.88688270360272,-211.32830812955268,-0.03631952497858146,-64.15299859524062,-210.9969504840141,-64.88688270360272,-211.32830812955268,-65.3376203229477,-211.4998505445208,252.2146420812903,17.097743052183848,-11.22918167158437,-10.660374491211087,-0.03646656774002145,-0.05192868059035645,-0.059035562570414486,-0.03631952497858146,1.4240079011704079,-1.6368906806697838,4.784017403124015,-9.891768962023205,-3.8071385684250822
241.5,-64.85803174735993,-211.80276777319204,-0.03830962457447393,-64.20313939195415,-211.49595747011654,-64.85803174735993,-211.80276777319204,-65.2973314187945,-211.9662156205909,252.68279958476245,17.098771280245185,-11.72710362437652,-11.246112044061391,-0.03846560786585733,-0.054775329524303425,-0.06259934984946952,-0.03830962457447393,1.4240079011704079,-1.6521331797343688,4.756791291187413,-9.914050605002735,-3.827696390532483
242.0,-64.84469556396223,-212.27779499937247,-0.03997152256347899,-64.26852940398778,-211.9909476987269,-64.84469556396223,-212.27779499937247,-65.27297236607403,-212.43334144758913,253.150889832149,17.11368792986161,-12.087434595660072,-11.755106516999996,-0.04013648649485135,-0.057154673893887696,-0.0661899370317902,-0.03997152256347899,1.4240079011704079,-1.6676202165530107,4.724526258998348,-9.936266768089324,-3.848268991659619
242.5,-64.84649298079502,-212.75340920782762,-0.04133045835342337,-64.33391941602142,-212.48593792733726,-64.84649298079502,-212.75340920782762,-65.2639939781437,-212.9013212313925,253.61903449817783,17.12860457947803,-12.447765566943623,-12.176948228588307,-0.041504433677823686,-0.0591026414908241,-0.07225147447832025,-0.04133045835342337,1.4240079011704079,-1.6833470189777378,4.69385552301346,-9.958415160079765,-3.868855052565692
243.0,-64.86232138364349,-213.22871317886054,-0.04235679271279392,-64.39930942805503,-212.98092815594762,-64.86232138364349,-213.22871317886054,-65.26902053065697,-213.36917614999308,254.08735592341534,17.143521229094453,-12.808096538227174,-12.502460388374534,-0.042539798468888175,-0.06057700913389358,-0.07611456383666476,-0.04235679271279392,1.4240079011704079,-1.6993018211122055,4.655806546211427,-9.98049349740798,-3.889453257038828
243.5,-64.90031165096227,-213.7035490155316,-0.04301439139358751,-64.46469944008867,-213.47591838455799,-64.90031165096227,-213.7035490155316,-65.29756276799255,-213.83680128692626,254.55595400889942,17.158437878710874,-13.168427509510725,-12.720495060198806,-0.043206443600658125,-0.061526317068810774,-0.07940223926267946,-0.04301439139358751,1.4240079011704079,-1.7154663191563708,4.621419316276062,-10.002499504297631,-3.910062292318049
244.0,-64.9488709974119,-214.17749908752177,-0.04326270715385002,-64.5300894521223,-213.97090861316835,-64.9488709974119,-214.17749908752177,-65.3359529202714,-214.30378752248777,255.02494751424058,17.173354528327298,-13.528758480794277,-12.818525348084094,-0.043463810173271465,-0.06189280910170932,-0.08159594076861679,-0.04326270715385002,1.4240079011704079,-1.731816154816646,4.580132597426372,-10.024430912883107,-3.930680849523134
244.5,-65.02604428523311,-214.64867302798064,-0.04307025948745406,-64.59547946415591,-214.4658988417787,-65.02604428523311,-214.64867302798064,-65.40541894741679,-214.76799125947775,255.49442570891063,17.18827117794372,-13.889089452077828,-12.786621953253569,-0.04328041648530004,-0.06163165504101323,-0.08111002754907448,-0.04307025948745406,1.4240079011704079,-1.7483214372054088,4.543637165114119,-10.046285463292216,-3.9513076240942593
245.0,-65.10929803153408,-215.11912628532255,-0.042238244161247614,-64.71171609310707,-214.94729700363993,-65.10929803153408,-215.11912628532255,-65.47948165733199,-215.23190500186013,255.9644964060013,17.24221604454393,-13.35890908719437,-12.62234844571472,-0.042457459100855514,-0.060459757223237695,-0.0814036667078524,-0.042238244161247614,1.4240079011704079,-1.7648840875649296,4.502604960691777,-10.068060903682639,-3.9719413162437367
245.5,-65.2251301392467,-215.58371423910046,-0.040988411170319136,-64.83083870806658,-215.42792369796135,-65.2251301392467,-215.58371423910046,-65.58938027217887,-215.68954019873604,256.4352376614276,17.29837610057019,-12.778184489237862,-12.333426942923971,-0.041216688405956915,-0.05869288995016139,-0.07852307624550825,-0.040988411170319136,1.4240079011704079,-1.7813127881185995,4.465845883858602,-10.089754990226563,-3.992580631422073
246.0,-65.34315261063175,-216.0483638257803,-0.03939520739577989,-64.94996132302609,-215.90855039228273,-65.34315261063175,-216.0483638257803,-65.69945793588461,-216.14792098335104,256.9067458572263,17.354536156596453,-12.197459891281355,-11.936529234079032,-0.03963255262027135,-0.05643706807481835,-0.08050551963601357,-0.03939520739577989,1.4240079011704079,-1.797568288823798,4.427297292093141,-10.111365467652583,-4.013224260931065
246.5,-65.4948797620919,-216.5041253009776,-0.03753544105908971,-65.0690839379856,-216.38917708660412,-65.4948797620919,-216.5041253009776,-65.84690469958538,-216.59655603402285,257.3790874516137,17.410696212622714,-11.616735293324846,-11.452904757809986,-0.0377818633909731,-0.053801671989686675,-0.07342732678061603,-0.03753544105908971,1.4240079011704079,-1.8136049748650296,4.388670382037006,-10.132890085987697,-4.033870870379783
247.0,-65.64899715082805,-216.9599136130119,-0.03548271637755193,-65.1882065529451,-216.8698037809255,-65.64899715082805,-216.9599136130119,-65.99500960647147,-217.0459575694081,257.85234711406224,17.466856268648975,-11.036010695368338,-10.903414102219607,-0.035738227857424004,-0.05089151884280016,-0.07003356734964633,-0.03548271637755193,1.4240079011704079,-1.829371765487181,4.356627239677412,-10.154326500091184,-4.05451879633366
247.5,-65.83018623698882,-217.40652552909575,-0.033297464278951604,-65.30732916790461,-217.3504304752469,-65.83018623698882,-217.40652552909575,-66.17294931244854,-217.48530885178135,258.3265795276018,17.523016324675236,-10.45528609741183,-10.305438810652785,-0.03356207146914397,-0.04779265495170694,-0.06607891745532538,-0.033297464278951604,1.4240079011704079,-1.8448131268446755,4.321281480753839,-10.175672501886073,-4.07516678758734
248.0,-66.01685225564981,-217.85200767020544,-0.03102825240818078,-65.43159950552786,-217.8274137968225,-66.01685225564981,-217.85200767020544,-66.3554637265185,-217.9240746239941,258.80185757609405,17.578823397028497,-9.857162959072177,-9.672777606137547,-0.03130196464160654,-0.04457424497180445,-0.06103478900102526,-0.03102825240818078,1.4240079011704079,-1.8598702031010426,4.292816975528591,-10.196925890460648,-4.095813599855746
248.5,-66.22394418349973,-218.2892735192593,-0.0287252447112391,-65.59831699275983,-218.27435455431228,-66.22394418349973,-218.2892735192593,-66.56028777059957,-218.35390473576166,259.2782241981364,17.631719832629145,-9.115574740179405,-9.01795942985598,-0.029008075997989744,-0.041307729418889064,-0.055868128455493514,-0.0287252447112391,1.4240079011704079,-1.8744506740350608,4.262299076319065,-10.218084472041555,-4.116457996297358
249.0,-66.43831930793705,-218.72431055029986,-0.026424712012888773,-65.76503447999181,-218.72129531180204,-66.43831930793705,-218.72431055029986,-66.77210673780594,-218.78182054150957,259.75574062477625,17.684616268229792,-8.373986521286632,-8.355521331190136,-0.02671666660412831,-0.03804474433721428,-0.04909894538610125,-0.026424712012888773,1.4240079011704079,-1.8883026594802264,4.238664424212768,-10.239146060038305,-4.137098748017405
249.5,-66.66680485164869,-219.15312153008261,-0.024187678425293423,-65.93175196722379,-219.16823606929182,-66.66680485164869,-219.15312153008261,-66.99909663978096,-219.20308886002536,260.2344382821221,17.737512703830443,-7.632398302393859,-7.704634978666248,-0.02448875064181428,-0.03487217440373543,-0.043462171118345785,-0.024187678425293423,1.4240079011704079,-1.9015534004453338,4.214637372298508,-10.260108476989679,-4.157734654474111
250.0,-66.9028388532019,-219.5791706121356,-0.022090671842887835,-66.09846945445578,-219.6151768267816,-66.9028388532019,-219.5791706121356,-67.23367490426982,-219.62174920485737,260.7143616053478,17.79040913943109,-6.890810083501085,-7.089844205578409,-0.022400866610233338,-0.031899011046036645,-0.03646248080239827,-0.022090671842887835,1.4240079011704079,-1.9142605258360808,4.196363371141043,-10.280969567911125,-4.178364687253726
250.5,-67.14793723305714,-220.00123604825163,-0.02021924160880447,-66.26518694168776,-220.0621175842714,-67.14793723305714,-220.00123604825163,-67.47775176170624,-220.03632606371792,261.19554287374103,17.84330557503174,-6.149221864608313,-6.539145089376344,-0.02053857685306575,-0.02924709571756128,-0.031463104835331455,-0.02021924160880447,1.4240079011704079,-1.9264771309867394,4.179079871956049,-10.301727118916457,-4.19898751292057
251.0,-67.39967389654883,-220.4207350250579,-0.018653477106586873,-66.43190442891974,-220.50905834176118,-67.39967389654883,-220.4207350250579,-67.72858498176467,-220.44844986016736,261.678009042478,17.89620201063239,-5.407633645715539,-6.079433340017453,-0.01898197312036601,-0.0270304797032055,-0.02608998464115551,-0.018653477106586873,1.4240079011704079,-1.938254498792981,4.165606041524542,-10.322378853558035,-4.219601631952595
251.5,-67.65723673006542,-220.83795348363748,-0.017449451425612026,-66.59862191615171,-220.95599909925096,-67.65723673006542,-220.83795348363748,-67.9853126067161,-220.85842484610495,262.1617764323647,17.949098446233037,-4.666045426822766,-5.730483574373713,-0.017787134657265703,-0.025329020291128355,-0.022561463237832462,-0.017449451425612026,1.4240079011704079,-1.949620024448918,4.153519925634254,-10.342922615089567,-4.240205834816917
252.0,-67.92023863724032,-221.25313894190566,-0.016636257565576993,-66.79833308367546,-221.39886873944744,-67.92023863724032,-221.25313894190566,-68.24755169303477,-221.2665177461778,262.6468683239369,17.995151119096743,-4.799859025247717,-5.499593165086691,-0.016983201693175454,-0.024184213398252496,-0.019492107435920832,-0.016636257565576993,1.4240079011704079,-1.9606101232049475,4.143451202015063,-10.363356254557146,-4.260798922142929
252.5,-68.18739353997633,-221.66700883604327,-0.016171130372152023,-66.99955339486046,-221.84155216516885,-68.18739353997633,-221.66700883604327,-68.51384024975913,-221.67355752551003,263.1332977617291,18.04089075561342,-4.973713840414049,-5.379252660489475,-0.01652745524965015,-0.023535226861742153,-0.017571757347140476,-0.016171130372152023,1.4240079011704079,-1.9712139940510933,4.1343355892661915,-10.383677630826732,-4.281379705126136
253.0,-68.45917584759675,-222.07923586259108,-0.015985228375924154,-67.20077370604547,-222.28423559089023,-68.45917584759675,-222.07923586259108,-68.78476825296968,-222.0791534680671,263.62106109935075,18.086630392130097,-5.147568655580381,-5.348839726860772,-0.016350997701094896,-0.02328394991837831,-0.016274274588596323,-0.015985228375924154,1.4240079011704079,-1.981343403256187,4.126117216584678,-10.403884610551227,-4.301947005943861
253.5,-68.7343782036352,-222.49057075797293,-0.015987016451956708,-67.40199401723046,-222.72691901661162,-68.7343782036352,-222.49057075797293,-69.0589320570509,-222.4841911915353,264.11017973095414,18.132370028646775,-5.321423470746712,-5.3796084108150755,-0.016362193246120905,-0.023299892462953255,-0.015458532841104225,-0.015987016451956708,1.4240079011704079,-1.9910319202878008,4.118244865479696,-10.423975060484143,-4.322499666631225
254.0,-69.01391600346714,-222.90037446738435,-0.016080978513281836,-67.60321432841546,-223.169602442333,-69.01391600346714,-222.90037446738435,-69.33741529912935,-222.88792706634067,264.60064689646646,18.17810966516345,-5.495278285913044,-5.440920079181857,-0.0164654994381875,-0.023447001296695913,-0.014929023200635157,-0.016080978513281836,1.4240079011704079,-2.0003205210256008,4.11079727451256,-10.44394685606989,-4.343036539840456
254.5,-69.2965225185079,-223.30945484637434,-0.01618398043722327,-67.80443463960046,-223.61228586805439,-69.2965225185079,-223.30945484637434,-69.61872943561686,-223.2913228394346,265.0924586925235,18.223849301680126,-5.6691331010793755,-5.505622666383025,-0.016577773909764032,-0.023606881031320626,-0.014526120464944578,-0.01618398043722327,1.4240079011704079,-2.00926916226254,4.103415858265023,-10.463797887339396,-4.363556482582847
255.0,-69.58339012845629,-223.7169518922697,-0.016234934462320244,-68.00565495078546,-224.0549692937758,-69.58339012845629,-223.7169518922697,-69.90427839521305,-223.6933786317532,265.5856009511992,18.269588938196804,-5.842987916245708,-5.5533635835499675,-0.016637901780782297,-0.023692503594731188,-0.014066162371589754,-0.016234934462320244,1.4240079011704079,-2.0179284489818925,4.096335116733365,-10.483526051647779,-4.384058364595365
255.5,-69.87307698528004,-224.1238337034814,-0.016195891305166278,-68.2255640720767,-224.49933105932175,-69.87307698528004,-224.1238337034814,-70.19236961530375,-224.09524373239057,266.0800735691652,18.31601031558227,-5.808411521609837,-5.571572824253331,-0.01660795091147265,-0.02364985332018733,-0.013643033541803967,-0.016195891305166278,1.4240079011704079,-2.026361262972452,4.089379805476793,-10.50312925357629,-4.404541068755035
256.0,-70.166897643764,-224.52911426072797,-0.016051857380858795,-68.45139009015423,-224.94422418900794,-70.166897643764,-224.52911426072797,-70.48455785943786,-224.49576547241372,266.57584923719344,18.36264753283838,-5.707845588397929,-5.554466158713737,-0.01647296322549439,-0.02345762978879358,-0.013077274248439262,-0.016051857380858795,1.4240079011704079,-2.034452885344526,4.0826906471085955,-10.522605404855094,-4.425003491481056
256.5,-70.46330746986942,-224.93386351215602,-0.015800888082295024,-68.67721610823178,-225.38911731869416,-70.46330746986942,-224.93386351215602,-70.77903940677791,-224.89620615383106,267.07292183895316,18.409284750094486,-5.607279655186021,-5.500715408169134,-0.016231002538466648,-0.023113075858693453,-0.012576027050215561,-0.015800888082295024,1.4240079011704079,-2.0421034783975127,4.076272002104312,-10.541952424305505,-4.445444543124186
257.0,-70.7636008954751,-225.33707978621808,-0.015445729860877503,-68.90304212630932,-225.83401044838035,-70.7636008954751,-225.33707978621808,-71.07735592732541,-225.29538669710914,267.57125848924983,18.45592196735059,-5.506713721974114,-5.410699670709351,-0.015884806827772293,-0.022620090431313387,-0.012040699268261483,-0.015445729860877503,1.4240079011704079,-2.0493822889561026,4.070058264496435,-10.56116823779607,-4.465863148344607
257.5,-71.06629462642786,-225.73980981880584,-0.014987828112765948,-69.12886814438686,-226.27890357806658,-71.06629462642786,-225.73980981880584,-71.3777862617708,-225.69453356165778,268.07084245820903,18.502559184606696,-5.406147788762206,-5.284377406890041,-0.01543583838969824,-0.0219807558281198,-0.011557550095193046,-0.014987828112765948,1.4240079011704079,-2.056392919330255,4.06415141519285,-10.580250778081933,-4.486258239759508
258.0,-71.37259251358076,-226.1411064389926,-0.014425424739349707,-69.3546941624644,-226.72379670775277,-71.37259251358076,-226.1411064389926,-71.68177547041842,-226.09252291621328,268.5716480915884,18.5491964018628,-5.305581855550298,-5.120610052363176,-0.014882349699725511,-0.021192583560390176,-0.011064215727357836,-0.014425424739349707,1.4240079011704079,-2.063165190568114,4.058400380611646,-10.59919798500497,-4.506628771270018
258.5,-71.68113920364567,-226.54193735672456,-0.01375629874044961,-69.58052018054194,-227.168689837439,-71.68113920364567,-226.54193735672456,-71.98776255694636,-226.4904789933057,269.0736477039237,18.595833619118906,-5.20501592233839,-4.918080941848535,-0.014222120975035172,-0.02025241263985147,-0.010582452883537062,-0.01375629874044961,1.4240079011704079,-2.069745703793996,4.0529681523626975,-10.618007805346936,-4.526973712970484
259.0,-71.9929928794651,-226.94143994453577,-0.013009153227310314,-69.82019435757492,-227.6135829629984,-71.9929928794651,-226.94143994453577,-72.29703032909207,-226.8873680102525,269.5768063072367,18.62465810000755,-4.943259018181678,-4.677251368803398,-0.013483855594466944,-0.019201116904761735,-0.010046592345326207,-0.013009153227310314,1.4240079011704079,-2.0761969996632197,4.047683602150102,-10.636678192752958,-4.547292050702389
259.5,-72.30694366905416,-227.34049120924988,-0.012187030474274442,-70.07062608085099,-228.05847608535208,-72.30694366905416,-227.34049120924988,-72.6081968062293,-227.28419858025723,270.0810925339941,18.639645266072957,-4.556285518123357,-4.402226786982938,-0.012670598404700563,-0.018043032240850767,-0.009497851845715744,-0.012187030474274442,1.4240079011704079,-2.082308825640887,4.042774326758645,-10.655207107650918,-4.56758278641698
260.0,-72.62386716841051,-227.73837356209918,-0.011294209615674466,-70.32105780412704,-228.50336920770573,-72.62386716841051,-227.73837356209918,-72.92233643247081,-227.68009936656716,270.5864855095355,18.654632432138367,-4.169312018065035,-4.101692462511918,-0.011786631402087125,-0.016784256244755307,-0.00888431512694786,-0.011294209615674466,1.4240079011704079,-2.0881316743569935,4.038029226897892,-10.67359259249468,-4.587845113499221
260.5,-72.94272304921388,-228.13583675737436,-0.010367908348158523,-70.5714895274031,-228.9482623300594,-72.94272304921388,-228.13583675737436,-73.23827191758987,-228.07592183594696,271.09293900741307,18.669619598203774,-3.7823385180067146,-3.788498167424617,-0.010869164040925737,-0.015477775473395529,-0.00826795474887942,-0.010367908348158523,1.4240079011704079,-2.093709924492667,4.0337269376938805,-10.691832715347292,-4.608078286417947
261.0,-73.26415395148622,-228.5323299011136,-0.009452370695498813,-70.82192125067917,-229.39315545241305,-73.26415395148622,-228.5323299011136,-73.55680673690762,-228.4709850776739,271.60042311003167,18.684606764269184,-3.395365017948394,-3.4780335832215283,-0.00996244293775273,-0.014186597458319216,-0.007641563791080188,-0.009452370695498813,1.4240079011704079,-2.0990504621788704,4.029595649291037,-10.709925470236044,-4.628281371155371
261.5,-73.5873479381481,-228.92844878825815,-0.008591976719464323,-71.07235297395522,-229.83804857476673,-73.5873479381481,-228.92844878825815,-73.87703186394481,-228.86595676140857,272.10890148337245,18.69959393033459,-3.0083915178900726,-3.1858343221811003,-0.009110848715113988,-0.012973920556690577,-0.006997375372360095,-0.008591976719464323,1.4240079011704079,-2.104176791561882,4.0259188974293245,-10.727868864552352,-4.648453447299779
262.0,-73.91271425126479,-229.32381799570953,-0.007823798669165036,-71.32278469723128,-230.2829416971204,-73.91271425126479,-229.32381799570953,-74.19947175759731,-229.26036331551205,272.61833700666944,18.7145810964,-2.6214180178317514,-2.924973753619774,-0.008351447448014512,-0.011892527152182105,-0.006350519222238822,-0.007823798669165036,1.4240079011704079,-2.109127857926133,4.02243490807551,-10.745660898132776,-4.668593622992451
262.5,-74.23965271393936,-229.7188731985278,-0.007200064826758484,-71.5815670740404,-230.72623668669263,-74.23965271393936,-229.7188731985278,-74.52345819647238,-229.6546886589038,273.12869192842925,18.69476897431412,-2.358273618629318,-2.703851572312516,-0.0077364663721751804,-0.011016789241116619,-0.005629381482294833,-0.007200064826758484,1.4240079011704079,-2.113989067914831,4.0194097977360315,-10.76329957692574,-4.688701025647256
263.0,-74.56835804741623,-230.1134106535918,-0.00674193309052206,-71.85481017801752,-231.16676420878,-74.56835804741623,-230.1134106535918,-74.84925119892058,-230.04866954318862,273.6399280194348,18.61469533980826,-2.3095625971080636,-2.5250177291350075,-0.0072870637091917,-0.01037683629822112,-0.004875568265671733,-0.00674193309052206,1.4240079011704079,-2.1188469929855023,4.016656791019548,-10.78078291263042,-4.708774802495373
263.5,-74.89837694092023,-230.50774666961848,-0.0063899775704237115,-72.12805328199464,-231.60729173086733,-74.89837694092023,-230.50774666961848,-75.17634117576873,-230.44266016044074,274.15200003365226,18.534621705302406,-2.2608515755868095,-2.3854206159909452,-0.006943804987652115,-0.009888033166603099,-0.004025699618291125,-0.0063899775704237115,1.4240079011704079,-2.123614693230493,4.014398175818636,-10.798108922230494,-4.728814121218244
264.0,-75.2297322574597,-230.9018313161398,-0.006126184796235295,-72.40129638597176,-232.0478192529547,-75.2297322574597,-230.9018313161398,-75.5047730025774,-230.83658839042295,274.66488114412823,18.454548070796548,-2.212140554065555,-2.2779640100442657,-0.006688674004797424,-0.009524724631184646,-0.00318479125708595,-0.006126184796235295,1.4240079011704079,-2.128240656342186,4.012513372516606,-10.815275665378932,-4.748818167704572
264.5,-75.5620646222527,-231.2959034036688,-0.005926445905024343,-72.67453948994888,-232.48834677504203,-75.5620646222527,-231.2959034036688,-75.83413762745738,-231.2307252216474,275.1785203767688,18.374474436290694,-2.163429532544301,-2.1937153255939217,-0.006497561781072247,-0.009252579314589747,-0.0023031517270540804,-0.005926445905024343,1.4240079011704079,-2.1326932809352748,4.011115941975436,-10.832281179876993,-4.768786151817808
265.0,-75.89530554434735,-231.68998923782647,-0.005766244733258527,-72.94778259392601,-232.9288742971294,-75.89530554434735,-231.68998923782647,-76.16436509423605,-231.62509417309954,275.69289093102634,18.294400801784835,-2.1147185110230464,-2.1238941021786,-0.006345947572089786,-0.009036679483069023,-0.0015260631420527507,-0.005766244733258527,1.4240079011704079,-2.1369593942298515,4.0101369020488935,-10.84912352159711,-4.7887172922938674
265.5,-76.22915069943812,-232.08428561782864,-0.005624039680354414,-73.22102569790313,-233.36940181921676,-76.22915069943812,-232.08428561782864,-76.49510602739166,-232.01992092952023,276.20794213979184,18.214327167278977,-2.0660074895017924,-2.060998567551281,-0.006212285744876394,-0.008846343985032278,-0.0008158770099962893,-0.005624039680354414,1.4240079011704079,-2.1408791186829235,4.009539452439464,-10.865800734007648,-4.808610841486607
266.0,-76.56355992810546,-232.47879597946041,-0.005491882167037963,-73.5048816629469,-233.8246363924035,-76.56355992810546,-232.47879597946041,-76.82632076883104,-232.4152045075838,276.7236477862967,18.119208994897093,-2.0161394005749544,-1.998932912557251,-0.006088632338353999,-0.008670260557137752,-0.00027658236259572275,-0.005491882167037963,1.4240079011704079,-2.1444608856726703,4.009293050912593,-10.88231085460637,-4.828466082324153
266.5,-76.89825291730601,-232.87369867166154,-0.005415208357153578,-73.86504845906765,-234.38562070499023,-76.89825291730601,-232.87369867166154,-77.1576859823783,-232.81115062535613,277.2399580598316,17.915914414543877,-1.957951521652028,-1.9324335096724137,-0.006020417390601047,-0.008573121932559621,-4.832749868393987e-05,-0.005415208357153578,1.4240079011704079,-2.1474818889651055,4.0092530328849305,-10.898651924106463,-4.848282323781292
267.0,-77.23330419084712,-233.26890241819154,-0.005303407070371237,-74.2252152551884,-234.94660501757696,-77.23330419084712,-233.26890241819154,-77.48929474407691,-233.20764864855795,277.7568478676962,17.712619834190665,-1.8997636427291018,-1.8563890041922178,-0.005917024729842786,-0.008425889966716825,-3.258741885315551e-05,-0.005303407070371237,1.4240079011704079,-2.1499612296114696,4.009242966671079,-10.914821986589354,-4.868058902158716
267.5,-77.56857392486066,-233.6644693659184,-0.0051371029603802885,-74.58538205130915,-235.50758933016368,-77.56857392486066,-233.6644693659184,-77.82098868848351,-233.6047676264426,278.27426878476973,17.50932525383745,-1.8415757638061756,-1.765601119561351,-0.00575908879992265,-0.008200987954631856,-0.0005403222894285889,-0.0051371029603802885,1.4240079011704079,-2.1519222172388592,4.0092192612029285,-10.930819231708771,-4.887795328949872
268.0,-77.90417248349627,-234.060280704746,-0.004896813560451695,-74.9455488474299,-236.0685736427504,-77.90417248349627,-234.060280704746,-78.15290624073033,-234.00236131973801,278.79219735769084,17.306030673484234,-1.7833878848832494,-1.6553628136691612,-0.005527111892434307,-0.007870651005479378,-0.0011789382320096015,-0.004896813560451695,1.4240079011704079,-2.1534043554147586,4.008682773416594,-10.946641907739842,-4.9074912005876765
268.5,-78.24035915683872,-234.45606792960803,-0.004567708597471836,-75.30571564355066,-236.62955795533713,-78.24035915683872,-234.45606792960803,-78.48536433763871,-234.4001042084875,279.3105870446156,17.102736093131018,-1.725200005960323,-1.5228533379574922,-0.005206272443622964,-0.007413773095364868,-0.0021602628068328887,-0.004567708597471836,1.4240079011704079,-2.1544418703351353,4.0079953205986545,-10.962288095855607,-4.927145962548765
269.0,-78.57695458210361,-234.85195012064906,-0.004164103227690551,-75.66629634693899,-237.179541567819,-78.57695458210361,-234.85195012064906,-78.81816748870996,-234.79812314199174,279.8294098175519,16.868435457833716,-1.5535918142029532,-1.3689065762444328,-0.0048108764338006885,-0.006850726053286695,-0.003069009774813457,-0.004164103227690551,1.4240079011704079,-2.1550672152979553,4.006438929122525,-10.977755922953506,-4.946759122536388
269.5,-78.9147976974075,-235.24718793080257,-0.003694195072365105,-76.02724696091789,-237.71969381035126,-78.9147976974075,-235.24718793080257,-79.15232157954148,-235.19553174037446,280.3486333744883,16.60642458646696,-1.2806194324710294,-1.1993711021615951,-0.004349119145579014,-0.00619318002643601,-0.0034984300575167915,-0.003694195072365105,1.4240079011704079,-2.1553178304309926,4.004804792312601,-10.993043450350445,-4.966329737624868
270.0,-79.25307885833402,-235.6424273895666,-0.0031746194523732296,-76.3881975748968,-238.2598460528835,-79.25307885833402,-235.6424273895666,-79.48689578780997,-235.59307052505508,280.86822670007984,16.344413715100202,-1.0076470507391058,-1.0251843874380002,-0.003837631675880572,-0.0054648178282357684,-0.00373266204382207,-0.0031746194523732296,1.4240079011704079,-2.155069375328033,4.002800012946679,-11.008148768835545,-4.985857164696597
270.5,-79.59286873468733,-236.0367312600753,-0.0026565178879746033,-76.7491481888757,-238.79999829541575,-79.59286873468733,-236.0367312600753,-79.82317317028316,-235.98961541868354,281.38816014397196,16.082402843733444,-0.734674669007182,-0.8606454872763492,-0.003327533397258036,-0.0047384338491038526,-0.0026916866730157516,-0.0026565178879746033,1.4240079011704079,-2.1543587128704487,4.000919876979718,-11.023069991711937,-5.005340936101288
271.0,-79.93296810113384,-236.43108299953442,-0.0021979310822796715,-77.1100988028546,-239.34015053794798,-79.93296810113384,-236.43108299953442,-80.15976606570241,-236.38630201041408,281.90840548498045,15.82039197236669,-0.4617022872752583,-0.7200329856650033,-0.0028768546050456957,-0.004096663688103544,-0.0015023629173880702,-0.0021979310822796715,1.4240079011704079,-2.153223443397173,3.999996735723256,-11.037805243241941,-5.024780593747419
271.5,-80.27378210424212,-236.82510204848526,-0.00184734559847718,-77.4710494168335,-239.88030278048024,-80.27378210424212,-236.82510204848526,-80.49717163762678,-236.7826636032159,282.42892928958975,15.55838110099993,-0.18872990554333446,-0.6134076509614073,-0.0025340803310262244,-0.003608550413581866,0.0005927434369291624,-0.00184734559847718,1.4240079011704079,-2.1516639115004828,3.999354694747301,-11.052352620021058,-5.044175421209344
272.0,-80.6146578500161,-237.21932906403845,-0.0016484165369941525,-77.80748841756763,-240.37258816712867,-80.6146578500161,-237.21932906403845,-80.83463738459056,-237.17932181112252,282.94971822945223,15.223940643425225,-0.2748324001377783,-0.5430044275108682,-0.0023428754774542956,-0.003336273191353309,0.0028762491398930637,-0.0016484165369941525,1.4240079011704079,-2.1496852573905127,4.000613767404481,-11.066710275479789,-5.063525015471618
272.5,-80.95471082938658,-237.61447470442954,-0.0015617954245507187,-78.14192242823187,-240.86095816192733,-80.95471082938658,-237.61447470442954,-81.17113234513218,-237.57710390356866,283.47073637851315,14.883575622678649,-0.39030634222495675,-0.5015002651672268,-0.0022638967193248857,-0.0032238068157524023,0.004886922216104379,-0.0015617954245507187,1.4240079011704079,-2.147298106083147,4.002353059291243,-11.080876377297537,-5.082828996917256
273.0,-81.29441171040935,-238.0101164972063,-0.0015259855298304695,-78.4763564388961,-241.349328156726,-81.29441171040935,-238.0101164972063,-81.50721502201867,-237.97550868219054,283.9919666871724,14.54321060193207,-0.5057802843121351,-0.47285001738338067,-0.002235644897953237,-0.00318357599889672,0.006991298886900899,-0.0015259855298304695,1.4240079011704079,-2.1445330352996854,4.005709500480108,-11.094849124000653,-5.102086994871184
273.5,-81.63197105803266,-238.40773181798076,-0.0014410836514059347,-78.81079044956034,-241.83769815152465,-81.63197105803266,-238.40773181798076,-81.84078308749575,-238.37627184897886,284.5133880506899,14.202845581185493,-0.6212542263993135,-0.43535830122505603,-0.002158221920807202,-0.00307332506770863,0.008104956412515634,-0.0014410836514059347,1.4240079011704079,-2.1413550463838966,4.009645298445616,-11.10862677476413,-5.121298651706648
274.0,-81.96868438335842,-238.8061980527056,-0.001178547494453949,-79.14522446022458,-242.32606814632328,-81.96868438335842,-238.8061980527056,-82.17336610789266,-238.77806783625556,285.03498071083976,13.862480560438916,-0.7367281684864919,-0.3657118933705015,-0.0019030806085861861,-0.0027100018231909174,0.008970849578163097,-0.001178547494453949,1.4240079011704079,-2.137735543918385,4.014165185926139,-11.12220757010419,-5.1404636440519385
274.5,-82.30274627596802,-239.2069810996652,-0.0005922174954002285,-79.46319895681079,-242.79592436565815,-82.30274627596802,-239.2069810996652,-82.5028537451716,-239.18260844713416,285.5567249410978,13.529089126507841,-0.7149816130839596,-0.2423513590103423,-0.001324062067361296,-0.0018854748455625102,0.008798251518605516,-0.0005922174954002285,1.4240079011704079,-2.1336736278887476,4.019005812533301,-11.135589733314525,-5.159581678517482
275.0,-82.63567482840341,-239.60879556032666,0.00046981636637135016,-79.74675954176364,-243.2270715787739,-82.63567482840341,-239.60879556032666,-82.83106038653744,-239.5883544976164,286.0786033222139,13.21027822024595,-0.4063314436072223,-0.046987034698127095,-0.00026924900642002434,-0.00038341271252439655,0.008220773047279337,0.00046981636637135016,1.4240079011704079,-2.1291752373369346,4.023346993891815,-11.14877149927717,-5.178652481906107
275.5,-82.966320498873,-240.01255672920468,0.0021640552318099764,-80.03032012671649,-243.65821879188965,-82.966320498873,-240.01255672920468,-83.15668366778907,-239.99633514580765,286.60059937073,12.891467313984059,-0.097681274130485,0.23563388530645904,0.0014178589882354914,0.00201904240199282,0.007202945442076892,0.0021640552318099764,1.4240079011704079,-2.124256663649221,4.027585784874539,-11.16175112583057,-5.197675786023795
276.0,-83.29589929476704,-240.41726346896053,0.004665559335643682,-80.31388071166936,-244.0893660050054,-83.29589929476704,-240.41726346896053,-83.48123331935855,-240.4052974700638,287.12269735802676,12.572656407722167,0.2109688953462523,0.6184273134246043,0.003912321787432233,0.005571177137224633,0.0059725627434914896,0.004665559335643682,1.4240079011704079,-2.1189676888901072,4.030865547122582,-11.174526902092548,-5.216651316254857
276.5,-83.62395975928962,-240.82327186337378,0.008161543994792622,-80.59744129662221,-244.52051321812112,-83.62395975928962,-240.82327186337378,-83.80429486128786,-240.81555084238022,287.6448821009887,12.253845501460276,0.5196190648229897,1.1113650170688762,0.007401366693483454,0.010539604650979936,0.0050279218920692825,0.008161543994792622,1.4240079011704079,-2.1133336263159532,4.033820617437939,-11.187097094974584,-5.2355788547593685
277.0,-83.95121652605992,-241.23001338226405,0.01283246553315953,-80.88100188157506,-244.95166043123686,-83.95121652605992,-241.23001338226405,-84.12687265614157,-241.22627576102028,288.16713872537053,11.935034595198385,0.8282692342997269,1.7186626806741676,0.012065443279071985,0.0171812865605219,0.0043187907966574235,0.01283246553315953,1.4240079011704079,-2.1073136680557143,4.036114901245643,-11.199459983401523,-5.2544581950102405
277.5,-84.2774987229009,-241.63763294237827,0.018488437404180415,-81.11963451620406,-245.34645294785705,-84.2774987229009,-241.63763294237827,-84.44898250000587,-241.63744946345548,288.6894590931047,11.723469849161303,1.736161013549017,2.434700435307853,0.01771467511031218,0.025225837323751308,0.004299650174381529,0.018488437404180415,1.4240079011704079,-2.1008754773839695,4.0383301541242895,-11.21161385926247,-5.273289139054903
278.0,-84.60305021078075,-242.0459458151753,0.025056962240428443,-81.34053677976871,-245.72689844320976,-84.60305021078075,-242.0459458151753,-84.77118153936773,-242.0486254732584,289.21183629791966,11.554228739130476,2.8805375650144116,3.240925669130327,0.024276560083783236,0.03457001337254547,0.004981897348589212,0.025056962240428443,1.4240079011704079,-2.0940577105716622,4.040605177163201,-11.223557039722367,-5.292071530519769
278.5,-84.92757115420225,-242.45516780574542,0.03246491286044363,-81.56143904333335,-246.10734393856248,-84.92757115420225,-242.45516780574542,-85.0934405486365,-242.45980247761682,289.73425127847753,11.38498762909965,4.024914116479806,4.10603445605822,0.03167797876631564,0.045109692056341875,0.006340731771683643,0.03246491286044363,1.4240079011704079,-2.0869308292529,4.043533734925386,-11.235287831652533,-5.310805227733914
279.0,-85.25079224715161,-242.86546519066235,0.040462880602950516,-81.782341306898,-246.4877894339152,-85.25079224715161,-242.86546519066235,-85.41581953776785,-242.87090705575568,290.25668328588245,11.215746519068823,5.1692906679452015,4.9901476566093,0.03966952729872357,0.05648972030907755,0.008837159579275524,0.040462880602950516,1.4240079011704079,-2.079543012762552,4.047228923381896,-11.246804548416335,-5.329490107211244
279.5,-85.57229329539389,-243.27709142611113,0.04875449550792173,-82.00324357046266,-246.8682349292679,-85.57229329539389,-243.27709142611113,-85.73824988756114,-243.28197233852214,290.7791160569636,11.046505409037996,6.313667219410596,5.851702820180167,0.04795483965427336,0.06828807056704525,0.011695681114265428,0.04875449550792173,1.4240079011704079,-2.0719567286496523,4.052765886754056,-11.258105514456489,-5.3481260647693984
280.0,-85.89088501279679,-243.69085759566386,0.05696052654908472,-82.21626844590052,-247.2485729369319,-85.89088501279679,-243.69085759566386,-86.05979738101306,-243.6937134008733,291.3015375048598,10.885817178004347,7.401104431471007,6.6543879917359545,0.05615469163866413,0.07996472458124555,0.0156798813891616,0.05696052654908472,1.4240079011704079,-2.064249616486395,4.059446627076948,-11.269189068983364,-5.366713052308666
280.5,-86.20666595013908,-244.10649112311296,0.06384938770337528,-82.34754063241934,-247.62779542160303,-86.20666595013908,-244.10649112311296,-86.38105597299466,-244.10562644825652,291.82391652201125,10.813891979179655,7.897616831052622,7.371621530713345,0.06303749920916142,0.0897658969438692,0.019460050242493854,0.06384938770337528,1.4240079011704079,-2.0561162638345314,4.069142128016088,-11.280053564856082,-5.385251047854895
281.0,-86.51684518123572,-244.52591339905703,0.07003977591359754,-82.47881281893814,-248.00701790627417,-86.51684518123572,-244.52591339905703,-86.69920292332334,-244.5198694818195,292.3462374822485,10.741966780354963,8.394129230634237,7.987512411755226,0.06922196701251576,0.09857262796037979,0.023957824300493404,0.07003977591359754,1.4240079011704079,-2.0472566297622095,4.0797594127718,-11.2906973664025,-5.403740011536746
281.5,-86.82321302492673,-244.9474474390539,0.07544063726747102,-82.61008500545695,-248.3862403909453,-86.82321302492673,-244.9474474390539,-87.01678120369323,-244.93444891487155,292.86847706368377,10.67004158153027,8.890641630215852,8.49513354714272,0.07461703482070187,0.1062552471465869,0.028161472231211817,0.07544063726747102,1.4240079011704079,-2.0378891352728457,4.0941325430603746,-11.301118855654046,-5.42217990985064
282.0,-87.12055226614116,-245.3746748121634,0.08001425723841428,-82.74135719197575,-248.76546287561644,-87.12055226614116,-245.3746748121634,-87.32806368486597,-245.35363426081798,293.39060944987233,10.598116382705577,9.387154029797466,8.89406409865284,0.07918499365647721,0.11276005662095218,0.032070458876913836,0.08001425723841428,1.4240079011704079,-2.0282435094395144,4.109098144094784,-11.311316421616,-5.440570752756252
282.5,-87.41327874159649,-245.80388264765384,0.08376669228012325,-82.87262937849457,-249.14468536028755,-87.41327874159649,-245.80388264765384,-87.63861997887643,-245.7731872366652,293.9126048674565,10.526191183880885,9.883666429379081,9.188912374115784,0.08293189758264338,0.11809567741673922,0.03624204531957518,0.08376669228012325,1.4240079011704079,-2.0185584157508907,4.127499937912135,-11.321288390527313,-5.458912655354261
283.0,-87.69370648200908,-246.24023315861484,0.08358992617533828,-83.03986432761505,-249.5131092191,-87.69370648200908,-246.24023315861484,-87.93969004621215,-246.1993920902505,294.43443177476723,10.651898277819575,9.855358071845052,9.389027962931142,0.08274973500348469,0.11783627646471967,0.03840646384661127,0.08358992617533828,1.4240079011704079,-2.009061585332013,4.1467301453568215,-11.33103318789228,-5.477205670880505
283.5,-87.96852834797845,-246.67848317765623,0.08237546577527796,-83.21101218223365,-249.88035814029814,-87.96852834797845,-246.67848317765623,-88.23927629473977,-246.62636666301032,294.95605547109636,10.799108627598882,9.76994692582981,9.508090686000925,0.08153001003943093,0.11609937847865233,0.04092364064500811,0.08237546577527796,1.4240079011704079,-1.9999938873898038,4.167300293290509,-11.340549257018925,-5.49544987523848
284.0,-88.22954685102773,-247.12392158940287,0.08065240543873238,-83.38216003685226,-250.2476070614963,-88.22954685102773,-247.12392158940287,-88.5277469550612,-247.0606516802609,295.4774312811184,10.946318977378189,9.684535779814567,9.5620059815486,0.0798018229473932,0.11363842640488989,0.042323018146660674,0.08065240543873238,1.4240079011704079,-1.9915716688703802,4.189030060924004,-11.349835059555154,-5.513645366713679
284.5,-88.48375797628354,-247.57138160085827,0.0785733433426425,-83.55330789147085,-250.61485598269442,-88.48375797628354,-247.57138160085827,-88.81328716515725,-247.49648475219428,295.99852976780767,11.093529327157496,9.599124633799326,9.564445797198452,0.07771777143451448,0.11067072058410445,0.04366899832482006,0.0785733433426425,1.4240079011704079,-1.9838052811949876,4.210941028244687,-11.358889062805922,-5.531792293932911
285.0,-88.72370764282013,-248.02537207079138,0.07621008984283337,-83.72445574608945,-250.98210490389258,-88.72370764282013,-248.02537207079138,-89.0870385918393,-247.9394732499523,296.51929400205046,11.240739676936805,9.513713487784083,9.520749697631686,0.07534967220180881,0.10729852856597599,0.04401497869376553,0.07621008984283337,1.4240079011704079,-1.9768341598344137,4.233928224940272,-11.367709724797765,-5.549890888762426
285.5,-88.95576181293576,-248.48143346545578,0.07344986180947904,-83.90829173492773,-251.37353874568223,-88.95576181293576,-248.48143346545578,-89.3563629359917,-248.38465393417073,297.03968109318674,11.39336783821379,9.509390934539928,9.422140355151894,0.07258474099621441,0.10336124468301694,0.04410695934426573,0.07344986180947904,1.4240079011704079,-1.9711170139019039,4.256071575259946,-11.376295565167881,-5.567941308801917
286.0,-89.1740724718143,-248.9428539533422,0.07017593317827672,-84.09742290752092,-251.77506576558716,-89.1740724718143,-248.9428539533422,-89.61421182220622,-248.83615386403198,297.55963818411277,11.548257033850353,9.53890936939658,9.242837578820538,0.06930625597462975,0.09869265610841155,0.04348139496377814,0.07017593317827672,1.4240079011704079,-1.966706992818275,4.2790119064121805,-11.38464512432716,-5.585943734020743
286.5,-89.38369907571254,-249.40627376833572,0.06616426199891028,-84.28655408011412,-252.17659278549206,-89.38369907571254,-249.40627376833572,-89.86632247557314,-249.29024850727066,298.07911049223935,11.703146229486919,9.568427804253231,8.942380240717167,0.06529018055204819,0.09297373297495912,0.04268898085662916,0.06616426199891028,1.4240079011704079,-1.9635860951410296,4.300384671159935,-11.392756962955936,-5.603898374683583
287.0,-89.58085753661123,-249.87367768185956,0.06114497896463631,-84.47568525270731,-252.578119805397,-89.58085753661123,-249.87367768185956,-90.1079717229489,-249.74946283904586,298.5980403324685,11.858035425123482,9.597946239109884,8.474272097223896,0.06026663144595525,0.08582015935596524,0.04180247711287155,0.06114497896463631,1.4240079011704079,-1.961685189655451,4.322377583957701,-11.400629622784779,-5.6218055211585485
287.5,-89.76876805930792,-250.3430257445274,0.05492943912695816,-84.6648164253005,-252.97964682530193,-89.76876805930792,-250.3430257445274,-90.34260995321289,-250.21153910715566,299.1163674310151,12.012924620760046,9.627464673966536,7.799538083894914,0.05404697344675803,0.07696331722253066,0.04118035063874747,0.05492943912695816,1.4240079011704079,-1.960964876710554,4.342721307067702,-11.408261661332114,-5.639665495560004
288.0,-89.94569236858914,-250.81523336021863,0.04811692269304677,-84.85199448874776,-253.39185288407722,-89.94569236858914,-250.81523336021863,-90.56779134167171,-250.67764121495557,299.63402931057163,12.087861705023721,8.68648302434452,6.90114642299503,0.04723047101261177,0.06725656389795907,0.040993329964512555,0.04811692269304677,1.4240079011704079,-1.961913894862828,4.363958434520422,-11.41565170436794,-5.6574785779303
288.5,-90.11260871164389,-251.28959083151977,0.04056255955094707,-85.03725024485615,-253.8145695663041,-90.11260871164389,-251.28959083151977,-90.78422120714048,-251.14696417352516,300.1509550559183,12.084107574937342,6.790306710528161,5.793167040016955,0.039672254885622114,0.056493604414372206,0.04149732482933264,0.04056255955094707,1.4240079011704079,-1.9642946818928222,4.38399999118138,-11.422798401394397,-5.675245070545678
289.0,-90.26970349238428,-251.76617715982817,0.031866563691372835,-85.22250600096454,-254.23728624853098,-90.26970349238428,-251.76617715982817,-90.9916308483251,-251.61957281465286,300.66709112396995,12.080353444850962,4.894130396711802,4.5199746702377315,0.03097253262509821,0.04410513117739809,0.04244677641396293,0.031866563691372835,1.4240079011704079,-1.96787653155298,4.405643260427052,-11.429700425968349,-5.692965297998695
289.5,-90.41538437475961,-252.24549399631368,0.022458409912512734,-85.40776175707293,-254.66000293075786,-90.41538437475961,-252.24549399631368,-91.18761119455287,-252.09597095351023,301.1823592167984,12.07659931476458,2.9979540828954425,3.1445150658989567,0.021560774896069657,0.030702713807359772,0.0439606513229877,0.022458409912512734,1.4240079011704079,-1.972437275377665,4.426553404698757,-11.436356411502054,-5.710639681281924
290.0,-90.5520220975588,-252.72682642368042,0.012765274730070816,-85.59301751318131,-255.08271961298473,-90.5520220975588,-252.72682642368042,-91.37438215365991,-252.5751814835917,301.69670510108966,12.0728451846782,1.1017777690790833,1.729244343763277,0.011864162890537948,0.016894661696898784,0.04554356444997716,0.012765274730070816,1.4240079011704079,-1.9781884658436912,4.4496524992483435,-11.442765048903397,-5.728268670232264
290.5,-90.67522651998796,-253.21161578848125,0.003084200162434206,-85.77674922011356,-255.50840188510674,-90.67522651998796,-253.21161578848125,-91.54619876990172,-253.0587302508654,302.210051119597,12.049070961852108,-0.5051583477090523,0.3164548226700238,0.0021797395000935442,0.003103966270626442,0.046877673893387754,0.003084200162434206,1.4240079011704079,-1.9850135988434416,4.4721075880758985,-11.448925081362084,-5.745852657833252
291.0,-90.7900541494945,-253.6983264701832,-0.00665148234690752,-85.9569213719935,-255.94101056134974,-90.7900541494945,-253.6983264701832,-91.70843033044972,-253.54462263090323,302.722345104586,11.978537997001693,-1.436547755910831,-1.0846275718865261,-0.007559150822441696,-0.010764290497295763,0.04775101001333344,-0.00665148234690752,1.4240079011704079,-1.9925788097713963,4.496534886093881,-11.454835277424163,-5.763392058876638
291.5,-90.88950918907165,-254.18886971903606,-0.01671180984271176,-86.13709352387343,-256.3736192375928,-90.88950918907165,-254.18886971903606,-91.85226217569634,-254.03491238410558,303.2335129662933,11.908005032151276,-2.3679371641126097,-2.4988871624918474,-0.017622544948124465,-0.025094643244859893,0.046893876913982155,-0.01671180984271176,1.4240079011704079,-2.000572767072982,4.51987292506016,-11.460494431335249,-5.7808873097879125
292.0,-90.98162474582418,-254.68109144996936,-0.0274384547903684,-86.31726567575336,-256.8062279138358,-90.98162474582418,-254.68109144996936,-91.98653772289956,-254.52687160977837,303.74350766417257,11.837472067300862,-3.2993265723143885,-3.9728598606812446,-0.028352105191414536,-0.04037362180738884,0.04512278808241326,-0.0274384547903684,1.4240079011704079,-2.0087636938244855,4.5434889443165005,-11.465901298814401,-5.798338939274853
292.5,-91.05797470704155,-255.17679438650106,-0.03917823186028514,-86.49743782763329,-257.2388365900788,-91.05797470704155,-255.17679438650106,-92.10068977909948,-255.02243678329177,304.25226183196924,11.766939102450445,-4.230715980516167,-5.551538979694827,-0.04009464585484583,-0.05709509249192981,0.040412835197489776,-0.03917823186028514,1.4240079011704079,-2.0170618265259495,4.565091685603936,-11.471054713838901,-5.815747440424815
293.0,-91.12890323296534,-255.67372204299843,-0.0520695089365918,-86.67864436915585,-257.67402885635806,-91.12890323296534,-255.67372204299843,-92.20616475159771,-255.51879126165295,304.75973676270803,11.6982836339072,-5.318412936392834,-7.251472383101776,-0.052988533886458786,-0.07545609092575321,0.03478968286636938,-0.0520695089365918,1.4240079011704079,-2.0252742327481257,4.584053573049324,-11.475953545737802,-5.833113317905567
293.5,-91.18654512492907,-256.1731195137821,-0.06567002163641585,-86.87177371016708,-258.1390006415863,-91.18654512492907,-256.1731195137821,-92.29291020493983,-256.01728362606684,305.26587502327345,11.651268958242063,-8.207774828492033,-9.039934239186518,-0.0665915028029299,-0.09482682614218355,0.026497196472201598,-0.06567002163641585,1.4240079011704079,-2.033142010931549,4.600044933619098,-11.480596690291549,-5.850437097830832
294.0,-91.2416547393234,-256.6731230566677,-0.0794975430808243,-87.06490305117829,-258.60397242681444,-91.2416547393234,-256.6731230566677,-92.37271956033162,-256.515684162516,305.7706494036765,11.604254282576925,-11.097136720591232,-10.829432808326471,-0.08042132743443932,-0.11452060568925408,0.017878106287027597,-0.0794975430808243,1.4240079011704079,-2.0404261600696936,4.610715793738637,-11.484983065067826,-5.867719327623198
294.5,-91.28868662095228,-257.17426146832565,-0.09259679759779929,-87.2580323921895,-259.06894421204265,-91.28868662095228,-257.17426146832565,-92.43818936211235,-257.01469365162427,306.27401547009924,11.557239606911788,-13.98649861269043,-12.491810817082897,-0.09352272745687254,-0.13317710283759315,0.008255428282586892,-0.09259679759779929,1.4240079011704079,-2.0466973110495963,4.618041542736496,-11.489111552866673,-5.884960571754091
295.0,-91.3364779833671,-257.675182305484,-0.1039004438734366,-87.45116173320073,-259.5339159972708,-91.3364779833671,-257.675182305484,-92.49887942863775,-257.5129451415898,306.77596042664396,11.510224931246649,-16.875860504789628,-13.888214093738483,-0.10482835758629966,-0.14927640946960757,-0.0008732042679157079,-0.1039004438734366,1.4240079011704079,-2.0517722474650713,4.619027304331043,-11.4929811277613,-5.902161418952934
295.5,-91.38246213648196,-258.1757740729652,-0.11224338711352756,-87.6357893908905,-259.9889014278042,-91.38246213648196,-258.1757740729652,-92.55105858360082,-258.01068671849526,307.27645555515556,11.47556931640708,-18.707671583692488,-14.90361968171155,-0.1131731172448063,-0.1611594131566891,-0.009184249134381173,-0.11224338711352756,1.4240079011704079,-2.055666666874584,4.617159836790897,-11.496590792201358,-5.919322478330982
296.0,-91.4319840546348,-258.67505683115974,-0.11665497290796725,-87.7997625010279,-260.41962535268976,-91.4319840546348,-258.67505683115974,-92.60051676496914,-258.50727703337736,307.77550493877976,11.470939615245046,-17.97019929431999,-15.472300292148809,-0.11758634701671915,-0.1674438872215735,-0.01648639311598639,-0.11665497290796725,1.4240079011704079,-2.0583310195516287,4.609787256898944,-11.499939577159472,-5.9364443786643575
296.5,-91.48508861028901,-259.17250295001656,-0.11760729930072517,-87.96373561116532,-260.8503492775754,-91.48508861028901,-259.17250295001656,-92.64707802389458,-259.0026837177666,308.27309773980903,11.46630991408301,-17.232727004947492,-15.585214933678035,-0.11854014232401097,-0.1688020992752563,-0.022334960874822514,-0.11760729930072517,1.4240079011704079,-2.0594140662358864,4.600627493025701,-11.503026542777556,-5.953527767922539
297.0,-91.54336172241548,-259.6674698532571,-0.11537250187915099,-88.12770872130272,-261.28107320246096,-91.54336172241548,-259.6674698532571,-92.69264882540233,-259.4967455791518,308.7692567391156,11.461680212920973,-16.495254715574994,-15.27921650743106,-0.11630664024898436,-0.1656215746731379,-0.02738330386096058,-0.11537250187915099,1.4240079011704079,-2.058611132940672,4.587458539354163,-11.505850745713099,-5.970573344813039
297.5,-91.60901198614897,-260.1592759646238,-0.11041249225631651,-88.29168183144014,-261.71179712734653,-91.60901198614897,-260.1592759646238,-92.74010517973926,-259.98919534620217,309.2639904097984,11.457050511758938,-15.757782426202496,-14.615952021874241,-0.11134775190471126,-0.15856007848987116,-0.031155167829346984,-0.11041249225631651,1.4240079011704079,-2.055947582995535,4.573380715061733,-11.508411300593085,-5.987581799933059
298.0,-91.68050690037937,-260.64770417150646,-0.10391015215224685,-88.50948379505543,-262.12159055437604,-91.68050690037937,-260.64770417150646,-92.7881031179829,-260.4802041895593,309.7573412348233,11.41461728783425,-14.645580699873753,-13.660797645796803,-0.10484635781535957,-0.14930204193801178,-0.03462518895863035,-0.10391015215224685,1.4240079011704079,-2.0514860878402135,4.556601704836388,-11.51070735801981,-6.004553837103174
298.5,-91.76179537534324,-261.13204722033703,-0.09614371860764033,-88.7829022732543,-262.50975837981747,-91.76179537534324,-261.13204722033703,-92.84185905722475,-260.9692369033,310.2493375441521,11.333125082727578,-13.146204738003387,-12.469017572687923,-0.09708069412406954,-0.1382436754837826,-0.03667743862251556,-0.09614371860764033,1.4240079011704079,-2.0457115441129994,4.539278925977271,-11.512738101039899,-6.021490176970843
299.0,-91.84922172630755,-261.6125594622865,-0.08658934949062234,-89.05632075145317,-262.8979262052589,-91.84922172630755,-261.6125594622865,-92.89771340113303,-261.4567463173,310.7400415843528,11.251632877620906,-11.646828776133022,-11.080841136951333,-0.08752691505707237,-0.1246390186063422,-0.03850374519509977,-0.08658934949062234,1.4240079011704079,-2.0382347068307345,4.520669184393717,-11.514502741040937,-6.038391553348784
299.5,-91.94746082187383,-262.0885736394253,-0.07538828662372546,-89.32973922965203,-263.2860940307003,-91.94746082187383,-262.0885736394253,-92.9618639251194,-261.9419414797769,311.2295010996955,11.170140672514234,-10.147452814262657,-9.523383673834678,-0.07632626245468621,-0.10868920080227941,-0.03831741607236944,-0.07538828662372546,1.4240079011704079,-2.0293182165657675,4.50176599179646,-11.516000500971314,-6.055258721372286
300.0,-92.05195146186492,-262.5608082653294,-0.06262715586129679,-89.60315770785091,-263.67426185614175,-92.05195146186492,-262.5608082653294,-93.02968093325121,-262.4254954789242,311.71779714149125,11.088648467407562,-8.648076852392293,-7.815877329802289,-0.06356535885994244,-0.09051757325729043,-0.03755260913230169,-0.06262715586129679,1.4240079011704079,-2.019220862031964,4.4835231186608135,-11.51723065293907,-6.072092450404055
300.5,-92.16648963569499,-263.0288238740766,-0.048491900697703844,-89.87873518871365,-264.0608306867993,-92.16648963569499,-263.0288238740766,-93.10638400883391,-262.9065591612353,312.20499538863317,10.995062495876345,-6.653218314153725,-5.975679976129292,-0.04943014979818547,-0.07038892386865295,-0.03477307950704274,-0.048491900697703844,1.4240079011704079,-2.0081983428926238,4.465526264686778,-11.518192518133475,-6.0888935218040885
301.0,-92.2870275868394,-263.4936398456585,-0.03294826571135399,-90.15530640984224,-264.4466635361965,-92.2870275868394,-263.4936398456585,-93.18797020887078,-263.3858529804876,312.69119370018166,10.89591003623339,-4.430300313370164,-4.023020048601188,-0.03388638020723904,-0.04825447315717291,-0.030982713079636046,-0.03294826571135399,1.4240079011704079,-1.9962401285729885,4.450090529121552,-11.518885455044382,-6.1056627304548545
301.5,-92.41523157340757,-263.9552917110971,-0.016082491074188736,-90.43187763097083,-264.83249638559374,-92.41523157340757,-263.9552917110971,-93.27716439213921,-263.86281020556294,313.1764731871095,10.796757576590435,-2.2073823125866037,-1.9840541818646718,-0.01702028499217989,-0.024237020309036277,-0.026012446096001052,-0.016082491074188736,1.4240079011704079,-1.983202334701813,4.435822731872692,-11.519308860317556,-6.122400884414275
302.0,-92.54850150357447,-264.414840669021,0.0018751090045797357,-90.70844885209941,-265.21832923499096,-92.54850150357447,-264.414840669021,-93.3716853423902,-264.3379648855131,313.6609455282006,10.69760511694748,0.015535688196957054,0.1073228556479313,0.0009378191454861441,0.0013354618730411494,-0.01999015363286266,0.0018751090045797357,1.4240079011704079,-1.9693015616579177,4.425196833804411,-11.519462136105494,-6.139108790306482
302.5,-92.68625220278238,-264.8728938697123,0.020593318460928246,-90.985020073228,-265.6041620843881,-92.68625220278238,-264.8728938697123,-93.47164675296905,-264.81124544872955,314.1447038212979,10.598452657304525,2.2384536889805187,2.207984425892784,0.01965672117593969,0.027991326265641787,-0.013982567395422505,0.020593318460928246,1.4240079011704079,-1.954782634900844,4.416706993106253,-11.519344719150356,-6.155787265608658
303.0,-92.8273693230977,-265.3303280116257,0.03906242810235228,-91.2059976851389,-266.0002807081216,-92.8273693230977,-265.3303280116257,-93.57657125780712,-265.282876602708,314.6278696988329,10.575672174048803,4.504614805602209,4.264276135177724,0.03812671251960028,0.054292739873563506,-0.0076121054058034664,0.03906242810235228,1.4240079011704079,-1.939880639753057,4.411818795492267,-11.518956121375535,-6.172437156049611
303.5,-92.96992160310819,-265.78807127619365,0.05661819585556087,-91.42009668740373,-266.39767199300377,-92.96992160310819,-265.78807127619365,-93.68504857840531,-265.75318848896904,315.11055069214154,10.562341212435209,6.776126402574356,6.21222773268401,0.05568355855777172,0.07929382735155201,-0.0021674311455709637,0.05661819585556087,1.4240079011704079,-1.9247960134285411,4.409412643046865,-11.51829588954628,-6.189059329759023
304.0,-93.11380568928358,-266.24662998117174,0.07266053132248874,-91.63419568966857,-266.7950632778859,-93.11380568928358,-266.24662998117174,-93.79783900969869,-266.22212342684173,315.59286191031475,10.549010250821615,9.047637999546504,7.981915840715713,0.07172717324201229,0.10214006142524416,0.002501060154377105,0.07266053132248874,1.4240079011704079,-1.9096428224073965,4.409732421431805,-11.517363612748989,-6.2056546659004646
304.5,-93.25680167290959,-266.706824228852,0.08658155377338633,-91.8482946919334,-267.19245456276803,-93.25680167290959,-266.706824228852,-93.91321765508006,-266.6901539366621,316.0749193090846,10.535679289208021,11.31914959651865,9.507160855121246,0.08564968259736734,0.12196582475138867,0.0059202931767185505,0.08658155377338633,1.4240079011704079,-1.8945820641767888,4.41181468869684,-11.51615889532163,-6.222224035892183
305.0,-93.39959983277748,-267.16864886804893,0.09774768793706885,-92.05612683082806,-267.5946504818637,-93.39959983277748,-267.16864886804893,-94.03285652776059,-267.156983709569,316.55683839603495,10.531384956969179,13.418866968044618,10.738037495994133,0.09681751694846126,0.13786890910630872,0.007268888060577182,0.09774768793706885,1.4240079011704079,-1.879799486339969,4.415442674292888,-11.514681333596505,-6.238768303121978
305.5,-93.54007608384667,-267.6325772678288,0.10384839020420485,-92.18596550442089,-268.05664187593385,-93.54007608384667,-267.6325772678288,-94.15501585345041,-267.6231176481561,317.03873292018255,10.63955486688055,13.380540764986153,11.65057234314176,0.10292013421831799,0.14655908431640366,0.007436834129106761,0.10384839020420485,1.4240079011704079,-1.8654682191026637,4.418853415916091,-11.51293064203439,-6.255288377174818
306.0,-93.6804594143556,-268.0978251415462,0.10695288997797703,-92.31580417801372,-268.51863327000405,-93.6804594143556,-268.0978251415462,-94.2828978203125,-268.0878185246755,317.5207135648063,10.747724776791921,13.342214561927687,12.247532167956685,0.10602676614051035,0.1509829527196338,0.004810902575656845,0.10695288997797703,1.4240079011704079,-1.8517830067010723,4.422662625469263,-11.510906577814461,-6.271785181111331
306.5,-93.8179772404665,-268.5647723778924,0.10739577076510935,-92.44564285160655,-268.9806246640742,-93.8179772404665,-268.5647723778924,-94.413630673303,-268.55189359211965,318.00288666281324,10.855894686703293,13.303888358869223,12.547771952581497,0.10647199065654504,0.151616955948262,0.0016867798219710626,0.10739577076510935,1.4240079011704079,-1.8389766098190183,4.423539973123519,-11.508608941573193,-6.288259651480727
307.0,-93.9579169960637,-269.03152360735794,0.10547020849412304,-92.57548152519938,-269.4426160581444,-93.9579169960637,-269.03152360735794,-94.5536469447059,-269.01357794186146,318.4853474838968,10.964064596614666,13.265562155810757,12.567908422149545,0.10454898871323426,0.1488785859870214,-0.004088379989615441,0.10547020849412304,1.4240079011704079,-1.8272236175633756,4.424306390080973,-11.506037565465771,-6.304712747775043
307.5,-94.09487410483501,-269.49920617719516,0.10179326362661462,-92.6414013782517,-269.92667320816804,-94.09487410483501,-269.49920617719516,-94.69662577649423,-269.4747130638039,318.9682019417352,11.044453720780586,13.130088597484123,12.304705600740764,0.10087481421909239,0.14364653247708456,-0.009837541467368859,0.10179326362661462,1.4240079011704079,-1.8166288774033597,4.419553400409408,-11.503192194386054,-6.32114554038796
308.0,-94.23910628978476,-269.9641472572029,0.09589753363338474,-92.67721102625362,-270.42112486220066,-94.23910628978476,-269.9641472572029,-94.85450477312655,-269.93149611822224,319.45152399936967,11.111756164870378,12.94885188579367,11.727542532288387,0.09498206585445615,0.13525521224623357,-0.01717057269839673,0.09589753363338474,1.4240079011704079,-1.8072891744457449,4.41472055568879,-11.500072753147943,-6.3375590160397515
308.5,-94.38023650850842,-270.4293816659538,0.08722597963796437,-92.71302067425553,-270.9155765162332,-94.38023650850842,-270.4293816659538,-95.01476313045033,-270.3879804637719,319.93540284171365,11.179058608960172,12.767615174103218,10.786740221918567,0.08631370392161186,0.12291139636365851,-0.024588751260840452,0.08722597963796437,1.4240079011704079,-1.7993083832930719,4.40282299786505,-11.496679209260089,-6.353954179232046
309.0,-94.5347834870391,-270.88857465594276,0.0755184545069708,-92.74883032225743,-271.4100281702658,-94.5347834870391,-270.88857465594276,-95.19631664297498,-270.8371243221175,320.41989380333644,11.246361053049965,12.586378462412766,9.436667487581788,0.07460958227455557,0.10624463466199074,-0.030908899812056904,0.0755184545069708,1.4240079011704079,-1.7928725255074411,4.390854938132864,-11.49301157276769,-6.370332039181717
309.5,-94.68619791137986,-271.3479287487351,0.06116625686451582,-92.774716591113,-271.9068069106902,-94.68619791137986,-271.3479287487351,-95.37897192338825,-271.28652784126996,320.9050657843795,11.278182080093224,11.355426536766256,7.665042353629109,0.06026100292982165,0.08581214430451913,-0.038378320742108396,0.06116625686451582,1.4240079011704079,-1.7882016982754196,4.372861864574277,-11.489069756941886,-6.386693550953726
310.0,-94.85606341312008,-271.7981880734375,0.04470742828977206,-92.77561177890077,-272.40944619557337,-94.85606341312008,-271.7981880734375,-95.58722220175189,-271.7254743879206,321.3909524498424,11.22064655260663,7.4808672649513195,5.515304052218684,0.04380600967412932,0.06238010389470748,-0.03971682180016282,0.04470742828977206,1.4240079011704079,-1.785318276127228,4.353842587397245,-11.484853865308725,-6.403039759236336
310.5,-95.0237911690685,-272.24879193213974,0.0257001268459541,-92.77650696668852,-272.91208548045654,-95.0237911690685,-272.24879193213974,-95.79579856893119,-272.16510825926855,321.87759994121416,11.163111025120037,3.606307993136383,3.090797750776236,0.024802765046078708,0.035319333396489294,-0.04273746267252089,0.0257001268459541,1.4240079011704079,-1.7842430139073202,4.334649257507349,-11.480364045723906,-6.419371726915558
311.0,-95.20989828794693,-272.68992201621745,0.005253164012049024,-92.77740215447628,-273.41472476533977,-95.20989828794693,-272.68992201621745,-96.02766369521092,-272.59380133597506,322.3650250808896,11.105575497633442,-0.2682512786785516,0.5377453716802731,0.004360080858426824,0.006208789592141652,-0.03846122116286744,0.005253164012049024,1.4240079011704079,-1.7849905385033935,4.312861452138056,-11.475600483610885,-6.435690531222426
311.5,-95.39644343404764,-273.13135976214414,-0.015379492595150828,-92.77829734226403,-273.91736405022294,-95.39644343404764,-273.13135976214414,-96.26045453005,-273.0229079535258,322.85323812690217,11.048039970146847,-4.142810550493488,-1.9856677132714244,-0.016268072556564282,-0.023165863857361014,-0.033940661299881277,-0.015379492595150828,1.4240079011704079,-1.7875671846328731,4.297832307140081,-11.470563281744056,-6.451997169480139
312.0,-95.59579975656169,-273.56685234125007,-0.03473961829255027,-92.8132647814762,-274.405677319564,-95.59579975656169,-273.56685234125007,-96.5074656454856,-273.44490206202335,323.34223734114266,11.0385566328988,-6.143974919716033,-4.340710623143465,-0.035623472721205675,-0.050728106622125374,-0.026116619094199958,-0.03473961829255027,1.4240079011704079,-1.7923229902057511,4.280364636892886,-11.465252708372745,-6.468292757328958
312.5,-95.7981485994521,-274.00259877934957,-0.051911199546845394,-92.85259710967189,-274.89215532810476,-95.7981485994521,-274.00259877934957,-96.75595003587479,-273.8669525574626,323.83200920101643,11.035229110633235,-7.905144559203356,-6.428582795922444,-0.05279010588483649,-0.07517352788362962,-0.016576273503788527,-0.051911199546845394,1.4240079011704079,-1.7991673499434864,4.272777207838617,-11.45966906902632,-6.484578423022509
313.0,-96.00547797565292,-274.43794035889647,-0.06646908797626058,-92.89192943786757,-275.3786333366456,-96.00547797565292,-274.43794035889647,-97.00717250583023,-274.2882538830954,324.32252878243037,11.03190158836767,-9.666314198690678,-8.195814049293674,-0.06734282615788843,-0.09589671653597835,-0.006536331013575431,-0.06646908797626058,1.4240079011704079,-1.8080118370829488,4.264416858964998,-11.453812689261186,-6.500855270902524
313.5,-96.21681252214259,-274.87380533591545,-0.07829520946350103,-92.93126176606326,-275.86511134518634,-96.21681252214259,-274.87380533591545,-97.25906591617004,-274.70998572424423,324.81376030928857,11.028574066102108,-11.427483838177999,-9.628619854213042,-0.0791635592883959,-0.11272953391144779,0.0049346635992695165,-0.07829520946350103,1.4240079011704079,-1.8188123695811775,4.266414169490119,-11.44768387701124,-6.517124334820599
314.0,-96.42464437312394,-275.3146736559903,-0.08636384301990342,-93.0158155157551,-276.33972086960114,-96.42464437312394,-275.3146736559903,-97.50206723279192,-275.137625943546,325.30565786187043,11.0976428639804,-12.427732577659292,-10.742623624141752,-0.08722658525167894,-0.12421134659050498,0.015596187488161307,-0.08636384301990342,1.4240079011704079,-1.8315909404571267,4.269207632778112,-11.441283051923598,-6.5333868099333055
314.5,-96.63581678312079,-275.7565276010605,-0.09068092902788631,-93.14853813113979,-276.80168834520526,-96.63581678312079,-275.7565276010605,-97.74373099226521,-275.56675235514876,325.798172923353,11.243826633177417,-12.617465074558359,-11.572547270393718,-0.09153784460194973,-0.13035061396928538,0.027354687148006082,-0.09068092902788631,1.4240079011704079,-1.8463234926631527,4.281604111910617,-11.434610668422724,-6.54964391439892
315.0,-96.8348129679676,-276.2071762527433,-0.09290244034847009,-93.28126074652448,-277.26365582080945,-96.8348129679676,-276.2071762527433,-97.96553772166891,-276.00691460672397,326.2912300849796,11.39001040237443,-12.807197571457428,-12.162836046998258,-0.09375331032668695,-0.1335054546660834,0.037481911033988916,-0.09290244034847009,1.4240079011704079,-1.8632289734754062,4.2960711422141555,-11.427667212289155,-6.565896879657529
315.5,-97.03497708407681,-276.65927169569625,-0.09352072872242255,-93.41398336190917,-277.7256232964136,-97.03497708407681,-276.65927169569625,-98.18309761998654,-276.4498521690886,326.7847708721558,11.536194171571445,-12.996930068356496,-12.558495096729754,-0.09436533496095068,-0.13437698258098588,0.0483305557599398,-0.09352072872242255,1.4240079011704079,-1.8821680245721066,4.318602925089858,-11.420453183382927,-6.582146797168778
316.0,-97.2147233965812,-277.1215487244741,-0.09291321225007787,-93.55111822557977,-278.18168272906564,-97.2147233965812,-277.1215487244741,-98.37105460230569,-276.90622056342926,327.27870678540836,11.682904908606607,-13.177482448121422,-12.796145134566425,-0.09375133777750616,-0.13350264574046453,0.056232585307286614,-0.09291321225007787,1.4240079011704079,-1.9025787926486477,4.3439330798923415,-11.41296912220819,-6.5983949467354
316.5,-97.39256509569128,-277.5854547583376,-0.09121349800637155,-93.7502394182724,-278.5547418701267,-97.39256509569128,-277.5854547583376,-98.55133014085908,-277.3663119699528,327.7729633148256,11.837018855906207,-13.22906616514024,-12.896876268554289,-0.09204492632134581,-0.13107270234424448,0.06451760806212438,-0.09121349800637155,1.4240079011704079,-1.9237909486709381,4.374509984216989,-11.405215591304323,-6.61464262740212
317.0,-97.54379558173144,-278.05813637036533,-0.0886352530657549,-93.94936061096502,-278.92780101118774,-97.54379558173144,-278.05813637036533,-98.695081711167,-277.83884677728656,328.2674627082637,11.991132803205804,-13.280649882159059,-12.86317571174726,-0.08945976982638236,-0.12739141906965454,0.06824554265361754,-0.0886352530657549,1.4240079011704079,-1.94546993275554,4.40800678131452,-11.397193153365988,-6.6308911588065085
317.5,-97.689925000452,-278.53202574838133,-0.0851534488219174,-94.14848180365763,-279.3008601522488,-97.689925000452,-278.53202574838133,-98.82790604266913,-278.3151802087647,328.76210678256905,12.145246750505402,-13.332233599177878,-12.681302387094965,-0.0859708406068952,-0.1224231562944805,0.07158617382346157,-0.0851534488219174,1.4240079011704079,-1.9673093193968934,4.44233683124722,-11.388902207399557,-6.647141735764146
318.0,-97.80756425242409,-279.0110087095817,-0.08069163713727957,-94.34760299635025,-279.67391929330984,-97.80756425242409,-279.0110087095817,-98.92263284502033,-278.80007622376604,329.2568210663805,12.299360697805,-13.383817316196696,-12.329108676887726,-0.0815016881955061,-0.11605904794912765,0.07001657269428659,-0.08069163713727957,1.4240079011704079,-1.9892045543408927,4.478821719788033,-11.380343366269843,-6.663395678414387
318.5,-97.91786334788253,-279.49011480518175,-0.07519815513328786,-94.54672418904286,-280.0469784343708,-97.91786334788253,-279.49011480518175,-99.00453886333408,-279.2878016778767,329.7515080527475,12.453474645104597,-13.435401033215514,-11.786867269522784,-0.07600065081048163,-0.108225527248219,0.0670753489522064,-0.07519815513328786,1.4240079011704079,-2.0107259246149196,4.511354941672153,-11.371517274223859,-6.679654246414341
319.0,-98.00304852228496,-279.9702674992043,-0.06845515346581693,-94.80125336718638,-280.4114786235993,-98.00304852228496,-279.9702674992043,-99.05314994937449,-279.7794677891806,330.24609678694804,12.630312327943125,-12.190317878099611,-11.047071645042244,-0.06924987445255862,-0.09861236837550225,0.0609103928266204,-0.06845515346581693,1.4240079011704079,-2.031457337048315,4.544510954626985,-11.362424618777599,-6.695918571129922
319.5,-98.08041984415141,-280.44930232812663,-0.060887257727760935,-95.06136720435508,-280.7751161424526,-98.08041984415141,-280.44930232812663,-99.08928651379942,-280.272456757963,330.7404960497498,12.809440372247266,-10.814541605534451,-10.11957600943072,-0.06167398403079602,-0.08782424055651109,0.052930770348833645,-0.060887257727760935,1.4240079011704079,-2.05100071732618,4.570590151149009,-11.353066105116122,-6.712189954488358
320.0,-98.139605416368,-280.926836886803,-0.05274943086229582,-95.3214810415238,-281.1387536613058,-98.139605416368,-280.926836886803,-99.10122471340333,-280.76615767284443,331.23464383312205,12.988568416551407,-9.438765332969293,-9.030319060289882,-0.05352793906425009,-0.07622420816086026,0.04403452111636726,-0.05274943086229582,1.4240079011704079,-2.0689717923614754,4.595652653547449,-11.343442485957913,-6.728469618318088
320.5,-98.19220395238452,-281.40252635762886,-0.0443036523005536,-95.58159487869251,-281.50239118015907,-98.19220395238452,-281.40252635762886,-99.10307984885236,-281.259928772829,331.7284603709192,13.167696460855549,-8.062989060404135,-7.815252019162704,-0.045073717029818994,-0.06418532918558141,0.033665025160283926,-0.0443036523005536,1.4240079011704079,-2.0850270010545073,4.612789787665983,-11.33355455783551,-6.744758759924382
321.0,-98.2344603659401,-281.8760522939902,-0.03580046163714756,-95.84170871586122,-281.86602869901236,-98.2344603659401,-281.8760522939902,-99.09088238530325,-281.75310111990063,332.2218974245476,13.34682450515969,-6.687212787838976,-6.513045866056003,-0.03656185622126919,-0.052064372140543755,0.0233135590670216,-0.03580046163714756,1.4240079011704079,-2.0993716494355232,4.627747716479003,-11.323403144868864,-6.761058675746107
321.5,-98.27239992013406,-282.3477433914843,-0.027493076753502682,-96.12279606516825,-282.2493126831023,-98.27239992013406,-282.3477433914843,-99.07213872228115,-282.2457279756034,332.714891089808,13.515879637871315,-5.242648077509895,-5.15987306897036,-0.028245572844129218,-0.040221918903124314,0.011761400120237447,-0.027493076753502682,1.4240079011704079,-2.1117262548579903,4.634852034599948,-11.312989116955428,-6.777370574897345
322.0,-98.30762765002389,-282.81780461404253,-0.019493441977437163,-96.41269188412286,-282.64084780279495,-98.30762765002389,-282.81780461404253,-99.04912032544472,-282.73769618440764,333.2074108291813,13.680704342439086,-3.7691935531071374,-3.7875555448088534,-0.020236811941222396,-0.02881738009880035,-6.202915767982127e-05,-0.019493441977437163,1.4240079011704079,-2.121793029077693,4.63884079246625,-11.302313393540356,-6.793695715961401
322.5,-98.34157432502658,-283.28657863195895,-0.011911301063463798,-96.70258770307748,-283.0323829224876,-98.34157432502658,-283.28657863195895,-99.02385928151637,-283.22904867362496,333.69941200049215,13.845529047006854,-2.29573902870438,-2.4240904782397217,-0.012645316841158138,-0.01800703109461241,-0.01333834615189431,-0.011911301063463798,1.4240079011704079,-2.129291412235071,4.634772567190151,-11.291376930406113,-6.810035412123651
323.0,-98.3804867985133,-283.7546268409637,-0.0048535791165996755,-96.99248352203209,-283.42391804218033,-98.3804867985133,-283.7546268409637,-99.00402161374831,-283.7200921591088,334.1908845913524,14.010353751574625,-0.8222845043016225,-1.0949085542975712,-0.005578014600840102,-0.007943136864440203,-0.02569661855889695,-0.0048535791165996755,1.4240079011704079,-2.134009238710717,4.626309269160796,-11.28018071241885,-6.826390918506396
323.5,-98.42230683526455,-284.22214183084384,0.0015915540740003876,-97.28237934098671,-283.815453161873,-98.42230683526455,-284.22214183084384,-98.98747286906531,-284.21071688036955,334.6818054357266,14.175178456142396,0.6511700201011346,0.17620565991795606,0.0008769256718328866,0.0012487490854291986,-0.039043058420130006,0.0015915540740003876,1.4240079011704079,-2.136391048814453,4.610656658382141,-11.268725775152916,-6.842763554132
324.0,-98.47591057556136,-284.68937749635853,0.007368923523917171,-97.56872393282698,-284.22588547550987,-98.47591057556136,-284.68937749635853,-98.98491492942132,-284.70091154563966,335.1721866275844,14.31967117312843,1.8939676768526272,1.3665400567151502,0.006664326653584096,0.009490053810684296,-0.0481253722321846,0.007368923523917171,1.4240079011704079,-2.136462991972317,4.589654408493697,-11.257013203480398,-6.859154662091505
324.5,-98.53757000304961,-285.1565470095077,0.012456139992487554,-97.85159159219297,-284.65481963799556,-98.53757000304961,-285.1565470095077,-98.99219571573936,-285.19064961836284,335.66203410317996,14.444257264710464,2.910934000453068,2.4539416711022057,0.011761800414276538,0.016748896721919166,-0.0559496389187403,0.012456139992487554,1.4240079011704079,-2.1340987060652843,4.565362307910809,-11.245044207554173,-6.875565638511153
325.0,-98.61418212029645,-285.6230432879399,0.016780923012201212,-98.13445925155897,-285.08375380048125,-98.61418212029645,-285.6230432879399,-99.01763886893417,-285.6789768303585,336.15137044582417,14.568843356292497,3.9279003240535086,3.416621313873587,0.016097065017050514,0.0229223477699337,-0.0589414448966957,0.016780923012201212,1.4240079011704079,-2.1291871592763782,4.536880436260191,-11.232819955056168,-6.891997846337254
325.5,-98.70295919026105,-286.08919399660454,0.020285628253936087,-98.41732691092496,-285.51268796296694,-98.70295919026105,-286.08919399660454,-99.05814915975033,-286.16608000811345,336.64022917793653,14.69342944787453,4.944866647653949,4.234272738515275,0.019612478677023176,0.02792832459761715,-0.05926020267291744,0.020285628253936087,1.4240079011704079,-2.1220738910051455,4.509520550329716,-11.220341652142126,-6.908452667130892
326.0,-98.80568895218391,-286.5540526242296,0.02293897343678951,-98.70019457029095,-285.9416221254527,-98.80568895218391,-286.5540526242296,-99.11598716195813,-286.65069133146835,337.12866106673863,14.818015539456564,5.96183297125439,4.891387695766138,0.02227675841012574,0.031722279988483384,-0.05769605388297785,0.02293897343678951,1.4240079011704079,-2.112973399505969,4.480560275247021,-11.207610522182229,-6.924931520749158
326.5,-98.92216855267978,-287.01775940635804,0.02477071437212479,-98.97408240559912,-286.3844924090882,-98.92216855267978,-287.01775940635804,-99.19104254189455,-287.1328664014687,337.61670831673547,14.937854590278567,6.624645485496965,5.382049777667348,0.024119664082104135,0.03434659222649238,-0.05459685176325996,0.02477071437212479,1.4240079011704079,-2.101957049352171,4.454450121761981,-11.194627856119386,-6.941435799609212
327.0,-99.04992965167199,-287.4798529381706,0.025877798795400225,-99.22725195286732,-286.85951617037347,-99.04992965167199,-287.4798529381706,-99.28051019316639,-287.6119951288578,338.1044466383354,15.04674124858481,6.470352833148411,5.714027606774632,0.025238144870156156,0.03593931770598576,-0.05192743146023146,0.025877798795400225,1.4240079011704079,-2.0891545172503636,4.428274506765123,-11.18139499023886,-6.957966893198124
327.5,-99.19145534558137,-287.9399292364393,0.026356310883363553,-99.48042150013552,-287.3345399316588,-99.19145534558137,-287.9399292364393,-99.3873820146903,-288.0875716592987,338.59193631736855,15.155627906891052,6.316060180799857,5.909608463181425,0.025728285103081838,0.03663728127035344,-0.04944430055124007,0.026356310883363553,1.4240079011704079,-2.0747477107748624,4.404547194616437,-11.167913247573471,-6.974526281349753
328.0,-99.34194551063446,-288.3982877200795,0.02637569388347821,-99.73359104740372,-287.8095636929441,-99.34194551063446,-288.3982877200795,-99.50605606968792,-288.559947328944,339.07926954819953,15.264514565197295,6.1617675284513025,6.002110477854036,0.02575953326122857,0.03668177889445141,-0.0477296242874545,0.02637569388347821,1.4240079011704079,-2.0590509209524703,4.380611717183615,-11.154184010789105,-6.991115397458177
328.5,-99.50626650166468,-288.8537182683519,0.026115704195201976,-99.98676059467192,-288.2845874542294,-99.50626650166468,-288.8537182683519,-99.64228248835457,-289.0277187184894,339.56652132846233,15.373401223503537,6.007474876102748,6.029458444669551,0.025511640287528718,0.03632877734125819,-0.04675283903507623,0.026115704195201976,1.4240079011704079,-2.0422700962419653,4.3584063745178785,-11.14020871648889,-7.007735627351059
329.0,-99.67790522150779,-289.30739663894826,0.025737943329859157,-100.23421829630684,-288.75854264365563,-99.67790522150779,-289.30739663894826,-99.78841016536727,-289.492301730784,340.05379664992444,15.48247490419235,5.8669558880809065,6.0277238200361944,0.025146212195718748,0.035808404851211166,-0.04594924454686776,0.025737943329859157,1.4240079011704079,-2.024632306378084,4.335290061789088,-11.125988867891424,-7.024388412089203
329.5,-99.86402957159784,-289.7570401198452,0.025365651254683756,-100.415795758086,-289.2201729603701,-99.86402957159784,-289.7570401198452,-99.95287624472759,-289.9510485053881,340.5411812844975,15.593705694896581,5.885301891831243,6.027172035273904,0.024786483729603986,0.03529614867318784,-0.045088324812971974,0.025365651254683756,1.4240079011704079,-2.006384810669972,4.313756272526711,-11.111525991971224,-7.04107520365301
330.0,-100.05598561406825,-290.2050608095611,0.02510221152703422,-100.59737321986518,-289.6818032770846,-100.05598561406825,-290.2050608095611,-100.12550276112037,-290.40683396174774,341.02878890021464,15.704936485600813,5.903647895581579,6.05164287297751,0.024535839512218823,0.03493922932724869,-0.043910496226853765,0.02510221152703422,1.4240079011704079,-1.987651900794347,4.2913625154673305,-11.096821579926736,-7.05779738205915
330.5,-100.26296404111362,-290.64790804215926,0.025018099604278112,-100.77895068164435,-290.1434335937991,-100.26296404111362,-290.64790804215926,-100.31710923722952,-290.85551353814475,341.51671180584816,15.816167276305045,5.921993899331914,6.119884895895331,0.024464748459701445,0.03483799510676142,-0.04112616726925487,0.025018099604278112,1.4240079011704079,-1.968805099748453,4.27089105846908,-11.081877030130693,-7.0745563759251215
331.0,-100.47403569568634,-291.0896137154811,0.025163865827638524,-100.96052814342352,-290.6050639105136,-100.47403569568634,-291.0896137154811,-100.51485260973807,-291.30185640419296,342.0050680580207,15.927398067009277,5.940339903082251,6.246603489744139,0.024623754399506755,0.03506442082137721,-0.03816294858846134,0.025163865827638524,1.4240079011704079,-1.950031499396001,4.251112822330411,-11.066693563964733,-7.0913537061789285
331.5,-100.69923249361044,-291.5256425548126,0.025567309438877004,-101.14210560520269,-291.0666942272281,-100.69923249361044,-291.5256425548126,-100.73056067030426,-291.740544575028,342.4939522279498,16.03862885771351,5.958685906832587,6.441397422975812,0.02504065125569978,0.035658085238569184,-0.03269240914461569,0.025567309438877004,1.4240079011704079,-1.9315352874831044,4.233482916220998,-11.051272684686168,-7.108190811492079
332.0,-100.92665997874806,-291.9613506166608,0.026239576435293257,-101.31795862444228,-291.5331918154862,-100.92665997874806,-291.9613506166608,-100.95027840846477,-292.17788855188655,342.98348255963595,16.144301916813756,6.049847120337905,6.705335511421168,0.02572657498120371,0.03663484604328702,-0.02751391357620427,0.026239576435293257,1.4240079011704079,-1.9132426677695822,4.2189872456417135,-11.035615902283697,-7.125069167122678
332.5,-101.165235195825,-292.392196056377,0.02724305926664996,-101.45184672202987,-292.03537054956314,-101.165235195825,-292.392196056377,-101.18455000804306,-292.6085458831268,343.4737518141504,16.20923218398067,6.674804341283288,7.026675546523988,0.026743916905920043,0.03808354898227499,-0.020408061896683805,0.02724305926664996,1.4240079011704079,-1.8950172723144243,4.206410482592677,-11.019724650932433,-7.14199034700609
333.0,-101.4044384700941,-292.82362537325173,0.0283434451194093,-101.58573481961746,-292.53754928364015,-101.4044384700941,-292.82362537325173,-101.42106737040486,-293.03891877926577,343.9648690588624,16.274162451147582,7.299761562228671,7.378240659713868,0.027858358505939422,0.03967052262609558,-0.013863446551378214,0.0283434451194093,1.4240079011704079,-1.8769845144606259,4.198857560276828,-11.003600478502822,-7.158955880464133
333.5,-101.65034221308706,-293.2523084000786,0.02938360934483917,-101.71962291720504,-293.0397280177171,-101.65034221308706,-293.2523084000786,-101.66705005551506,-293.46508343397073,344.45693352223026,16.339092718314493,7.924718783174054,7.718728073984063,0.028912781008912244,0.04117202860150075,-0.00657533344473998,0.02938360934483917,1.4240079011704079,-1.8594233663843882,4.192718916614305,-10.987244950556954,-7.175967321443691
334.0,-101.89572476588584,-293.68233162379147,0.030181655426789356,-101.85351101479262,-293.5419067517941,-101.89572476588584,-293.68233162379147,-101.9140754641603,-293.8918474886846,344.95004049933607,16.404022985481408,8.549676004119437,7.998836201654571,0.029725287597538584,0.04232904440345767,0.00019929756019464772,0.030181655426789356,1.4240079011704079,-1.8425320225477886,4.192341810880306,-10.970659610707198,-7.193026237221075
334.5,-102.14286336127842,-294.1124203554566,0.0305685175061634,-101.9873991123802,-294.04408548587105,-102.14286336127842,-294.1124203554566,-102.16488434995826,-294.3177224365712,345.44428186695427,16.46895325264832,9.17463322506482,8.171189387901697,0.030126819321684206,0.042900828751211616,0.007211224860109463,0.0305685175061634,1.4240079011704079,-1.8258992492739954,4.192914644789619,-10.953846016117947,-7.2101342201313665
335.0,-102.38870413318408,-294.54438855558186,0.03046398385548888,-102.11612830258318,-294.54966386884007,-102.38870413318408,-294.54438855558186,-102.41592470191446,-294.7448680033173,345.93973759430196,16.523666388799096,9.639652112800677,8.201095847338681,0.03003717269837242,0.04277317125130239,0.013869852681860384,0.03046398385548888,1.4240079011704079,-1.8095478488000345,4.199490526716305,-10.93680577790678,-7.227292895673351
335.5,-102.63117301722077,-294.97949326959775,0.03004696579416761,-102.20850524303788,-295.0791978835674,-102.63117301722077,-294.97949326959775,-102.66477315688032,-295.1748025191369,346.43649931812905,16.50638449369242,8.977665260813781,8.074444908155241,0.029635261331795483,0.04220084628972663,0.02045697700810891,0.03004696579416761,1.4240079011704079,-1.7935128911262972,4.206714836184683,-10.919540520282075,-7.244503914507253
336.0,-102.87178262426323,-295.4168547903881,0.029083558291879492,-102.30088218349256,-295.60873189829476,-102.87178262426323,-295.4168547903881,-102.91320140604472,-295.60654188015354,346.93462840507584,16.489102598585745,8.315678408826887,7.799773061569181,0.02868718448156524,0.04085077736408201,0.026833592851699756,0.029083558291879492,1.4240079011704079,-1.7778419185841325,4.219877248981028,-10.902051939533377,-7.261768850104013
336.5,-103.10382383540268,-295.86028762712294,0.027669797666426035,-102.39325912394726,-296.1382659130221,-103.10382383540268,-295.86028762712294,-103.15328026476372,-296.04463510904077,347.4342037714092,16.47182070347907,7.653691556839991,7.404069237651619,0.027288977212779512,0.03885971916585724,0.03226411553308693,0.027669797666426035,1.4240079011704079,-1.7625951568459959,4.233534697347153,-10.884341691059186,-7.279089385718002
337.0,-103.33351817764483,-296.3062522539933,0.025940076974966475,-102.48563606440194,-296.66779992774946,-103.33351817764483,-296.3062522539933,-103.39226530041377,-296.4849872210622,347.9352734298117,16.454538808372394,6.991704704853095,6.9244870965764544,0.025575031761252504,0.0364190473007077,0.037618341419751074,0.025940076974966475,1.4240079011704079,-1.747605463116668,4.252197156621811,-10.866411427509027,-7.296467245302991
337.5,-103.5500284952721,-296.7604605740069,0.024035686308688176,-102.57801300485664,-297.1973339424768,-103.5500284952721,-296.7604605740069,-103.6173219964585,-296.9343901728524,348.43790247789724,16.43725691326572,6.3297178528661995,6.39973606958527,0.023686635515906863,0.033729956126794976,0.041024335236082315,0.024035686308688176,1.4240079011704079,-1.7328585680932185,4.271324608939109,-10.84826286458282,-7.313904134739594
338.0,-103.76366264451029,-297.2174180385346,0.02208804757966788,-102.66653615210973,-297.72923911741424,-103.76366264451029,-297.2174180385346,-103.84047907511889,-297.3864505317922,348.942124806255,16.41839443915826,5.686382767326662,5.864413834807387,0.021755207981665595,0.03097958805749733,0.04444736115624425,0.02208804757966788,1.4240079011704079,-1.7183311671384869,4.293529595770812,-10.829897815342184,-7.331401713830474
338.5,-103.96097173923404,-297.68350298998257,0.020228647320641245,-102.72623035713903,-298.2788821514229,-103.96097173923404,-297.68350298998257,-104.04581093301573,-297.84873832039204,349.4479912387392,16.38770818045471,5.18257532874474,5.347569297898332,0.01991223355911847,0.028355177918135254,0.045419258289731396,0.020228647320641245,1.4240079011704079,-1.7040081714236963,4.316226913353432,-10.811317941681795,-7.3489617728818715
339.0,-104.15478566008392,-298.1525003878298,0.01851869101176596,-102.78592456216833,-298.82852518543154,-104.15478566008392,-298.1525003878298,-104.2483099727893,-298.3140010342583,349.9555213812046,16.35702192175116,4.678767890162819,4.874510672652355,0.018218916867016318,0.02594388156939805,0.046440662463761585,0.01851869101176596,1.4240079011704079,-1.6898824161151504,4.33957417291207,-10.792524903303894,-7.3665861216549935
339.5,-104.331224996989,-298.6301881146428,0.017050768939361607,-102.84561876719765,-299.3781682194402,-104.331224996989,-298.6301881146428,-104.4315532274348,-298.789087638042,350.4647518901647,16.326335663047605,4.174960451580897,4.469456445954264,0.016767845633195253,0.023877544667275763,0.045430441512973145,0.017050768939361607,1.4240079011704079,-1.6758359494219097,4.363427838729351,-10.773520663824744,-7.38427645439649
340.0,-104.50349441525725,-299.11088204343025,0.015918145608356974,-102.90531297222695,-299.92781125344885,-104.50349441525725,-299.11088204343025,-104.6109942720474,-299.26735373013435,350.97569390680735,16.295649404344054,3.6711530129989747,4.156436190925716,0.015652285932004708,0.022288978838553127,0.04455061457887303,0.015918145608356974,1.4240079011704079,-1.6617929428896203,4.385922561526741,-10.75430703679323,-7.402034545850233
340.5,-104.65924856753244,-299.59900536596336,0.015206889832427944,-102.96500717725625,-300.47745428745753,-104.65924856753244,-299.59900536596336,-104.77204668717064,-299.7540365518717,351.4883585382068,16.264963145640504,3.167345574417053,3.9572046384607145,0.01495830355667398,0.021300742452809163,0.04278810593062,0.015206889832427944,1.4240079011704079,-1.6476635923051337,4.408991049254881,-10.734885682185643,-7.419862250982674
341.0,-104.81007444804858,-300.09017305263393,0.014974213226639634,-103.020312131477,-301.0263655823335,-104.81007444804858,-300.09017305263393,-104.928303855273,-300.2440011284765,352.0027570908644,16.237065262884215,2.779195369327293,3.8869069322266605,0.014743108765045507,0.020994303369239495,0.04138552233764495,0.014974213226639634,1.4240079011704079,-1.6334190849173909,4.429846887862313,-10.715258255395987,-7.437761435298433
341.5,-104.94617881505923,-300.58736813280603,0.015209014295990843,-103.0431612398238,-301.5698661104188,-104.94617881505923,-300.58736813280603,-105.06823330838063,-300.74077161757606,352.518881519848,16.22978572798045,3.2462602130341103,3.9499302174303677,0.014995600121276742,0.021353853055490007,0.04024775908792326,0.015209014295990843,1.4240079011704079,-1.6190350010160783,4.451580211998631,-10.6954264655837,-7.455733895399101
342.0,-105.07628597226291,-301.0876393770341,0.01592125244744087,-103.06601034817061,-302.1133666385041,-105.07628597226291,-301.0876393770341,-105.20211638293128,-301.24088258973836,353.0367245457195,16.222506193076683,3.7133250567409273,4.138536201073395,0.01572573167843133,0.022393566161771995,0.039785410984162356,0.01592125244744087,1.4240079011704079,-1.6045137359764696,4.471411204107604,-10.675391950067565,-7.473781525633261
342.5,-105.19326963995047,-301.592810754588,0.017045786538110525,-103.08885945651741,-302.65686716658945,-105.19326963995047,-301.592810754588,-105.32161461350478,-301.74647994262995,353.5562732846645,16.215226658172917,4.180389900447745,4.435259510103749,0.016868364948785613,0.024020684966896674,0.040032139855441726,0.017045786538110525,1.4240079011704079,-1.5898555657179125,4.492768825781393,-10.655156336783874,-7.491906234474617
343.0,-105.30251963613159,-302.10113745066724,0.018499664981775188,-103.11170856486422,-303.20036769467475,-105.30251963613159,-302.10113745066724,-105.43313951941705,-302.25550657683186,354.0775095825566,16.20794712326915,4.647454744154562,4.818016231920442,0.018340544983479434,0.026117080968246,0.04097574995570494,0.018499664981775188,1.4240079011704079,-1.575034016221762,4.5129915504921865,-10.634721262935452,-7.510109934000699
343.5,-105.39954314587429,-302.6135484165213,0.020202177658198116,-103.13455767321102,-303.74386822276006,-105.39954314587429,-302.6135484165213,-105.53149665031091,-302.76904906963,354.600410358106,16.200667588365384,5.114519587861379,5.265389828685868,0.0200615603221416,0.028567820408536393,0.04209697860835073,0.020202177658198116,1.4240079011704079,-1.5599882738214015,4.535436336021888,-10.614088480850185,-7.52839446251023
344.0,-105.48635251003333,-303.12915326615047,0.022075328251892633,-103.15296548538069,-304.2811205984883,-105.48635251003333,-303.12915326615047,-105.61916065114131,-303.286054040825,355.12495342049544,16.19811154372446,5.592985966402555,5.760110715263354,0.021953413649493818,0.03126183449454147,0.04336126292876859,0.022075328251892633,1.4240079011704079,-1.5444388358661532,4.55696224187667,-10.593259616509611,-7.546761762549287
344.5,-105.561650411144,-303.6481180953589,0.023946059740864434,-103.12730602815934,-304.7563777813419,-105.561650411144,-303.6481180953589,-105.69472222948515,-303.8067139672174,355.6510949282631,16.242422744494927,6.184580244317666,6.2901831806802475,0.02384304253181867,0.03395268095325187,0.04401066530155146,0.023946059740864434,1.4240079011704079,-1.5284652872092215,4.580842740495298,-10.572236291985101,-7.565213792836789
345.0,-105.62407873229293,-304.17008670956716,0.025901746633382714,-103.10164657093797,-305.2316349641955,-105.62407873229293,-304.17008670956716,-105.75670517848977,-304.33061176577627,356.1788112263337,16.286733945265393,6.776174522232776,6.848375016208854,0.025817817725867602,0.036764776432612875,0.043987772221932224,0.025901746633382714,1.4240079011704079,-1.5122149554785043,4.6031820049819725,-10.551020130781142,-7.583752523812169
345.5,-105.67639660507247,-304.6946599466383,0.027927734415538683,-103.07598711371662,-305.7068921470491,-105.67639660507247,-304.6946599466383,-105.80848145560842,-304.85728553508847,356.7080510069915,16.331045146035862,7.367768800147887,7.431168198453104,0.027863080683719673,0.039677247044565385,0.04321576121678735,0.027927734415538683,1.4240079011704079,-1.4957175728575625,4.627156313372975,-10.529612824835828,-7.60237987128447
346.0,-105.71393265167833,-305.22175190544874,0.03001932834516586,-103.05032765649527,-306.1821493299027,-105.71393265167833,-305.22175190544874,-105.84468632801693,-305.38664830668097,357.23878382074923,16.37535634680633,7.959363078062998,8.037632520063926,0.029974132817061135,0.042683401962226274,0.041387811593790104,0.03001932834516586,1.4240079011704079,-1.4789903779707212,4.648804910978331,-10.508015983988287,-7.621097847112073
346.5,-105.7436380317994,-305.7507544271104,0.03217630071763981,-103.0246681992739,-306.65740651275627,-105.7436380317994,-305.7507544271104,-105.87363317489144,-305.9180060705192,357.7709522173848,16.419667547576797,8.550957355978108,8.66801647852682,0.032150742641562126,0.04578291155008082,0.03938461745277576,0.03217630071763981,1.4240079011704079,-1.4620372484433521,4.670960292647954,-10.486231191017396,-7.6399085104462525
347.0,-105.75786704037506,-306.2816273884906,0.03439497723431622,-102.99900874205255,-307.1326636956099,-105.75786704037506,-306.2816273884906,-105.88646675547778,-306.45134146197086,358.30452023371913,16.463978748347266,9.142551633893218,9.321636024075575,0.034389237592569066,0.04897054604704477,0.0369238892451691,0.03439497723431622,1.4240079011704079,-1.4448870338540303,4.690591319028281,-10.464260041838427,-7.6588139125876005
347.5,-105.76681610940305,-306.81391465240466,0.036637892299702865,-102.95095132069603,-307.6034856028171,-105.76681610940305,-306.81391465240466,-105.89532571993945,-306.98615711090616,358.8394255093498,16.512679457396118,9.805147652890982,9.993891008290912,0.036652154433658476,0.052192957508447664,0.03572805198086093,0.036637892299702865,1.4240079011704079,-1.427703633129035,4.710232500938568,-10.442104156673068,-7.677816065961574
348.0,-105.76016542154865,-307.3474282311194,0.03883835102407575,-102.86008164726546,-308.06582976901876,-105.76016542154865,-307.3474282311194,-105.88821241936158,-307.5222815774322,359.37562774776234,16.56977042610255,10.60345888326171,10.67280982253704,0.03887279680613158,0.05535516979252317,0.03381888008431222,0.03883835102407575,1.4240079011704079,-1.4106070354956854,4.728674432745853,-10.419765110240009,-7.696917067897164
348.5,-105.74941995550353,-307.88202228454327,0.040950839125682086,-102.76921197383489,-308.5281739352205,-105.74941995550353,-307.88202228454327,-105.87880198273524,-308.05960427167753,359.9130608047661,16.626861394808987,11.401770113632438,11.336118173581436,0.041005660502036884,0.058392384547611836,0.034376994971065056,0.040950839125682086,1.4240079011704079,-1.393723635016399,4.746367517180272,-10.397244464265977,-7.7161190395189845
349.0,-105.72380066356988,-308.4172436340782,0.04285616969429111,-102.67834230040431,-308.99051810142214,-105.72380066356988,-308.4172436340782,-105.85454463165662,-308.5976645455652,360.45168112229635,16.683952363515424,12.200081344003166,11.950181884840433,0.042931556381270754,0.061134875496472396,0.03524210391040629,0.04285616969429111,1.4240079011704079,-1.3771679469877423,4.765471636067476,-10.374543764090461,-7.735424122743098
349.5,-105.69250847815178,-308.95314452067305,0.044405882600384944,-102.58747262697374,-309.4528622676238,-105.69250847815178,-308.95314452067305,-105.82638061266019,-309.13660725354066,360.99142526015936,16.74104333222186,12.998392574373895,12.472250851243412,0.044502027327218786,0.06337123853206096,0.03863520939348349,0.044405882600384944,1.4240079011704079,-1.361041331622134,4.784176900105807,-10.351664511169025,-7.754834437299994
350.0,-105.64672526785874,-309.48905275844527,0.045444991107904675,-102.49660295354316,-309.91520643382546,-105.64672526785874,-309.48905275844527,-105.78402588499479,-309.6757338332434,361.53223541505326,16.798134300928297,13.796703804744624,12.856590154611581,0.04556209668878909,0.06488078567872574,0.04335579711606459,0.045444991107904675,1.4240079011704079,-1.3454616657639247,4.806984716025908,-10.328608218751818,-7.774352175110851
350.5,-105.59083016210515,-310.02480858442505,0.045843716167276616,-102.40573328011259,-310.3775506000272,-105.59083016210515,-310.02480858442505,-105.73268762899608,-310.2149537194765,362.0740529500551,16.85522526963473,14.595015035115352,13.063411122464505,0.04598195926998293,0.06547867331175157,0.050978748695234805,0.045843716167276616,1.4240079011704079,-1.3307279228590763,4.830854298108615,-10.305376368594912,-7.793979564487567
351.0,-105.51929236525424,-310.55971389451054,0.045586397908879,-102.28393862206676,-310.8366240549081,-105.51929236525424,-310.55971389451054,-105.66587259423217,-310.7535431038682,362.61681860193727,16.901330553259037,14.549841785923537,13.0675660932536,0.04574597770430864,0.06514263369770082,0.05822005372607371,0.045586397908879,1.4240079011704079,-1.3167283429891898,4.861950832407191,-10.281970423755922,-7.81371886378864
351.5,-105.42993309556164,-311.09256471946907,0.04465340389294617,-102.13627410502274,-311.29296144243943,-105.42993309556164,-311.09256471946907,-105.58098703194153,-311.2901775377474,363.160472677483,16.93824591722423,13.799063511379735,12.863213268131968,0.04483452804140841,0.06384472217621179,0.06796166763500107,0.04465340389294617,1.4240079011704079,-1.3035186050078542,4.893727702087446,-10.25839181888764,-7.833572447769506
352.0,-105.32424923979161,-311.6234718541702,0.043045083767960346,-101.9886095879787,-311.7492988299707,-105.32424923979161,-311.6234718541702,-105.47971754890204,-311.8250682737129,363.7049607096617,16.975161281189425,13.048285236835932,12.462149138922996,0.04324791013041406,0.06158536573481735,0.07516161120467352,0.043045083767960346,1.4240079011704079,-1.2912165067153245,4.935469261622072,-10.234641987527956,-7.853542612451687
352.5,-105.19039269158691,-312.14847874256026,0.04084739632999556,-101.84094507093467,-312.20563621750205,-105.19039269158691,-312.14847874256026,-105.34800916183127,-312.3536253476335,364.25021074524915,17.012076645154618,12.29750696229213,11.886713676691814,0.04107212190133977,0.05848702610534199,0.0824295751362332,0.04084739632999556,1.4240079011704079,-1.2799165417988136,4.975113443695245,-10.210722340441299,-7.873631679296365
353.0,-105.0425802556153,-312.6707984274128,0.03815141653935516,-101.69328055389063,-312.6619736050334,-105.0425802556153,-312.6707984274128,-105.20243548263785,-312.87967397382835,364.7961750049561,17.048992009119814,11.546728687748328,11.161139401972527,0.03839822225619268,0.054679371883715785,0.08789339412080203,0.03815141653935516,1.4240079011704079,-1.2697161071657295,5.024927321428437,-10.186634264653115,-7.893841995296035
353.5,-104.85667601784667,-313.1812461484466,0.035033120619180895,-101.54561603684661,-313.1183109925647,-104.85667601784667,-313.1812461484466,-105.01442009344608,-313.3924320689209,365.3427873354628,17.085907373085007,10.795950413204526,10.305699062705514,0.035302166686030846,0.05027056428934268,0.09009917502145783,0.035033120619180895,1.4240079011704079,-1.2608547191563901,5.070502326975189,-10.162379101051352,-7.914175937020321
354.0,-104.66149748845106,-313.6890544984118,0.031550807847407075,-101.39795151980258,-313.57464838009605,-104.66149748845106,-313.6890544984118,-104.81766153266794,-313.9027625134676,365.8899886530249,17.122822737050203,10.045172138660725,9.33587916176959,0.03184230518498212,0.045343694174893985,0.09823703730857335,0.031550807847407075,1.4240079011704079,-1.253391647629776,5.122998267752937,-10.137958120966537,-7.934635914819535
354.5,-104.42263513362282,-314.1782258676452,0.027788706637234782,-101.22796972143027,-314.03096573476154,-104.42263513362282,-314.1782258676452,-104.57145570378482,-314.39182330146735,366.43772040153175,17.14995970467607,8.815563326918213,8.265625108537858,0.028102793734568393,0.040018600322987624,0.09375313837397822,0.027788706637234782,1.4240079011704079,-1.247244570557763,5.1773108743639185,-10.113372623999537,-7.955224347626013
355.0,-104.17336304289269,-314.662221182085,0.023775377694133133,-101.05050780244724,-314.48727637497774,-104.17336304289269,-314.662221182085,-104.31471308656137,-314.87540835332385,366.9859301620202,17.173819230801712,7.425464080984696,7.111661028015618,0.024112224225827608,0.03433599781237104,0.09420086530061286,0.023775377694133133,1.4240079011704079,-1.2423583067413049,5.225198644456968,-10.088623845829686,-7.975943649859016
355.5,-103.88865040562379,-315.1265992060077,0.019575273590967134,-100.87304588346423,-314.94358701519394,-103.88865040562379,-315.1265992060077,-104.01774044828547,-315.33646602720745,367.5345555846873,17.197678756927353,6.035364835051181,5.896008319458239,0.019935100206126783,0.028387740204148366,0.09127252720697218,0.019575273590967134,1.4240079011704079,-1.2387694970471508,5.279844449425856,-10.063713039188066,-7.996796299362194
356.0,-103.58814390295838,-315.5803783934699,0.01528033902895546,-100.6955839644812,-315.3998976554102,-103.58814390295838,-315.5803783934699,-103.70340036198861,-315.7855274733559,368.0835407172679,17.221538283052993,4.645265589117664,4.645435167179405,0.015663273109410646,0.02230462466599074,0.08357009384114808,0.01528033902895546,1.4240079011704079,-1.2365067417286875,5.3246607314568415,-10.038641379559431,-8.017784820482083
356.5,-103.26316763214008,-316.0172124484351,0.010987168218497802,-100.51812204549819,-315.8562082956264,-103.26316763214008,-316.0172124484351,-103.36123348024935,-316.21503464203715,368.632830655971,17.245397809178634,3.2551663431841478,3.388432292587132,0.011393374638867785,0.016224255506742266,0.07307161887105686,0.010987168218497802,1.4240079011704079,-1.2357029956194767,5.37081366130191,-10.01341000503696,-8.03891176572384
357.0,-102.9223510958425,-316.44103862019534,0.006783657623078699,-100.34066012651516,-316.3125189358426,-102.9223510958425,-316.44103862019534,-103.00114327582202,-316.6295192191579,369.18237165842953,17.269257335304275,1.8650670972506322,2.151210756884585,0.0072133273023365805,0.010271835072255514,0.05587705485225539,0.006783657623078699,1.4240079011704079,-1.2363472968448037,5.404200740946414,-9.988020070673338,-8.060179690977279
357.5,-102.56931255111719,-316.8548106306112,0.0027380235819349625,-100.16319820753215,-316.7688295760588,-102.56931255111719,-316.8548106306112,-102.62714520613619,-317.03235175664383,369.73211124842277,17.293116861429915,0.47496785131711583,0.9543643464274263,0.0031913001584053177,0.004544436640575546,0.04101010237229219,0.0027380235819349625,1.4240079011704079,-1.2384044803560867,5.431593198620363,-9.962472697689762,-8.081591177390758
358.0,-102.20604793304442,-317.2590529051909,-0.0011090894427723133,-99.99720916545333,-317.2359363445079,-102.20604793304442,-317.2590529051909,-102.24135651724218,-317.4240448085422,370.28199284208546,17.275246428227515,-0.5247907327312461,-0.1886208590690775,-0.0006320351270887541,-0.0009000230147916288,0.021819370493344196,-0.0011090894427723133,1.4240079011704079,-1.2417672902890542,5.448792833182177,-9.936768972248979,-8.103148831348506
358.5,-101.83930641188893,-317.66009764491037,-0.004768172218122079,-99.8319341161875,-317.7037149895952,-101.83930641188893,-317.66009764491037,-101.85149795497892,-317.8119466412557,370.831962314125,17.254779009866535,-1.5002572033428914,-1.2704595216505943,-0.004267190481246071,-0.006076512961093561,0.006885978587716179,-0.004768172218122079,1.4240079011704079,-1.246276374198781,5.4553046813508725,-9.910909871894283,-8.124855321664223
359.0,-101.47090280386684,-318.0594718500278,-0.008225664205443217,-99.66665906692167,-318.1714936346825,-101.47090280386684,-318.0594718500278,-101.45949620855141,-318.19775746340764,371.3819788402844,17.234311591505556,-2.4757236739545365,-2.28724617585574,-0.007700608226688173,-0.010965726958621802,-0.008466959233551834,-0.008225664205443217,1.4240079011704079,-1.2518862466425207,5.456275825117863,-9.884896369819144,-8.146713328603559
359.5,-101.10348781009756,-318.4596898077538,-0.011467409245142909,-99.50138401765584,-318.6392722797699,-101.10348781009756,-318.4596898077538,-101.06827215261212,-318.5843458827917,371.93200186285844,17.213844173144576,-3.4511901445661817,-3.235214998787054,-0.010918108676918125,-0.015547473021768598,-0.02343815321515699,-0.011467409245142909,1.4240079011704079,-1.2587260343108941,5.4461054974782535,-9.858729435632084,-8.16872553524452
360.0,-100.74313788589927,-318.8666350852742,-0.014473268213846608,-99.33610896839,-319.1070509248572,-100.74313788589927,-318.8666350852742,-100.68478808738364,-318.9785529210194,372.48198591214737,17.193376754783596,-4.426656615177827,-4.1088890952734385,-0.013899592224039794,-0.019793129150079428,-0.03331929989235986,-0.014473268213846608,1.4240079011704079,-1.2667237818535473,5.430803637976005,-9.832409999177042,-8.190894650281349
360.5,-100.3880178977241,-319.2780553313439,-0.01721948247872127,-99.17083391912416,-319.5748295699446,-100.3880178977241,-319.2780553313439,-100.30671042393703,-319.3776579559625,373.03188732974314,17.172909336422613,-5.402123085789473,-4.901764296934575,-0.01662128782300009,-0.023668845187579616,-0.046165687112835536,-0.01721948247872127,1.4240079011704079,-1.2757857312716694,5.409886513066159,-9.80593894947248,-8.213223408186108
361.0,-100.04477419361496,-319.6999852274351,-0.01967668688725,-99.0114178564741,-320.0416081207513,-100.04477419361496,-319.6999852274351,-99.94169685792599,-319.78870109578565,373.58166429538096,17.157637405725964,-6.31134035836289,-5.609150488994343,-0.019053822746321405,-0.027132794138262122,-0.05545351370786864,-0.01967668688725,1.4240079011704079,-1.2857965214897362,5.380608123639111,-9.779317069447435,-8.235714583676355
361.5,-99.71411079665188,-320.1317943481137,-0.021747453806536133,-98.90034006184698,-320.5001356157769,-99.71411079665188,-320.1317943481137,-99.59042976816181,-320.2108938106173,374.1312823167587,17.18522969229054,-6.673983333861533,-6.231442941069861,-0.02109978064695305,-0.030046254354223603,-0.06971538076490232,-0.021747453806536133,1.4240079011704079,-1.2966210989884266,5.349563385693903,-9.752545151231491,-8.25837096613913
362.0,-99.39745412465021,-320.5745517049761,-0.023541997817865163,-98.78926226721985,-320.95866311080255,-99.39745412465021,-320.5745517049761,-99.25445892322028,-320.6454601334811,374.68069804260836,17.212821978855114,-7.036626309360176,-6.775763931860144,-0.022869365340106813,-0.032566156939064776,-0.08176926163942144,-0.023541997817865163,1.4240079011704079,-1.3081526834067276,5.304728270929387,-9.725623951416328,-8.28119536965923
362.5,-99.1065506304814,-321.03462679317414,-0.025106171988983104,-98.67818447259273,-321.4171906058281,-99.1065506304814,-321.03462679317414,-98.94749068542382,-321.09987180084437,375.2298754727485,17.240414265419687,-7.3992692848588195,-7.254967649556053,-0.024408443505002625,-0.03475781640639526,-0.10008416594780256,-0.025106171988983104,1.4240079011704079,-1.320613342816741,5.2605753411765885,-9.698554187506385,-8.304190637476648
363.0,-98.82993363501015,-321.50397977435864,-0.026494400870602064,-98.56710667796563,-321.87571810085376,-98.82993363501015,-321.50397977435864,-98.65593382323158,-321.56465831321174,375.7787859615034,17.268006551984264,-7.761912260357462,-7.684631227857037,-0.0257714362007533,-0.03669872877438178,-0.11578836415649359,-0.026494400870602064,1.4240079011704079,-1.3338784392965533,5.19559852064431,-9.67133653036394,-8.327359646157472
363.5,-98.60094267363684,-321.99824548217487,-0.02775752336902972,-98.4560288833385,-322.3342455958794,-98.60094267363684,-321.99824548217487,-98.4189195583612,-322.0582101006508,376.32738532510587,17.295598838548838,-8.124555235856105,-8.079464972169298,-0.027009179765175962,-0.03846128538974247,-0.1313055691221122,-0.02775752336902972,1.4240079011704079,-1.3478062741728143,5.1346168373925805,-9.643971666262983,-8.35070538463968
364.0,-98.38340679031819,-322.49792404794385,-0.028933474241276225,-98.34495108871138,-322.79277309090503,-98.38340679031819,-322.49792404794385,-98.19380876090868,-322.55758971190096,376.8756553237294,17.32319112511341,-8.487198211354748,-8.450501539147636,-0.028159613605800972,-0.040099512268566305,-0.1544720212031869,-0.028933474241276225,1.4240079011704079,-1.3622385675795536,5.052114452541911,-9.6164601665788,-8.374230782394573
364.5,-98.23871353248467,-323.0231476174549,-0.030042046655189454,-98.23387329408426,-323.25130058593066,-98.23871353248467,-323.0231476174549,-98.05274176371374,-323.08649168384335,377.4235609374528,17.350783411677988,-8.849841186853393,-8.803453834795313,-0.0292425279728352,-0.04164159088351399,-0.145510777070843,-0.030042046655189454,1.4240079011704079,-1.3770010891371802,4.9667873155945355,-9.58880255327426,-8.397938797759172
365.0,-98.10956678030949,-323.55102393261905,-0.03090237582837788,-98.1718203030502,-323.72473699757245,-98.10956678030949,-323.55102393261905,-97.92823762702365,-323.6179998631833,377.9710756359371,17.430121966653555,-9.187331767332115,-9.137688227496895,-0.030077067047479436,-0.042829981119642827,-0.14238002196794938,-0.03090237582837788,1.4240079011704079,-1.391904434117939,4.893293843925191,-9.560999298205168,-8.42183241803741
365.5,-98.04355799881793,-324.09012805577987,-0.03164999207049042,-98.11224160049592,-324.19892586425584,-98.04355799881793,-324.09012805577987,-97.87622256846007,-324.1622251057454,378.5181746650093,17.512072162807016,-9.523552903026241,-9.445138421446616,-0.03079876135437597,-0.043857679514893194,-0.12980867788747832,-0.03164999207049042,1.4240079011704079,-1.4068936377257304,4.8124041854491795,-9.533050822640913,-8.445914659366231
366.0,-98.00129616698712,-324.62995348609996,-0.03224256939841623,-98.05266289794166,-324.67311473093923,-98.00129616698712,-324.62995348609996,-97.85030006863443,-324.70683512947613,379.06484048766293,17.594022358960476,-9.859774038720367,-9.709112637833256,-0.03136528660906336,-0.044664415953780616,-0.11074601968869874,-0.03224256939841623,1.4240079011704079,-1.4220451873113031,4.752291453479927,-9.504957511763783,-8.470188562008081
366.5,-98.00040567077384,-325.17099898387966,-0.032602219265888584,-97.99308419538738,-325.1473035976227,-98.00040567077384,-325.17099898387966,-97.87116088808166,-325.25245008776574,379.6110453317446,17.675972555113937,-10.195995174414493,-9.903960343536712,-0.03169875867578447,-0.0451392828116111,-0.09303091520297178,-0.032602219265888584,1.4240079011704079,-1.4372416518340776,4.692612766809859,-9.476719725833247,-8.494657157043278
367.0,-98.0226630897655,-325.7102481087394,-0.03263252601265043,-97.9335054928331,-325.6214924643061,-98.0226630897655,-325.7102481087394,-97.91733708504971,-325.79555959656784,380.1567697565664,17.757922751267397,-10.53221631010862,-9.99727053907192,-0.03170276343174675,-0.04514498561574365,-0.07044045710674031,-0.03263252601265043,1.4240079011704079,-1.452357981947679,4.651727935800416,-9.448337732442829,-8.519323542241237
367.5,-98.06580763372182,-326.24783045756345,-0.03223796252933584,-97.87392679027884,-326.09568133098946,-98.06580763372182,-326.24783045756345,-97.98616146399209,-326.33635904180153,380.7019959285709,17.839872947420858,-10.868437445802746,-9.955771663201936,-0.03128177682531372,-0.04454549736189609,-0.05428227200049587,-0.03223796252933584,1.4240079011704079,-1.4672623556731983,4.616628165168786,-9.419811748228312,-8.544190842002013
368.0,-98.12570253881162,-326.78296552717705,-0.03135196094370324,-97.81434808772457,-326.56987019767286,-98.12570253881162,-326.78296552717705,-98.07278681128665,-326.8739765210131,381.24670758409513,17.92182314357432,-11.204658581496872,-9.754346588074885,-0.030369231919288288,-0.043246026205543076,-0.035907254363891784,-0.03135196094370324,1.4240079011704079,-1.4818170212197532,4.593237742563575,-9.391141938749511,-8.569262206800035
368.5,-98.19379229421267,-327.31687868550773,-0.029969152969400642,-97.79015105535203,-327.0562516884701,-98.19379229421267,-327.31687868550773,-98.16719831531194,-327.4099014960689,381.79089668023704,18.002519593834812,-10.521354639374177,-9.385589539447126,-0.028959760955353558,-0.041238928416429746,-0.023325031661189658,-0.029969152969400642,1.4240079011704079,-1.49587909968413,4.577976840000207,-9.362328418262887,-8.594540812710035
369.0,-98.26990088002812,-327.84930448061175,-0.02815181991844259,-97.7775798196193,-327.54663946183473,-98.26990088002812,-327.84930448061175,-98.26927070948894,-327.9438685837793,382.3345435383004,18.08280408517096,-9.50305262726213,-8.866485390895775,-0.027115645579893852,-0.03861289355110529,-0.010581282675091412,-0.02815181991844259,1.4240079011704079,-1.5095136648697463,4.568142326399272,-9.333371253251151,-8.620029856034982
369.5,-98.34839284927898,-328.38121395823373,-0.026039178029332744,-97.76500858388658,-328.0370272351993,-98.34839284927898,-328.38121395823373,-98.37248315347207,-328.47706364616766,382.8776366291543,18.163088576507107,-8.484750615150082,-8.239560349773583,-0.024976100730296377,-0.03556616478037004,-0.0006172212909644993,-0.026039178029332744,1.4240079011704079,-1.5227882559072672,4.566601017569207,-9.304270503924567,-8.64573249905003
370.0,-98.42610364336956,-328.9131408757429,-0.023828922393371584,-97.75243734815386,-328.5274150085639,-98.42610364336956,-328.9131408757429,-98.47324046352064,-329.0101525630564,383.4201658530821,18.243373067843255,-7.466448603038034,-7.56794948915449,-0.022738821168312977,-0.032380261006978606,0.0054461675474524055,-0.023828922393371584,1.4240079011704079,-1.5356200179453396,4.567479272466043,-9.275026164597541,-8.67165198400031
370.5,-98.50361993001067,-329.44490410125263,-0.021744098973062415,-97.73986611242113,-329.0178027819285,-98.50361993001067,-329.44490410125263,-98.57236729170077,-329.5429535282318,383.9621225115089,18.323657559179402,-6.448146590925987,-6.925598629326067,-0.020626853533959412,-0.029372802408642953,0.010626149817740717,-0.021744098973062415,1.4240079011704079,-1.5479469554754797,4.572456336441677,-9.245638152805121,-8.69779158079502
371.0,-98.57600051954448,-329.9773472557004,-0.019994469721144267,-97.7272948766884,-329.5081905552931,-98.57600051954448,-329.9773472557004,-98.66417791066146,-330.076483668278,384.503499281818,18.40394205051555,-5.429844578813938,-6.384577136948634,-0.01884995961803292,-0.026842491432822,0.011539717761290594,-0.019994469721144267,1.4240079011704079,-1.5597081117005307,4.578899910094719,-9.216106321467128,-8.724154584628565
371.5,-98.64661944841075,-330.5097787164646,-0.018738395619575268,-97.71472364095568,-329.9985783286577,-98.64661944841075,-330.5097787164646,-98.75274939709219,-330.60994824312377,385.04429019593357,18.484226541851697,-4.411542566701891,-6.0018876428476,-0.01756650225954868,-0.02501483801352514,0.010747538509899844,-0.018738395619575268,1.4240079011704079,-1.5708441721325712,4.584855724901544,-9.186430470442822,-8.75074431365774
372.0,-98.71260212317658,-331.0426396197013,-0.01805339395443513,-97.72272184071781,-330.49467091813824,-98.71260212317658,-331.0426396197013,-98.83477803888097,-331.14388108287255,385.5844906232084,18.564286612900386,-4.2939272688228085,-5.808440275097044,-0.016854000342926317,-0.024000229654655838,0.00773534547890243,-0.01805339395443513,1.4240079011704079,-1.5812980236849268,4.590443129944316,-9.156610351915042,-8.777564101980749
372.5,-98.77720920084099,-331.57534827067127,-0.017921044264076168,-97.74731919317148,-330.99536718834736,-98.77720920084099,-331.57534827067127,-98.91414387735702,-331.6776104656266,386.1240972580085,18.64416558094216,-4.903149433280683,-5.8029291039249475,-0.016694036630340095,-0.023772440064032507,0.0025902280822169953,-0.017921044264076168,1.4240079011704079,-1.5911659661891877,4.593159133472184,-9.126645712945107,-8.80461724829178
373.0,-98.84022112569667,-332.1079240125392,-0.018232934386130956,-97.77191654562515,-331.49606345855653,-98.84022112569667,-332.1079240125392,-98.9905994519771,-332.21117126481806,386.6631081122223,18.72404454898394,-5.512371597738558,-5.952385323951266,-0.016978202367229737,-0.02417709431860527,-0.0023654935172444337,-0.018232934386130956,1.4240079011704079,-1.6004791489127685,4.593220613688531,-9.096536197174846,-8.831907132999346
373.5,-98.9046749000539,-332.63990714937364,-0.018814957378867157,-97.79651389807883,-331.9967597287657,-98.9046749000539,-332.63990714937364,-99.0677018492751,-332.74403560179513,387.2015225127427,18.803923517025716,-6.121593762196433,-6.199236489470031,-0.017532395219255204,-0.024966269318661697,-0.007775701276801006,-0.018814957378867157,1.4240079011704079,-1.6092270197757552,4.5906208750803446,-9.066281402830636,-8.859437149371539
374.0,-98.9703528291491,-333.17132145759217,-0.01946199605650023,-97.8211112505325,-332.49745599897483,-98.9703528291491,-333.17132145759217,-99.14516283154035,-333.27624591512216,387.7393411037906,18.883802485067495,-6.730815926654307,-6.4727893597375035,-0.018151502327517458,-0.02584788273249791,-0.011492528571009616,-0.01946199605650023,1.4240079011704079,-1.6173774509920618,4.584887299928646,-9.035880905684781,-8.8872106783981
374.5,-99.04078373985891,-333.7016224107952,-0.019975757866279423,-97.84570860298616,-332.998152269184,-99.04078373985891,-333.7016224107952,-99.22709790497733,-333.80717753056877,388.2765658537576,18.963681453109274,-7.3400380911121825,-6.702345944485087,-0.01863723740094092,-0.026539573314928507,-0.012766347625858689,-0.019975757866279423,1.4240079011704079,-1.624954979794146,4.578318478909246,-9.005334190354496,-8.915231162523993
375.0,-99.11331029911582,-334.2312107807871,-0.020198124483336542,-97.87030595543983,-333.4988485393932,-99.11331029911582,-334.2312107807871,-99.31035274381412,-334.3373186199133,388.8132067556413,19.04356042115105,-7.949260255570056,-6.829373982841961,-0.018831486331947644,-0.026816185327475987,-0.012626944063788944,-0.020198124483336542,1.4240079011704079,-1.631990724257266,4.571233139732548,-8.974640694531566,-8.943502056979193
375.5,-99.1911146018555,-334.75953887020785,-0.020039660178461507,-97.90294018370672,-334.00297355629937,-99.1911146018555,-334.75953887020785,-99.39866037540473,-334.8660409432288,389.3492565537505,19.120753994475365,-8.109869821244695,-6.8166064980989365,-0.018644820058754646,-0.026550371079567123,-0.007956661678834227,-0.020039660178461507,1.4240079011704079,-1.6385231907536926,4.5648267342259885,-8.943799845562253,-8.9720267864595
376.0,-99.27028193079134,-335.28724405510457,-0.019482230617861165,-97.95023183631766,-334.51335182340813,-99.27028193079134,-335.28724405510457,-99.48742756690572,-335.3941083619948,389.8847334732924,19.193050021686002,-7.452312554523901,-6.652490649114949,-0.018059107466315047,-0.025716311720118134,-0.0022481603491897244,-0.019482230617861165,1.4240079011704079,-1.6445276547901275,4.562742092092482,-8.912810973633654,-9.000808845926977
376.5,-99.35016250764559,-335.81441466192535,-0.018560455263362488,-97.99752348892859,-335.02373009051695,-99.35016250764559,-335.81441466192535,-99.57592640323027,-335.92163533600035,390.4196330630361,19.26534604889664,-6.794755287803107,-6.350056925779443,-0.017108974930570627,-0.024363315482059004,0.0052842464698663605,-0.018560455263362488,1.4240079011704079,-1.650041388301999,4.5624297910022555,-8.881673356409788,-9.029851747704898
377.0,-99.42953490556219,-336.3412470438863,-0.017366785111361437,-98.04481514153954,-335.5341083576257,-99.42953490556219,-336.3412470438863,-99.66277825150615,-336.448859061125,390.95397639768487,19.337642076107276,-6.1371980210823125,-5.940809358875341,-0.015886878749828873,-0.022623040864692568,0.014018219668043837,-0.017366785111361437,1.4240079011704079,-1.6551140387008862,4.568379546741752,-8.850386218786227,-9.05915902096433
377.5,-99.50302984814509,-336.8685755957701,-0.01601627138293836,-98.09210679415048,-336.0444866247345,-99.50302984814509,-336.8685755957701,-99.74174108434943,-336.97676282199217,391.48776192078,19.40993810331791,-5.479640754361519,-5.465777224086815,-0.014507869008397118,-0.020659320097102786,0.020533603824600222,-0.01601627138293836,1.4240079011704079,-1.6598002677504375,4.577364292468185,-8.818948791852781,-9.08873419736348
378.0,-99.57281840414001,-337.3959554451471,-0.014621811007164367,-98.13939844676142,-336.5548648918433,-99.57281840414001,-337.3959554451471,-99.81545342139698,-337.50482081470994,392.0210136446613,19.482234130528546,-4.822083487640725,-4.966452275510462,-0.013084850049634224,-0.018632929856309138,0.026811286206942373,-0.014621811007164367,1.4240079011704079,-1.6641477487842005,4.5902393632434375,-8.787360200840101,-9.118580840698169
378.5,-99.6326204874282,-337.924211135096,-0.013275823351504637,-98.18669009937236,-337.06524315895206,-99.6326204874282,-337.924211135096,-99.87661398493724,-338.0339975428504,392.55373298812486,19.554530157739183,-4.164526220919932,-4.477757679328664,-0.011710240550091105,-0.016675475067935836,0.029070096479005797,-0.013275823351504637,1.4240079011704079,-1.668243971414192,4.605882777238398,-8.755619565767702,-9.14870255167868
379.0,-99.68579192927767,-338.4526641062879,-0.012041500600028312,-98.23469444243874,-337.57195081944167,-99.68579192927767,-338.4526641062879,-99.92925501444968,-338.56348716596807,393.0859469681767,19.625964381571436,-3.555181537868525,-4.024051386748375,-0.01044723840391464,-0.01487695003258537,0.02830864342652403,-0.012041500600028312,1.4240079011704079,-1.6721477348575684,4.621135270757794,-8.723725898581701,-9.17910292283747
379.5,-99.72938017985538,-338.981603357537,-0.010954768098479025,-98.28819054907805,-338.05037396514905,-99.72938017985538,-338.981603357537,-99.96998033935505,-339.093621218133,393.6176600264616,19.690757825575126,-3.3173475278376303,-3.618168131744306,-0.009331766909360405,-0.013288509810809774,0.02410206214379225,-0.010954768098479025,1.4240079011704079,-1.6756323548385865,4.635941130159756,-8.69167815778748,-9.20978556049201
380.0,-99.76682005576721,-339.51051222798594,-0.010012603242184137,-98.34168665571737,-338.52879711085643,-99.76682005576721,-339.51051222798594,-100.00289955859186,-339.62378327650873,394.1489022067727,19.755551269578817,-3.0795135178067357,-3.263070170298645,-0.00836080524489433,-0.011905852728876513,0.015365513469511816,-0.010012603242184137,1.4240079011704079,-1.6787397576397014,4.646704230725673,-8.659475248486498,-9.240754084021512
380.5,-99.79895824859868,-340.0393523139995,-0.00920355536438509,-98.3951827623567,-339.0072202565638,-99.79895824859868,-340.0393523139995,-100.02906840831925,-340.15391991849265,394.6796876538828,19.820344713582507,-2.841679507775841,-2.955341443710027,-0.007522899451673768,-0.010712668258893976,0.005851179887710706,-0.00920355536438509,1.4240079011704079,-1.6815194593470995,4.652224261859603,-8.627116022494057,-9.272012125116353
381.0,-99.83051008004422,-340.56782885877647,-0.008510744441711375,-98.44867886899601,-339.4856434022712,-99.83051008004422,-340.56782885877647,-100.05408564679082,-340.68367669481313,395.21003748362676,19.885138157586198,-2.6038454977449463,-2.689307848479401,-0.006801164728784599,-0.009684912310950762,-0.006740099633532789,-0.008510744441711375,1.4240079011704079,-1.6840292090386983,4.6528983332082,-8.594599326308167,-9.303563319055932
381.5,-99.86188988872526,-341.09594497777385,-0.007920473011454663,-98.50217497563533,-339.9640665479786,-99.86188988872526,-341.09594497777385,-100.07848270893162,-341.2130502525527,395.73997428260077,19.94993160158989,-2.3660114877140517,-2.4603957425060177,-0.006181902408868578,-0.008803077874493232,-0.017378716552862085,-0.007920473011454663,1.4240079011704079,-1.6863272109472678,4.645084558835423,-8.561923925653325,-9.335411309142117
382.0,-99.90165037700173,-341.62322527618124,-0.007426031942308746,-98.55567108227464,-340.44248969368596,-99.90165037700173,-341.62322527618124,-100.11235904906145,-341.741474999614,396.26952206556115,20.014725045593575,-2.128177477683157,-2.2666926015424584,-0.005658396422093615,-0.008057601213015674,-0.02729172177635956,-0.007426031942308746,1.4240079011704079,-1.6884354300021869,4.634514938804847,-8.529088526441093,-9.36755974041262
382.5,-99.9441419092823,-342.15002773547627,-0.007026113063213626,-98.60916718891396,-340.9209128393933,-99.9441419092823,-342.15002773547627,-100.14909943111935,-342.269366576241,396.79870621957934,20.079518489597266,-1.8903434676522628,-2.1084042237119083,-0.005229344932858944,-0.007446628502336573,-0.034414691086535575,-0.007026113063213626,1.4240079011704079,-1.6904565927624429,4.616223147020907,-8.496091767995406,-9.400012285073261
383.0,-100.0031128268053,-342.6750488067841,-0.006719718517373088,-98.66410603180269,-341.40055137002923,-100.0031128268053,-342.6750488067841,-100.20490389326817,-342.7951867819758,397.32755343435684,20.144349080515877,-1.696896199352655,-1.9858556480128864,-0.0048937434600233535,-0.0069687293533742655,-0.03745403740620144,-0.006719718517373088,1.4240079011704079,-1.6921865305506119,4.598152318052886,-8.462932237695387,-9.432772623546738
383.5,-100.06456429347946,-343.1995864976887,-0.006500490260676768,-98.72606547852644,-341.886104173696,-100.06456429347946,-343.1995864976887,-100.2633230323564,-343.32045905923644,397.8560916183472,20.209360434739935,-1.7194424845182408,-1.8972008020782412,-0.004645240034894659,-0.006614858512523096,-0.040354736276653015,-0.006500490260676768,1.4240079011704079,-1.6936617853299194,4.5766454708525375,-8.429608471241014,-9.465844443618547
384.0,-100.14600260253447,-343.72122075930633,-0.006353140040668554,-98.7880249252502,-342.3716569773628,-100.14600260253447,-343.72122075930633,-100.34496706459969,-343.8423336547404,398.38434433046456,20.274371788963997,-1.7419887696838265,-1.836799842497335,-0.004468554107267449,-0.006363256355556325,-0.03570855117052926,-0.006353140040668554,1.4240079011704079,-1.6949366386841667,4.555546821184138,-8.396118952899336,-9.499231439567788
384.5,-100.22946446704421,-344.24232781041337,-0.006252397552276554,-98.84998437197395,-342.85720978102967,-100.22946446704421,-344.24232781041337,-100.42871301248758,-344.36360433264144,398.9123535566455,20.339383143188055,-1.7645350548494125,-1.794761711946846,-0.004338416480717644,-0.0061779393471098395,-0.03186784153727254,-0.006252397552276554,1.4240079011704079,-1.6960710154231957,4.5389416981949475,-8.362462148478341,-9.5329373078038
385.0,-100.3281101479669,-344.76060112921533,-0.006164919409635872,-98.9119438186977,-343.34276258469646,-100.3281101479669,-344.76060112921533,-100.53005109479521,-344.88155630237657,399.44013809125744,20.404394497412117,-1.7870813400149983,-1.7575721804045672,-0.004221489823086834,-0.006011434862786119,-0.026804396956562216,-0.006164919409635872,1.4240079011704079,-1.6971309798253826,4.521922010269832,-8.328636475868958,-9.566965736498313
385.5,-100.42919344056017,-345.2782443168891,-0.006052965865113311,-98.97390326542146,-343.82831538836325,-100.42919344056017,-345.2782443168891,-100.63399258522963,-345.3987809062065,399.96774157531263,20.469405851636175,-1.809627625180584,-1.7095208006610219,-0.004080035253060196,-0.0058100024374115235,-0.02108381260874628,-0.006052965865113311,1.4240079011704079,-1.698258629615719,4.510662153650265,-8.294640277016466,-9.601320418743953
386.0,-100.53942488762074,-345.79388233788785,-0.005879278771048276,-99.0358627121452,-344.31386819203004,-100.53942488762074,-345.79388233788785,-100.74844052503431,-345.9136588882398,400.4951908537052,20.534417205860237,-1.83217391034617,-1.6346997500507614,-0.003876798539683297,-0.0055205917517549144,-0.016680588107392008,-0.005879278771048276,1.4240079011704079,-1.6995330117597043,4.499686697995137,-8.260471831335304,-9.636005064674155
386.5,-100.65179674566485,-346.30896250155416,-0.005612906262368886,-99.09782215886895,-344.79942099569683,-100.65179674566485,-346.30896250155416,-100.86516244533117,-346.42789039730064,401.0225187039574,20.599428560084295,-1.8547201955117558,-1.519475934100932,-0.003580828158947727,-0.0050991275910750485,-0.011900997265232216,-0.005612906262368886,1.4240079011704079,-1.7007957276670986,4.493073381930067,-8.226129368043464,-9.671023386226926
387.0,-100.76880306669666,-346.82294131889415,-0.005235171058649005,-99.16019479394521,-345.2875340522193,-100.76880306669666,-346.82294131889415,-100.98710989222076,-346.9408319662513,401.54975819750393,20.663761666780214,-1.808428440996632,-1.3550347622841232,-0.003173450062419385,-0.004519017962854929,-0.008822154685872455,-0.005235171058649005,1.4240079011704079,-1.7020008124628743,4.487139838395233,-8.191611066469248,-9.706379096152151
387.5,-100.88725883579005,-347.33656387529174,-0.004744090224187281,-99.22461305234786,-345.788322473213,-100.88725883579005,-347.33656387529174,-101.11055964218077,-347.4533542659567,402.07694252430696,20.72473688849157,-1.4213315818247303,-1.1393657360569738,-0.002652681469104961,-0.0037774393712937896,-0.005778282858473915,-0.004744090224187281,1.4240079011704079,-1.7031666120061648,4.483773127467069,-8.156915056421278,-9.74207590699683
388.0,-101.00771913719123,-347.84972559126044,-0.004153311693816472,-99.28903131075053,-346.2891108942067,-101.00771913719123,-347.84972559126044,-101.23619519265426,-347.96532644102524,402.60410481255815,20.785712110202926,-1.0342347226528288,-0.877991283933,-0.0020321716521212087,-0.002893828489155123,-0.003989251718910005,-0.004153311693816472,1.4240079011704079,-1.7043166591069678,4.48104847250228,-8.122039434364503,-9.778117526094965
388.5,-101.12898307657919,-348.3627418867412,-0.0034928520093935127,-99.3534495691532,-346.7898993152004,-101.12898307657919,-348.3627418867412,-101.36263993091112,-348.47711001804123,403.13127794549087,20.846687331914282,-0.6471378634809271,-0.5831868819002082,-0.0013419416769576398,-0.0019109355508975462,-0.0023887931930870365,-0.0034928520093935127,1.4240079011704079,-1.70547977913399,4.479567434008284,-8.08698229903359,-9.814507655401547
389.0,-101.25098960792536,-348.8756570179054,-0.0028030062602946867,-99.41786782755587,-347.2906877361941,-101.25098960792536,-348.8756570179054,-101.48986227396193,-348.98874622270955,403.6584943774309,20.907662553625638,-0.2600410043090253,-0.27202050915237197,-0.0006222869379844576,-0.0008861415164850072,-0.0014723737548140716,-0.0028030062602946867,1.4240079011704079,-1.706546258945757,4.478529789620161,-8.05174164834521,-9.851250001585411
389.5,-101.37335906444488,-349.3885928485173,-0.0021282509847468586,-99.48228608595852,-347.7914761571878,-101.37335906444488,-349.3885928485173,-101.61745746733249,-349.50036695226504,404.1857859512756,20.96863777533699,0.12705585486287618,0.03619101803221653,8.231147130948012e-05,0.00011721218550166103,-0.0007422572137966103,-0.0021282509847468586,1.4240079011704079,-1.707432096617734,4.47801467373447,-8.01631541909917,-9.888348266409956
390.0,-101.4959491612687,-349.90161301071055,-0.0015110526827966711,-99.54670434436119,-348.29226457818146,-101.4959491612687,-349.90161301071055,-101.74529910960364,-350.0120357084651,404.7131837196037,21.029612997048346,0.5141527140347779,0.3225666333585935,0.0007293850885336098,0.001038650129067738,-0.0003204319870526489,-0.0015110526827966711,1.4240079011704079,-1.7081246579459761,4.477746819632131,-7.980701501210969,-9.925806146039736
390.5,-101.61866178461,-350.41476919992937,-0.0009860994139857665,-99.61112260276386,-348.7930529991752,-101.61866178461,-350.41476919992937,-101.87330937008088,-350.5238027844712,405.2407177715924,21.090588218759702,0.9012495732066796,0.5712472688043059,0.0012842416533937959,0.0018287702614449136,-1.3157519761034242e-05,-0.0009860994139857665,1.4240079011704079,-1.7086103701692326,4.477676538223032,-7.944897738119676,-9.963627329893699
391.0,-101.74140495854486,-350.9281106803591,-0.0005754525824895975,-99.67708824604752,-349.2963647219078,-101.74140495854486,-350.9281106803591,-102.00141222484035,-351.0357170403864,405.76841706784273,21.15100152631253,1.221358237272455,0.7716222320891498,0.0017248163445128272,0.002456152102654126,0.0001754843008011495,-0.0005754525824895975,1.4240079011704079,-1.7089567823500411,4.477732888458496,-7.9089019271155685,-10.001815499465101
391.5,-101.86415148597005,-351.4416644851683,-0.00028569954386912545,-99.75084954732698,-349.8123887294889,-101.86415148597005,-351.4416644851683,-102.12960115756316,-351.5478029851382,406.29630381496963,21.208583934677527,1.2039832764071796,0.9196325252161748,0.002044518187344211,0.0029114100528647565,0.0002904009142662021,-0.00028569954386912545,1.4240079011704079,-1.709228702125143,4.4778617863372405,-7.872711824091178,-10.040374339524075
392.0,-101.98686643881025,-351.9554734945668,-0.00011013693945351741,-99.82461084860644,-350.32841273706987,-101.98686643881025,-351.9554734945668,-102.25785341133503,-352.06010569061596,406.8244162108767,21.26616634304252,1.186608315541904,1.0175832008547352,0.0022500466141961717,0.003204084156617073,0.00035583614418850125,-0.00011013693945351741,1.4240079011704079,-1.7094882571887604,4.478039604581847,-7.836325212723505,-10.079307594991954
392.5,-102.10954477356185,-352.46955051945935,-3.178127002328177e-05,-99.8983721498859,-350.84443674465086,-102.10954477356185,-352.46955051945935,-102.38617462723371,-352.572636698169,407.35276682188675,21.323748751407518,1.1692333546766285,1.0723618915589104,0.0023583825812547817,0.0033583554296894706,0.000389006984178171,-3.178127002328177e-05,1.4240079011704079,-1.7097920407053082,4.478237806773761,-7.799739760310702,-10.118618915897795
393.0,-102.23218005854832,-352.9839282824134,-2.996584216874692e-05,-99.97213345116536,-351.36046075223186,-102.23218005854832,-352.9839282824134,-102.51456296838049,-353.08543254406294,407.88139064436876,21.381331159772515,1.1518583938113531,1.092702061650903,0.002390189214780617,0.0034036483271398916,0.00040185840843160175,-2.996584216874692e-05,1.4240079011704079,-1.7101790858600894,4.478450889083778,-7.7629530834781475,-10.158311937440425
393.5,-102.35477213497954,-353.49861522315837,-8.607047407258907e-05,-100.04589475244482,-351.8764847598129,-102.35477213497954,-353.49861522315837,-102.64301929563786,-353.598502440346,408.41029682365183,21.43891356813751,1.1344834329460776,1.0865973221559995,0.0023640849792051187,0.0033664756894263683,0.00039353787554228387,-8.607047407258907e-05,1.4240079011704079,-1.7106611621325276,4.478662918364133,-7.725962753990094,-10.198390280672113
394.0,-102.47733015183998,-354.01363690611385,-0.00018672656706975347,-100.11965605372428,-352.3925087673939,-102.47733015183998,-354.01363690611385,-102.77155181661848,-354.11187669019245,408.93951674897073,21.49649597650251,1.117108472080802,1.0597951168569368,0.0022934356896857216,0.003265870542938671,0.0003757711852698735,-0.00018672656706975347,1.4240079011704079,-1.7112003921439232,4.478867441553846,-7.688766299104381,-10.238857551141141
394.5,-102.59986112544685,-354.5290024891222,-0.0003238300369979986,-100.19341735500375,-352.9085327749749,-102.59986112544685,-354.5290024891222,-102.90016343548004,-354.6255670155859,409.4690624966727,21.554078384867502,1.0997335112155266,1.0157279418526708,0.0021863439440422635,0.0031133710509922553,0.00035126979507960765,-0.0003238300369979986,1.4240079011704079,-1.7118253903442353,4.479060913899098,-7.651361202020071,-10.279717337518306
395.0,-102.7223736582981,-355.04471902590797,-0.000492208901595557,-100.2681692818959,-353.4261559816359,-102.7223736582981,-355.04471902590797,-103.0288566522232,-355.1395832398096,409.99894420309505,21.6112470814745,1.0662732707217173,0.9565006397449543,0.0020479795114226197,0.002916339005700922,0.0003208328347200458,-0.000492208901595557,1.4240079011704079,-1.7125619274633526,4.479239721391085,-7.61374491222842,-10.320973203366897
395.5,-102.84488114640874,-355.5608059048345,-0.0006864303763743952,-100.34800081752047,-353.95197936554575,-102.84488114640874,-355.5608059048345,-103.15763768676065,-355.6539501828839,410.5291874557481,21.6662943975804,0.9503329027029014,0.8842965797447789,0.001883773422696253,0.002682508237934287,0.00028593195292835077,-0.0006864303763743952,1.4240079011704079,-1.7134334059632934,4.479401164123676,-7.5759149082074675,-10.362628645421557
396.0,-102.9673929063353,-356.0772607180825,-0.0008991376361199151,-100.42783235314505,-354.47780274945563,-102.9673929063353,-356.0772607180825,-103.28650641836776,-356.16866739724384,411.0597917911474,21.721341713686304,0.8343925346840855,0.8025981332928753,0.0017010804352103955,0.002422351980265999,0.00024809619568421,-0.0008991376361199151,1.4240079011704079,-1.714461406169177,4.47954316728917,-7.537868567214813,-10.404687189996885
396.5,-103.08992373251624,-356.5940990857144,-0.0011184201635023139,-100.50766388876963,-355.0036261333655,-103.08992373251624,-356.5940990857144,-103.41546811040764,-356.6837559045306,411.59077887983483,21.776389029792206,0.7184521666652695,0.7169165949758817,0.001511808909542907,0.002152827832248918,0.00020963758763341495,-0.0011184201635023139,1.4240079011704079,-1.715666270400134,4.479664642721945,-7.499603205162309,-10.44715234135163
397.0,-103.21248333733936,-357.11131510363674,-0.001328055483627587,-100.5874954243942,-355.52944951727534,-103.21248333733936,-357.11131510363674,-103.54452170517125,-357.1992114828034,412.1221443693935,21.83143634589811,0.6025117986464535,0.6349320634544332,0.0013321791711238587,0.0018970336654550197,0.00017341244657459183,-0.001328055483627587,1.4240079011704079,-1.7170603760396443,4.479765963362544,-7.461116097280692,-10.490027579627055
397.5,-103.33508435044493,-357.6289167978612,-0.0015085350190704651,-100.66732696001878,-356.0552729011852,-103.33508435044493,-357.6289167978612,-103.67367020753638,-357.71504613391147,412.65390063211817,21.88648366200401,0.4865714306276375,0.566054510833997,0.0011816973754379346,0.0016827463994159527,0.00014284787162108483,-0.0015085350190704651,1.4240079011704079,-1.7186055316244155,4.47984907215332,-7.42240447887351,-10.533316359369461
398.0,-103.45773613220942,-358.1469055609125,-0.0016395643306039056,-100.74715849564336,-356.5810962850951,-103.45773613220942,-358.1469055609125,-103.80291455488799,-358.23126360146733,413.186051527196,21.941530978109913,0.3706310626088216,0.5202608808648441,0.001080655622117323,0.0015388621443392905,0.00012148607018629044,-0.0016395643306039056,1.4240079011704079,-1.720308226733525,4.479917997036957,-7.383465558171758,-10.577022111826622
398.5,-103.58044518158324,-358.6652819763257,-0.0017040479197695608,-100.82699003126794,-357.106919669005,-103.58044518158324,-358.6652819763257,-103.93225525694434,-358.74786592133034,413.7185991533256,21.996578294215816,0.2546906945900057,0.5061775888939296,0.0010461468581463142,0.0014897213917849492,0.00011200027441308195,-0.0017040479197695608,1.4240079011704079,-1.7221744896095774,4.479978462542869,-7.3442966025519185,-10.62114827022799
399.0,-103.70321430101576,-359.18404608026987,-0.001693029115719455,-100.90934560830337,-357.6409419035051,-103.70321430101576,-359.18404608026987,-104.06169241400357,-359.264853494063,414.2515439234356,22.052289138493364,0.17920036757924282,0.5286727918248011,0.0010871253021806752,0.0015480750198675487,0.00011557939879987104,-0.001693029115719455,1.4240079011704079,-1.7242101599837476,4.480037367562733,-7.304894737663978,-10.665698205038861
399.5,-103.82604223107191,-359.70319753988224,-0.0016106198197463751,-101.00882928383393,-358.2306013870033,-103.82604223107191,-359.70319753988224,-104.19122573746738,-359.78222516697707,414.78488464925863,22.112502672714673,0.3782032733420168,0.5864993559792477,0.001199476497240478,0.0017080640093386458,0.0001311738785462352,-0.0016106198197463751,1.4240079011704079,-1.7264211270700707,4.480101733024436,-7.265257055298522,-10.710675254233347
400.0,-103.94892390680207,-360.2227356706764,-0.001475767763690014,-101.1083129593645,-358.82026087050144,-103.94892390680207,-360.2227356706764,-104.32085457232596,-360.29997832388773,415.31861863385933,22.17271620693598,0.5772061791047908,0.6707054127076355,0.0013642501630593202,0.0019427030113694892,0.00015510777917591477,-0.001475767763690014,1.4240079011704079,-1.728598816878127,4.480177368930319,-7.225380620388356,-10.756082719728433
400.5,-104.07185147187168,-360.7426592633685,-0.0013235372300053315,-101.20779663489506,-359.4099203539996,-104.07185147187168,-360.7426592633685,-104.45057792108912,-360.81810898070034,415.85274177017095,22.23292974115729,0.7762090848675648,0.7643802439193514,0.0015463794250888186,0.0022020565195338304,0.00018108708160641352,-0.0013235372300053315,1.4240079011704079,-1.7305885020159186,4.48026739854186,-7.185262450316143,-10.801923872674985
401.0,-104.19481606929082,-361.2629662128832,-0.0012014825490097361,-101.30728031042563,-359.9995798374978,-104.19481606929082,-361.2629662128832,-104.58039446870465,-361.3366118849385,416.3872486435957,22.293143275378597,0.9752119906303388,0.8440319824825601,0.001698307349572085,0.002418403084406423,0.00020083320039722123,-0.0012014825490097361,1.4240079011704079,-1.73249555530629,4.480370923721524,-7.144899535544481,-10.8482019511832
401.5,-104.31781025161837,-361.78365299831114,-0.0011631235971022319,-101.40676398595619,-360.58923932099594,-104.31781025161837,-361.78365299831114,-104.71030260800008,-361.85548061736205,416.92213263675865,22.353356809599905,1.1742148963931127,0.8826773188063065,0.001766511488333885,0.002515526316895749,0.0002052731532066135,-0.0011631235971022319,1.4240079011704079,-1.7343845411179148,4.480482216624898,-7.104288931494553,-10.89492019963715
402.0,-104.4408306208678,-362.3047140754912,-0.0012586470010667063,-101.50624766148675,-361.1788988044941,-104.4408306208678,-362.3047140754912,-104.84030046519896,-362.3747076938824,417.4573860345696,22.413570343821213,1.3732178021558867,0.8544289837740628,0.0017008025057680032,0.0024219562065440647,0.00018611759296115174,-0.0012586470010667063,1.4240079011704079,-1.7363375633696898,4.480590651986635,-7.063427560099482,-10.942081777465717
402.5,-104.56388032744992,-362.82614133944804,-0.0015245188097931664,-101.60573133701733,-361.7685582879922,-104.56388032744992,-362.82614133944804,-104.9703859250888,-362.8942846660864,417.9930001278489,22.473783878042518,1.5722207079186608,0.7397834070324143,0.0014647118187123254,0.0020857612027840294,0.00013754000808115268,-0.0015245188097931664,1.4240079011704079,-1.73842852688072,4.480681587165078,-7.02231231184277,-10.98968980302305
403.0,-104.68697081686707,-363.3479237651616,-0.0019710491890076193,-101.69240278720466,-362.35994922509514,-104.68697081686707,-363.3479237651616,-105.10055665544812,-363.414202218801,418.52896531390394,22.493134745344978,1.155983355333841,0.5301890638570019,0.0010479264338739702,0.0014922555216818625,5.725715855749646e-05,-0.0019710491890076193,1.4240079011704079,-1.7407242402967722,4.480738098788861,-6.980940047084998,-11.037747352303757
403.5,-104.81012252934343,-363.8700473013974,-0.002593887623757751,-101.77608271428836,-362.95174443884184,-104.81012252934343,-363.8700473013974,-105.23081013037691,-363.93445026327777,419.0652711925897,22.502944599366085,0.596093717699349,0.23029988642395216,0.00045479430926225975,0.0006476306897967959,-5.303606310269863e-05,-0.002593887623757751,1.4240079011704079,-1.743303265464032,4.480743032435322,-6.939307598515713,-11.08625745804241
404.0,-104.93336451050949,-364.39249501637505,-0.0033604138094961776,-101.85976264137207,-363.5435396525886,-104.93336451050949,-364.39249501637505,-105.36114365221755,-364.45501802474774,419.6019066565662,22.512754453387192,0.03620408006485709,-0.1429584425732224,-0.000282067168637414,-0.0004016658768004434,-0.00018794092885360982,-0.0033604138094961776,1.4240079011704079,-1.7463514341334336,4.480681219422643,-6.897411779862988,-11.135223115303663
404.5,-105.05673148332237,-364.91524199628725,-0.0042200337863738365,-101.94344256845578,-364.1353348663353,-105.05673148332237,-364.91524199628725,-105.49155274708949,-364.9758876339939,420.13885328506996,22.5225643074083,-0.5236855575696349,-0.5641134379327375,-0.0011120665406787378,-0.0015835915405537655,-0.0003391716194555496,-0.0042200337863738365,1.4240079011704079,-1.749874755739241,4.4805412487057685,-6.855249421841931,-11.18464733043793
405.0,-105.18026545144603,-365.43827228123996,-0.005115673803366112,-102.02712249553947,-364.727130080082,-105.18026545144603,-365.43827228123996,-105.62203599630632,-365.4970534246121,420.6761052367992,22.532374161429402,-1.0835751952041268,-1.0043135603465696,-0.0019781326808681232,-0.0028168765671196085,-0.0004968446815374058,-0.005115673803366112,1.4240079011704079,-1.7538737787364396,4.480316816107266,-6.812817283225513,-11.234533006267384
405.5,-105.30400878019714,-365.9615632193665,-0.0059936789633127825,-102.11080242262318,-365.3189252938287,-105.30400878019714,-365.9615632193665,-105.75259023794058,-366.01850276748377,421.2136494928284,22.54218401545051,-1.6434648328386188,-1.4363435377637972,-0.002826612944288199,-0.004025119166216945,-0.0006518363450681324,-0.0059936789633127825,1.4240079011704079,-1.7583451452816925,4.480007109166305,-6.770112101129528,-11.28488300119772
406.0,-105.42800150708766,-366.48508612302106,-0.006811222710779603,-102.19448234970689,-365.91072050757543,-105.42800150708766,-366.48508612302106,-105.88321057925545,-366.5402161204297,421.7514659077948,22.551993869471616,-2.2033544704731107,-1.8384001706251347,-0.0036146825459095803,-0.005147336505598008,-0.0007972154983955555,-0.006811222710779603,1.4240079011704079,-1.763278946868432,4.479615651692012,-6.727130592462296,-11.335700129057233
406.5,-105.552283359679,-367.00882313092256,-0.007547674867179905,-102.3038744437834,-366.4901706882129,-105.552283359679,-367.00882313092256,-106.01389521991565,-367.0621862926942,422.28954706899475,22.541916281075782,-2.5788774877573415,-2.196026625511463,-0.004321713137686521,-0.00615415365465756,-0.0009282390123277639,-0.007547674867179905,1.4240079011704079,-1.7686596780187462,4.479149105661058,-6.683869455198843,-11.38698715861721
407.0,-105.67688844920417,-367.5327511907559,-0.008193226087133078,-102.44173134601867,-367.05595422615676,-105.67688844920417,-367.5327511907559,-106.14464064508185,-367.58439924558616,422.8278785044228,22.509822180679024,-2.7502963359678643,-2.5019929458956147,-0.0049378961553410185,-0.00703160314036459,-0.0010423736433255537,-0.008193226087133078,1.4240079011704079,-1.7744662807971956,4.478616118616476,-6.640325366022286,-11.438746816317023
407.5,-105.80184459646935,-368.0568422724075,-0.00873591502328298,-102.57958824825394,-367.62173776410066,-105.80184459646935,-368.0568422724075,-106.2754416292343,-368.10683410775124,423.366438698515,22.477728080282265,-2.9217151841783866,-2.754245623516983,-0.005451271866663882,-0.007762654209557326,-0.001138161480337643,-0.00873591502328298,1.4240079011704079,-1.780672263843354,4.478026144667552,-6.596494951140857,-11.49098181500264
408.0,-105.9271781221847,-368.58108438376416,-0.009174666089559068,-102.71744515048921,-368.1875213020445,-105.9271781221847,-368.58108438376416,-106.4062973792956,-368.62948771154294,423.9052243858533,22.445633979885507,-3.0931340323889094,-2.952691563209944,-0.005860765298847715,-0.008345776092464494,-0.0012145734886087774,-0.009174666089559068,1.4240079011704079,-1.7872459048388671,4.477389412840168,-6.5523748419913375,-11.543694792692513
408.5,-106.05290482170648,-369.1054464866804,-0.009506285508683146,-102.85530205272448,-368.7533048399884,-106.05290482170648,-369.1054464866804,-106.53720116014284,-369.1523331560705,424.4442078352312,22.41353987948875,-3.2645528805994317,-3.0961791869585262,-0.006163184693512763,-0.008776423699934694,-0.0012708884909049883,-0.009506285508683146,1.4240079011704079,-1.7942014757882974,4.4767165335794505,-6.50796167041877,-11.596888325779016
409.0,-106.17903834879918,-369.62991284911084,-0.009722676250067107,-102.99315895495977,-369.31908837793225,-106.17903834879918,-369.62991284911084,-106.66815036748021,-369.6753600394631,424.9833783237167,22.38144577909199,-3.4359717288099545,-3.1811179012896686,-0.006350435231256498,-0.00904306994518018,-0.0013059877753948815,-0.009722676250067107,1.4240079011704079,-1.8014970276329885,4.476018562584971,-6.463252054300011,-11.65056493734074
409.5,-106.30558374349235,-370.15445886556324,-0.009812655835039989,-103.13101585719504,-369.88487191587615,-106.30558374349235,-370.15445886556324,-106.79913933734862,-370.19854573918684,425.52271253051487,22.349351678695232,-3.6073905770204773,-3.2024215324383096,-0.00641133748742513,-0.009129795239163416,-0.0013187203089181075,-0.009812655835039989,1.4240079011704079,-1.8090391750823978,4.475307338146283,-6.418242598532781,-11.704727094937198
410.0,-106.43254336620687,-370.67907665776755,-0.00977178699766211,-103.26533652634278,-370.421178422312,-106.43254336620687,-370.67907665776755,-106.93016680747198,-370.72188521355935,426.0622052583281,22.30950855169735,-3.7108676830646075,-3.156234015176023,-0.006341459001751186,-0.009030287723441896,-0.0013089548463011218,-0.00977178699766211,1.4240079011704079,-1.8167583135705074,4.4745951714254755,-6.372929889811995,-11.759377196928611
410.5,-106.55990812423867,-371.20373994874467,-0.009621373009776217,-103.37765804996975,-370.7741063194717,-106.55990812423867,-371.20373994874467,-107.06122553278826,-371.24534952493127,426.60182667632563,22.221458205428767,-3.3916746098926933,-3.0428065489879215,-0.006162106970205454,-0.008774889013429809,-0.001277369442474147,-0.009621373009776217,1.4240079011704079,-1.8245841577085393,4.473894079095782,-6.327310450213599,-11.81451748275916
411.0,-106.68766633255203,-371.72843832888634,-0.009342376391025113,-103.48997957359671,-371.12703421663144,-106.68766633255203,-371.72843832888634,-107.19231234875078,-371.7689260337229,427.1415637547977,22.13340785916019,-3.0724815367207796,-2.8679254888589027,-0.00585425034029956,-0.008336498740016123,-0.0012247557878452121,-0.009342376391025113,1.4240079011704079,-1.8324466721886008,4.473215678085188,-6.28138084822453,-11.87015023466325
411.5,-106.81579903712165,-372.25315844185985,-0.00895348769817542,-103.60230109722369,-371.4799621137912,-106.81579903712165,-372.25315844185985,-107.32342259644165,-372.2925961316556,427.68139731110784,22.04535751289161,-2.7532884635488655,-2.6421675648426004,-0.005436583521122522,-0.007741737889451308,-0.001153126476923133,-0.00895348769817542,1.4240079011704079,-1.8402769893734539,4.472571111080491,-6.235137640882838,-11.926277654859277
412.0,-106.94428171213164,-372.77788837155094,-0.008478989891526359,-103.71462262085065,-371.8328900109509,-106.94428171213164,-372.77788837155094,-107.45455143370549,-372.8163404785786,428.22130740815726,21.957307166623032,-2.4340953903769518,-2.3785049246329244,-0.004933395123441166,-0.0070251936353757805,-0.0010662308110733266,-0.008478989891526359,1.4240079011704079,-1.8480082952074364,4.4719698456849395,-6.188577367399173,-11.982901801713506
412.5,-107.07308405317241,-373.3026117947558,-0.00794324369487111,-103.82694414447761,-372.18581790811066,-107.07308405317241,-373.3026117947558,-107.58569219165251,-373.3401324381438,428.7612665874478,21.86925682035445,-2.114902317205038,-2.089560502410389,-0.004369048854927264,-0.006221560090015947,-0.0009681689075969856,-0.00794324369487111,1.4240079011704079,-1.855576666784575,4.471418992324762,-6.141696516739611,-12.0400247639459
413.0,-107.20217637820666,-373.8273284038094,-0.007366707631714101,-103.93926566810458,-372.53874580527037,-107.20217637820666,-373.8273284038094,-107.71684249628103,-373.86396252830326,429.30126507426104,21.781206474085874,-1.795709244033124,-1.785723413113136,-0.003764006190148677,-0.005359974554826041,-0.0008625382979045502,-0.007366707631714101,1.4240079011704079,-1.8629591759551691,4.470923557707328,-6.094491481358507,-12.097648561132203
413.5,-107.33152185435355,-374.352018287379,-0.00676466060521286,-104.05158719173154,-372.8916737024301,-107.33152185435355,-374.352018287379,-107.8479938737087,-374.38779690335156,429.8412679782193,21.693156127817293,-1.4765161708612098,-1.4746263633891865,-0.0031335491432906647,-0.004462198738751669,-0.0007522484014029176,-0.00676466060521286,1.4240079011704079,-1.8701532911882608,4.470486772515837,-6.0469587828550315,-12.15577513960588
414.0,-107.4610858116681,-374.87667578527186,-0.006148420645327496,-104.16390871535852,-373.2446015995899,-107.4610858116681,-374.87667578527186,-107.97914180405134,-374.9116175103274,430.38125668914364,21.605105781548716,-1.157323097689296,-1.1618142062606474,-0.002488994222628361,-0.0035443474389902836,-0.0006395457166233921,-0.006148420645327496,1.4240079011704079,-1.8770484068382827,4.4701104988317315,-5.999094937721043,-12.214406372171743
414.5,-107.59083021560997,-375.40128478152235,-0.005528031731353099,-104.27623023898548,-373.5975294967496,-107.59083021560997,-375.40128478152235,-108.11027851325696,-375.4353932987325,430.9211991981394,21.517055435280138,-0.8381300245173819,-0.8520698137703246,-0.0018403884640153414,-0.002620727713980717,-0.0005264621169651315,-0.005528031731353099,1.4240079011704079,-1.883554974768626,4.46979551772958,-5.950896458389717,-12.273544056404663
415.0,-107.72071938627262,-375.92583924266575,-0.004915245733085252,-104.38855176261244,-373.95045739390935,-107.72071938627262,-375.92583924266575,-108.24139908955308,-375.9591046503563,431.4610752814658,21.429005089011557,-0.5189369513454682,-0.5508046976974196,-0.0011994816810594437,-0.001708071391137811,-0.0004152640152288056,-0.004915245733085252,1.4240079011704079,-1.8896032917622143,4.469541485402274,-5.902359767175199,-12.333189917443685
415.5,-107.85071649678271,-376.4503265192893,-0.004325666692719549,-104.50087328623941,-374.30338529106905,-107.85071649678271,-376.4503265192893,-108.37249664295132,-376.4827240457589,432.0008565702753,21.34095474274298,-0.1997438781735541,-0.2650085441381125,-0.0005818783338811695,-0.0008285993449666581,-0.0003088072522382013,-0.004325666692719549,1.4240079011704079,-1.895141565132072,4.469346713725651,-5.853481255428598,-12.393345607773055
416.0,-107.98078434160743,-376.9747269131709,-0.003779104761041571,-104.61319480986637,-374.6563131882288,-107.98078434160743,-376.9747269131709,-108.50356227732127,-377.0062159527286,432.54050643562834,21.2529043964744,0.1194491949983596,-0.0033374292381432545,-7.388826845237366e-06,-1.0521747807998028e-05,-0.0002104784763071607,-0.003779104761041571,1.4240079011704079,-1.900133616313068,4.46920777299742,-5.804257422615779,-12.454012687329655
416.5,-108.11089008447297,-377.499028510838,-0.00329750938690258,-104.72551633349335,-375.00924108538857,-108.11089008447297,-377.499028510838,-108.6345895789735,-377.52955475422226,433.07999846979294,21.164854050205822,0.43864226817027374,0.2248890310522415,0.0005020393022299441,0.0007149079330735188,-0.00012369257200235776,-0.00329750938690258,1.4240079011704079,-1.9045565011354977,4.469119296581141,-5.754684766655445,-12.515192634021082
417.0,-108.2410026646954,-378.0232122799174,-0.0029007354654584597,-104.8378378571203,-375.36216898254827,-108.2410026646954,-378.0232122799174,-108.76557035590999,-378.0527077304176,433.6192989430255,21.07680370393724,0.7578353413421879,0.4116026562514587,0.0009265495878072857,0.0013194139338637595,-5.103103198164241e-05,-0.0029007354654584597,1.4240079011704079,-1.9084002349175266,4.46907415439875,-5.704759784485104,-12.576886842225955
417.5,-108.37109467362592,-378.54725613254317,-0.002591282436480508,-105.02960287888766,-375.9163443774496,-108.37109467362592,-378.54725613254317,-108.89649593579178,-378.57564024273694,434.15837214761655,20.903564771335834,0.899887766731947,0.5521600757934192,0.0012636426995020949,0.0017994371883472864,6.352713367913722e-06,-0.002591282436480508,1.4240079011704079,-1.9116771237212355,4.469064188661989,-5.65447888757863,-12.63909663498986
418.0,-108.50114120656694,-379.0711291689188,-0.002364628239787959,-105.30272568927741,-376.6766165803379,-108.50114120656694,-379.0711291689188,-109.02735551022444,-379.0983091212036,434.6971735811134,20.64308452683171,0.8605311188048405,0.6468064332734158,0.001517837048161712,0.002161411949271447,4.847586515786821e-05,-0.002364628239787959,1.4240079011704079,-1.9143976643344214,4.469081022451936,-5.603838527998416,-12.701823242848512
418.5,-108.63112360746966,-379.5948069005631,-0.002223129309761741,-105.57584849966716,-377.4368887832262,-108.63112360746966,-379.5948069005631,-109.15814062085913,-379.6206805814553,435.2356684164175,20.382604282327584,0.8211744708777339,0.7007701289653896,0.0016867714258686733,0.0024019758379054657,7.628651950592876e-05,-0.002223129309761741,1.4240079011704079,-1.9165776033256259,4.469116519361891,-5.552835159758681,-12.765067817150296
419.0,-108.76102565354738,-380.11825682523755,-0.002151760206048415,-105.84897131005691,-378.19716098611445,-108.76102565354738,-380.11825682523755,-109.28884089573924,-380.1427131971639,435.7738139485158,20.12212403782346,0.7818178229506274,0.7229348505196503,0.0017854657255766972,0.002542517300490172,9.194986773004324e-05,-0.002151760206048415,1.4240079011704079,-1.9182366244998108,4.46916333552411,-5.501465247408532,-12.828831417883018
419.5,-108.89083404878909,-380.6414430400554,-0.0021298761947477736,-106.12209412044666,-378.95743318900276,-108.89083404878909,-380.6414430400554,-109.41944534175083,-380.66436307650974,436.3115649298626,19.861643793319335,0.7424611750235208,0.7237048967180608,0.0018345566773495569,0.0026124232036906997,9.869577616283144e-05,-0.0021298761947477736,1.4240079011704079,-1.9193973643469602,4.46921568273212,-5.4497252896729345,-12.893115004371085
420.0,-109.02053603318568,-381.16432097599323,-0.002135970408706523,-106.39521693083641,-379.71770539189106,-109.02053603318568,-381.16432097599323,-109.54994069783578,-381.18557724012805,436.84886674664347,19.601163548815208,0.7031045270964142,0.7129110619216156,0.0018555456734305324,0.0026423116999476433,0.00010000555143028486,-0.002135970408706523,1.4240079011704079,-1.9200847199624047,4.469269712145815,-5.397611711713161,-12.957919465325562
420.5,-109.15012354659882,-381.6868585231981,-0.002151440705601704,-106.66833974122616,-380.4779775947793,-109.15012354659882,-381.6868585231981,-109.6803175192379,-381.70631802907354,437.3856805736173,19.340683304311085,0.6637478791693078,0.6983841174259853,0.0018670275519832365,0.0026586619857269732,9.855123079725206e-05,-0.002151440705601704,1.4240079011704079,-1.9203254130899226,4.469323402026687,-5.345121005194917,-13.023245583785423
421.0,-109.27958358347674,-382.2090010133085,-0.002166097027292018,-106.93348112134024,-381.21454474547687,-109.27958358347674,-382.2090010133085,-109.8105598517386,-382.22652152474086,437.9219405311751,19.097128900535704,0.6303257824985036,0.685340740382098,0.001879188692167642,0.0026759795454368075,9.572473799279625e-05,-0.002166097027292018,1.4240079011704079,-1.9202178494257909,4.469375788853763,-5.292249678193905,-13.089094048893795
421.5,-109.40890534216726,-382.730700915252,-0.0021945500155387647,-107.13851249603933,-381.7725836416724,-109.40890534216726,-382.730700915252,-109.94065400262633,-382.746132350306,438.45758957499186,18.981046934997195,0.6415981698776295,0.676395039047579,0.0018774141530182081,0.0026734525876670775,9.224774944973873e-05,-0.0021945500155387647,1.4240079011704079,-1.9198228574350147,4.4694263511548815,-5.238994245384629,-13.15546545772308
422.0,-109.53807993870504,-383.25191780616115,-0.002210590718260198,-107.34354387073842,-382.33062253786784,-109.53807993870504,-383.25191780616115,-110.07058832113859,-383.26510359341916,438.9925793677084,18.864964969458686,0.6528705572567554,0.6718827788653935,0.0018879109420362418,0.002688400098165676,8.116694755032713e-05,-0.002210590718260198,1.4240079011704079,-1.9191919693688257,4.4694749097123525,-5.185351162603338,-13.22236033630571
422.5,-109.66709293193259,-383.7725886335323,-0.002218272816924797,-107.54857524543752,-382.8886614340633,-109.66709293193259,-383.7725886335323,-110.2003448853145,-383.78336162730164,439.5268341343165,18.748883003920177,0.6641429446358813,0.6702179142924878,0.0019066247833001348,0.002715048755986709,5.8703488436808865e-05,-0.002218272816924797,1.4240079011704079,-1.9183480170174119,4.469513470106248,-5.1313169093248,-13.289779163570499
423.0,-109.7959410113172,-384.2926597894342,-0.0022267650743659603,-107.75360662013661,-383.44670033025875,-109.7959410113172,-384.2926597894342,-110.32991925855497,-384.3008438145495,440.0602920357093,18.632801038381672,0.6754153320150071,0.6681104732944952,0.001924385104546809,0.0027403395937692972,1.8195751307136815e-05,-0.0022267650743659603,1.4240079011704079,-1.9173177934904593,4.469537839050479,-5.076888028855737,-13.357722256729515
423.5,-109.92461506389246,-384.812071146289,-0.0022504719906090258,-107.9586379948357,-384.00473922645426,-109.92461506389246,-384.812071146289,-110.45930003809384,-384.81747992048565,440.5928821709259,18.516719072843163,0.6866877193941331,0.6606361197000459,0.0019267893593527877,0.002743763271609438,-3.183905950219069e-05,-0.0022504719906090258,1.4240079011704079,-1.9161825238478372,4.46953291982641,-5.022061075468804,-13.426189837101445
424.0,-110.05312475052123,-385.33075450924724,-0.0023090254082998507,-108.1636693695348,-384.5627781226497,-110.05312475052123,-385.33075450924724,-110.58849692419884,-385.333190618488,441.12452995083015,18.400637107304654,0.6979601067732589,0.6413457540963199,0.0018942029262177665,0.0026973599333542067,-0.0001675460902930189,-0.0023090254082998507,1.4240079011704079,-1.9150315793196233,4.4695037518989285,-4.966832615446696,-13.495182029203184
424.5,-110.18145399774231,-385.8486445654903,-0.0024262251768296184,-108.36870074423389,-385.1208170188452,-110.18145399774231,-385.8486445654903,-110.71748722391234,-385.84790081333125,441.65515701662406,18.284555141766145,0.7092324941523849,0.6027295833454714,0.0018028255779544203,0.0025672378674392016,-0.0003440362079286621,-0.0024262251768296184,1.4240079011704079,-1.9138033713214706,4.4693537983436284,-4.911199228083521,-13.564698859911482
425.0,-110.3097104592185,-386.36564115475096,-0.002627057626167877,-108.57373211893298,-385.67885591504063,-110.3097104592185,-386.36564115475096,-110.84639034313292,-386.3614957845096,442.1846811760159,18.168473176227636,0.7205048815315107,0.5372824527842295,0.0016276678788792096,0.002317811920005273,-0.0007500767429315536,-0.002627057626167877,1.4240079011704079,-1.9123879526480594,4.469136795723792,-4.855157490835456,-13.634740256899113
425.5,-110.43781873917865,-386.8816802020939,-0.0029329470238845835,-108.77876349363207,-386.23689481123614,-110.43781873917865,-386.8816802020939,-110.97510549260662,-386.8739051890045,442.7130096703197,18.052391210689127,0.7317772689106367,0.43907037486563905,0.0013473010934105989,0.0019185674022722226,-0.0012076053251370454,-0.0029329470238845835,1.4240079011704079,-1.9108185223505065,4.4685547215949954,-4.798703936655103,-13.705306068819338
426.0,-110.56619351860485,-387.39658618667397,-0.003359278581512891,-108.97075609303532,-386.78157298815034,-110.56619351860485,-387.39658618667397,-111.10410236981272,-387.3849300025649,443.2400644421127,17.96211099150638,0.5425411916715525,0.3053236779438889,0.0009463368113889049,0.0013475910965862106,-0.00215726663724138,-0.003359278581512891,1.4240079011704079,-1.9091325239745198,4.467853539972821,-4.741835187541165,-13.77639602581354
426.5,-110.69450104941569,-387.91034692442935,-0.0039010416418656,-109.1579741505641,-387.3213587336641,-110.69450104941569,-387.91034692442935,-111.23296343190155,-387.8945661026698,443.7657394290593,17.88127886201113,0.27988287662364913,0.13741836141540298,0.00042978139718523344,0.0006120121053678297,-0.0031315922265093225,-0.0039010416418656,1.4240079011704079,-1.9072516398676729,4.4662654984080685,-4.684547886134265,-13.848009756973347
427.0,-110.8239395357415,-388.4225768865686,-0.004542419080650991,-109.34519220809287,-387.8611444791779,-110.8239395357415,-388.4225768865686,-111.36306687559491,-388.40237288120795,444.28994877581624,17.800446732515876,0.01722456157574581,-0.059109835419560726,-0.00018655115683904476,-0.0002656503213112797,-0.0049144133610760305,-0.004542419080650991,1.4240079011704079,-1.9052132999256028,4.464540127834838,-4.626838692291063,-13.920146791181622
427.5,-110.95340009791272,-388.93345395094724,-0.005257718569295425,-109.53241026562164,-388.40093022469165,-110.95340009791272,-388.93345395094724,-111.49307106628484,-388.9085750321655,444.81257871933923,17.719614603020627,-0.24543375347215746,-0.275355545842899,-0.0008769711049331705,-0.0012488137825229777,-0.006693016626849209,-0.005257718569295425,1.4240079011704079,-1.903101069500198,4.461074229541643,-4.5687042946206144,-13.992806536234454
428.0,-111.0857079494251,-389.4421511381108,-0.006012899579541056,-109.71962832315042,-388.9407159702054,-111.0857079494251,-389.4421511381108,-111.62625861941518,-389.4122170406634,445.33353586853735,17.638782473525378,-0.5080920685200608,-0.5001175339992521,-0.0016074403738256297,-0.0022890077929880108,-0.009205113229434665,-0.006012899579541056,1.4240079011704079,-1.900967409863513,4.457493846341479,-4.510141396330264,-14.065988307702705
428.5,-111.21808657649262,-389.9492800622751,-0.006768219354819657,-109.90684638067918,-389.48050171571913,-111.21808657649262,-389.9492800622751,-111.75931977882198,-389.9140371515669,445.85269916328946,17.557950344030125,-0.7707503835679642,-0.7208295375405833,-0.002338217688352189,-0.003329640462869924,-0.012031026626781726,-0.006768219354819657,1.4240079011704079,-1.898644247896853,4.451402877645945,-4.451146707565408,-14.139691336246837
429.0,-111.35576826710171,-390.45331871877863,-0.007480624006878102,-110.09406443820795,-390.0202874612329,-111.35576826710171,-390.45331871877863,-111.89836712947334,-390.4122639293918,446.36996823346493,17.477118214534876,-1.0334086986158675,-0.9243673226178237,-0.0030262509355383333,-0.004309405243130926,-0.014281724083916687,-0.007480624006878102,1.4240079011704079,-1.8961657040681847,4.444899624157728,-4.391716906509307,-14.213914788584317
429.5,-111.49384147570032,-390.95547526441885,-0.008107080672828634,-110.28128249573672,-390.56007320674667,-111.49384147570032,-390.95547526441885,-112.03758201766719,-390.90833741952264,446.8852154425284,17.396286085039623,-1.2960670136637709,-1.0980983604811951,-0.0036285086348119724,-0.005167024965437299,-0.016775980635359306,-0.008107080672828634,1.4240079011704079,-1.8935713306553306,4.4364944292448225,-4.331848756028195,-14.288657685133053
430.0,-111.63899455968095,-391.4537131479256,-0.008609813839497778,-110.4685005532655,-391.09985895226043,-111.63899455968095,-391.4537131479256,-112.18479784920456,-391.39987888737295,447.39833433580696,17.315453955544374,-1.5587253287116738,-1.2314459053314546,-0.004107216304205553,-0.005848708469004629,-0.01829275827011317,-0.008609813839497778,1.4240079011704079,-1.8905468296068038,4.427453558932449,-4.271539089657414,-14.36391892698255
430.5,-111.7850473437571,-391.94967266026333,-0.008972607452130507,-110.62284561773502,-391.5573947305475,-111.7850473437571,-391.94967266026333,-112.33271563624038,-391.88883293962976,447.90919177730353,17.215462115232835,-1.7116665420091746,-1.3177178109197416,-0.0044461595796799385,-0.006331366371328732,-0.019477413566957046,-0.008972607452130507,1.4240079011704079,-1.886688864932265,4.417537459463761,-4.210784769429197,-14.439697310412821
431.0,-111.93887043087791,-392.4411082213169,-0.009202104776081509,-110.69845070368507,-391.8179189181654,-111.93887043087791,-392.4411082213169,-112.4893981894109,-392.37256970557036,448.41767649430847,17.069577428614437,-1.6018047236667126,-1.3554503378822231,-0.004651982478439899,-0.006624459805404713,-0.019165772288839755,-0.009202104776081509,1.4240079011704079,-1.8821667061809242,4.4073514269463905,-4.149582633567763,-14.515991544857751
431.5,-112.09370742906611,-392.92996762161243,-0.00928191370484949,-110.7740557896351,-392.07844310578326,-112.09370742906611,-392.92996762161243,-112.64688471076904,-392.8533895553831,448.9236513127489,16.92369274199604,-1.4919429053242506,-1.3485093189771882,-0.004708295241936118,-0.006704649625560069,-0.01833846441297696,-0.00928191370484949,1.4240079011704079,-1.8771734793075119,4.3978397877320425,-4.087929546467473,-14.592800234471921
432.0,-112.25545568808464,-393.4141662697276,-0.009232027190944365,-110.84966087558514,-392.33896729340114,-112.25545568808464,-393.4141662697276,-112.81210932286703,-393.32884552989844,449.42700180147074,16.77780805537764,-1.3820810869817886,-1.304754542680924,-0.00463509216763046,-0.006600407869358848,-0.016188944420232016,-0.009232027190944365,1.4240079011704079,-1.8714481710224864,4.388585849899196,-4.025822400099752,-14.670121876905375
432.5,-112.41781194091081,-393.8956693697384,-0.009080350993346493,-110.92526596153517,-392.599491481019,-112.41781194091081,-393.8956693697384,-112.97765983163416,-393.80125193742316,449.927588607232,16.631923368759246,-1.2722192686393266,-1.233807152472989,-0.004460282155934603,-0.006351477031500256,-0.013728114498009708,-0.009080350993346493,1.4240079011704079,-1.8651881584847754,4.381356305278235,-3.9632581101907616,-14.747954848452832
433.0,-112.58494731307482,-394.3728850779705,-0.00885529819685166,-111.00087104748522,-392.8600156686369,-112.58494731307482,-394.3728850779705,-113.1484526242074,-394.2687356465827,450.42529619736104,16.486038682140848,-1.1623574502968645,-1.1448536879339402,-0.004212281226032795,-0.005998321747822472,-0.010767252050393163,-0.00885529819685166,1.4240079011704079,-1.8588411525475947,4.374670227846364,-3.9002337371630547,-14.826297379359465
433.5,-112.75203264265036,-394.84739806622986,-0.008580414697299473,-111.07647613343525,-393.12053985625477,-112.75203264265036,-394.84739806622986,-113.31881971644953,-394.73315850004724,450.919985290546,16.34015399552245,-1.0524956319544025,-1.0452110443490479,-0.003914638831306169,-0.005574476626008476,-0.007880627793596561,-0.008580414697299473,1.4240079011704079,-1.8528696946773358,4.370506987250606,-3.8367462745227345,-14.905147636862413
434.0,-112.9213624891198,-395.31825451455114,-0.008272210565763516,-111.1520812193853,-393.38106404387264,-112.9213624891198,-395.31825451455114,-113.49147680732058,-395.1933943141174,451.4115416913448,16.19426930890405,-0.9426338136119407,-0.9398852796048949,-0.0035838690543118475,-0.005103457850100189,-0.005542971500438033,-0.008272210565763516,1.4240079011704079,-1.8475513985072134,4.366763919280485,-3.772792750427415,-14.984503676955532
434.5,-113.09013441949394,-395.78636495511233,-0.007940649957394914,-111.22768630533533,-393.6415882314906,-113.09013441949394,-395.78636495511233,-113.66314499727577,-395.650509092272,451.89982880749574,16.048384622285653,-0.8327719952694786,-0.831872934697974,-0.0032299391905124724,-0.004599458927589712,-0.003432258275845152,-0.007940649957394914,1.4240079011704079,-1.8433993575785124,4.364985586876271,-3.708370229417996,-15.064363443650574
435.0,-113.25920919493366,-396.2513041327355,-0.007591007403125605,-111.30329139128536,-393.90211241910845,-113.25920919493366,-396.2513041327355,-113.83485628219105,-396.1039964102415,452.38473656421945,15.902499935667255,-0.7229101769270165,-0.7227905645238639,-0.002858127966991861,-0.004069996807552525,-0.002582789909474024,-0.007591007403125605,1.4240079011704079,-1.8408472188443759,4.363358510646867,-3.6434758184748266,-15.14472477406886
435.5,-113.42749697471112,-396.71336300507664,-0.007226063287896295,-111.3788964772354,-394.1626366067263,-113.42749697471112,-396.71336300507664,-114.0053487411716,-396.55419167123284,452.866133993213,15.756615249048856,-0.6130483585845548,-0.6135316280992724,-0.002471218207718686,-0.0035190342533075827,-0.001812499648737174,-0.007226063287896295,1.4240079011704079,-1.8400018563642824,4.362441753772504,-3.5781067100115678,-15.225585450875585
436.0,-113.59534752454991,-397.1723100659136,-0.006848183551286554,-111.45450156318543,-394.4231607943442,-113.59534752454991,-397.1723100659136,-114.17505484646938,-397.00081494733996,453.34391273906346,15.61073056243046,-0.5031865402420928,-0.504833337706363,-0.0020715793383387885,-0.0029499453456958004,-0.0021319753398241154,-0.006848183551286554,1.4240079011704079,-1.8405100673394599,4.361581671120095,-3.512260062606771,-15.306943080482567
436.5,-113.7622851140835,-397.6282255648119,-0.006461428568799349,-111.53010664913548,-394.6836849819621,-113.7622851140835,-397.6282255648119,-114.34343645486042,-397.44395248469505,453.8179625885971,15.464845875812061,-0.39332472189963075,-0.39779104571841284,-0.0016632740455219328,-0.002368515382634901,-0.002535390650913024,-0.006461428568799349,1.4240079011704079,-1.842350594890646,4.3603622600398975,-3.4459330962911214,-15.388795158007193
437.0,-113.92903731426236,-398.08073720656927,-0.0060739556780786096,-111.6057117350855,-394.94420916957995,-113.92903731426236,-398.08073720656927,-114.51137136844729,-397.8831576640633,454.2881789943693,15.318961189193663,-0.28346290355716874,-0.2943852618519389,-0.0012544617735763069,-0.0017863634772889042,-0.003072999618865491,-0.0060739556780786096,1.4240079011704079,-1.8456354372058497,4.359127664765309,-3.379123083384389,-15.471139066212421
437.5,-114.09481622599203,-398.53005673499166,-0.005700629286608509,-111.68131682103555,-395.2047333571978,-114.09481622599203,-398.53005673499166,-114.67795429195223,-398.31867077458395,454.7544639188777,15.173076502575267,-0.17360108521470674,-0.19799326713836185,-0.0008600092591518643,-0.0012246599801119637,-0.003872784248122892,-0.005700629286608509,1.4240079011704079,-1.8504189795709027,4.357404892528383,-3.311827341153415,-15.553972074676599
438.0,-114.26077310194762,-398.9756586849756,-0.005365207446022414,-111.75692190698558,-395.4652575448157,-114.26077310194762,-398.9756586849756,-114.84456023950253,-398.74986506591705,455.2167266818514,15.027191815956868,-0.06373926687224474,-0.11373848141045681,-0.000503676589160671,-0.0007172394425993568,-0.004440429708947298,-0.005365207446022414,1.4240079011704079,-1.8566428062408067,4.355429276455993,-3.244043241760954,-15.637291352062324
438.5,-114.42590742914638,-399.41785359773564,-0.005100606547773151,-111.83252699293563,-395.7257817324336,-114.42590742914638,-399.41785359773564,-115.01003037822822,-399.17709831349003,455.67488480302796,14.88130712933847,0.046122551470217266,-0.04836147390664934,-0.00021838226613282786,-0.00031097807244864566,-0.005434877877477011,-0.005100606547773151,1.4240079011704079,-1.8641249188970919,4.3531952595542975,-3.1757682060094568,-15.721093954957716
439.0,-114.59137170042847,-399.8561218064909,-0.004946344239668716,-111.90813207888566,-395.98630592005145,-114.59137170042847,-399.8561218064909,-115.17573469298229,-399.5997535554762,456.12886483255727,14.735422442720072,0.15598436981267927,-0.00947708319719373,-4.364650882766356e-05,-6.215297342909686e-05,-0.006474906162062499,-0.004946344239668716,1.4240079011704079,-1.87291345984896,4.350312646028745,-3.1069996957810293,-15.80537681495657
439.5,-114.75650796659346,-400.2906681929704,-0.004943511092511459,-111.9837371648357,-396.2468301076694,-114.75650796659346,-400.2906681929704,-115.34090701442038,-400.01806940035806,456.57860985057,14.589537756101674,0.26584618815514127,-0.004376751451879449,-2.056216406145195e-05,-2.9280684088669783e-05,-0.008875886244847291,-0.004943511092511459,1.4240079011704079,-1.883053167966278,4.347149489254765,-3.0377352041002785,-15.890136751013058
440.0,-114.92213383694255,-400.7210933686553,-0.005132663456296947,-112.1100076951504,-396.62500511360884,-114.92213383694255,-400.7210933686553,-115.50650869013093,-400.43157798887563,457.02405496115784,14.339488674623437,0.24793200536545199,-0.03900395176820903,-0.0001896886213600518,-0.00027011809557883555,-0.01041711263016036,-0.005132663456296947,1.4240079011704079,-1.8945174793069015,4.342077482181522,-2.967972281363707,-15.975370469706467
440.5,-115.08898264090111,-401.14707264056585,-0.005567751503583504,-112.29745482714101,-397.1452390186571,-115.08898264090111,-401.14707264056585,-115.67339109721941,-400.83990519119976,457.4651707501379,13.963665038652275,0.0757331494020892,-0.11796108219681282,-0.0006049784479853817,-0.0008614940899689941,-0.01615750873604248,-0.005567751503583504,1.4240079011704079,-1.9071789491545441,4.337583830196252,-2.89770854718948,-16.061074565534266
441.0,-115.25572968227698,-401.5690713260701,-0.006315065700043599,-112.48490195913162,-397.66547292370535,-115.25572968227698,-401.5690713260701,-115.8399707069971,-401.24361390821605,457.90191580983344,13.58784140268111,-0.09646570656127357,-0.24606024733785423,-0.0013327249183823244,-0.0018978108138631169,-0.021432289564341674,-0.006315065700043599,1.4240079011704079,-1.9210012402621195,4.327304739623493,-2.826941660258158,-16.147245504942365
441.5,-115.42841601813413,-401.9845178511535,-0.007470777585558292,-112.67234909112223,-398.1857068287536,-115.42841601813413,-401.9845178511535,-116.01331210363512,-401.63970417819326,458.33428557090957,13.212017766709948,-0.2686645625246364,-0.43099995735093666,-0.0024691014193464504,-0.0035160199299404137,-0.027787711140859164,-0.007470777585558292,1.4240079011704079,-1.935956851924469,4.318227742698715,-2.755669346859471,-16.23387965601163
442.0,-115.59985351626862,-402.3964360264023,-0.009182488795655863,-112.85979622311284,-398.70594073380187,-115.59985351626862,-402.3964360264023,-116.18489325802724,-402.03177224205047,458.76226471592946,12.836194130738786,-0.4408634184879992,-0.685716301097614,-0.0041617110209104325,-0.00592630937616442,-0.040161728490098164,-0.009182488795655863,1.4240079011704079,-1.9520140736377514,4.302339555465563,-2.683889391773007,-16.320973277997492
442.5,-115.7824735349216,-402.79902369065445,-0.011664178408619757,-113.04724335510345,-399.2261746388501,-115.7824735349216,-402.79902369065445,-116.36924309358095,-402.41304951211174,459.18587041538376,12.460370494767623,-0.6130622744513619,-1.0285309317843732,-0.006624535710601662,-0.009433391193482289,-0.04271067094421429,-0.011664178408619757,1.4240079011704079,-1.9691838079132036,4.282526489977873,-2.611599637030114,-16.408522519311205
443.0,-115.96675461381307,-403.19673576449105,-0.015192324655683678,-113.23469048709406,-399.7464085438984,-115.96675461381307,-403.19673576449105,-116.55502192164477,-402.78886098238337,459.60512749085024,12.084546858796461,-0.7852611304147248,-1.4799394315747172,-0.010134053707186891,-0.014430972549919397,-0.05704712681951391,-0.015192324655683678,1.4240079011704079,-1.9874809063247973,4.26474577383159,-2.5387979710059043,-16.49652342012797
443.5,-116.16004486992374,-403.58538222647314,-0.02007809164471145,-113.42213761908467,-400.26664244894664,-116.16004486992374,-403.58538222647314,-116.75068146890248,-403.15439817427375,460.0200754767692,11.708723222825299,-0.9574599863780875,-2.0566093507515557,-0.015001432286131234,-0.021362158104323733,-0.06020203780044394,-0.02007809164471145,1.4240079011704079,-2.006870167685888,4.232618108395426,-2.465482325411451,-16.584971899662154
444.0,-116.36557816814661,-403.9632329649342,-0.02609239085372912,-113.63507231681369,-400.78488829771743,-116.36557816814661,-403.9632329649342,-116.95977129373463,-403.5077927913115,460.43076890885817,11.475161304889534,-1.9235234449596705,-2.7649475387845075,-0.02099758255406733,-0.029900723462469792,-0.07357892066658467,-0.02609239085372912,1.4240079011704079,-2.027363240733683,4.212859592177095,-2.391650702822494,-16.67386374591944
444.5,-116.57039390841446,-404.3373620105195,-0.03338639709828074,-113.85476336792593,-401.3026071439925,-116.57039390841446,-404.3373620105195,-117.1667305692322,-403.8575864456205,460.83727752411465,11.27931073411875,-3.1000279416839,-3.597058500091208,-0.028273682613511205,-0.04026194743682435,-0.10516537959661965,-0.03338639709828074,1.4240079011704079,-2.0489883637400212,4.16926487869557,-2.31730118427748,-16.763194665352263
445.0,-116.80346595090512,-404.68859193525304,-0.04201324411631292,-114.07445441903818,-401.82032599026746,-116.80346595090512,-404.68859193525304,-117.40527923459993,-404.1814981337949,461.23968636855113,11.083460163347969,-4.276532438408129,-4.530805173533245,-0.036882865803158894,-0.05252149232150611,-0.08790253086162433,-0.04201324411631292,1.4240079011704079,-2.0721375152895094,4.123796721103384,-2.2424319129214036,-16.852960255468137
445.5,-117.0365509404613,-405.0357050133859,-0.051828601617292844,-114.29414547015041,-402.3380448365425,-117.0365509404613,-405.0357050133859,-117.64177609543817,-404.5019787938326,461.6380958096239,10.887609592577185,-5.453036935132358,-5.533544618913696,-0.04668080503143657,-0.066473835197761,-0.09779903027996424,-0.051828601617292844,1.4240079011704079,-2.0967176713789843,4.095569030109125,-2.1670410950057377,-16.943156005349508
446.0,-117.28424922543009,-405.3665927212901,-0.06261674088075639,-114.51383652126265,-402.8557636828175,-117.28424922543009,-405.3665927212901,-117.89295554636406,-404.80522038462755,462.03262814076277,10.691759021806403,-6.629541431856589,-6.567525598668138,-0.057451774965082025,-0.08181178148654104,-0.1044451963838652,-0.06261674088075639,1.4240079011704079,-2.1226650328345813,4.0422230644468105,-2.0911270008874623,-17.03377729622154
446.5,-117.54752624722487,-405.6804490655686,-0.07412126663477327,-114.7335275723749,-403.37348252909254,-117.54752624722487,-405.6804490655686,-118.15950869950404,-405.0908024493283,462.4234021100835,10.495908451035621,-7.806045928580819,-7.594644156116467,-0.06893937821033959,-0.09817021927329862,-0.1020435368618608,-0.07412126663477327,1.4240079011704079,-2.1499469505317275,4.009908503208738,-2.0146879488175564,-17.124819337881803
447.0,-117.81157915626274,-405.98951836810477,-0.08606650405830377,-114.95321862348713,-403.89120137536753,-117.81157915626274,-405.98951836810477,-118.4236057379847,-405.37375306027474,462.8105753503818,10.300057880264838,-8.982550425305048,-8.579377614552666,-0.08086795355561537,-0.11515660481467786,-0.13408449667653594,-0.08606650405830377,1.4240079011704079,-2.1786560833330157,3.9586120927164377,-1.9377222314960587,-17.21627712845666
447.5,-118.10003264234373,-406.2690507864971,-0.09708498171846336,-115.268176408201,-404.5075352727194,-118.10003264234373,-406.2690507864971,-118.71270318244386,-405.6256605589402,463.19429582215633,10.163561941991935,-10.005970516148821,-9.489989198713214,-0.09187002646234915,-0.13082364356311965,-0.1062101701218384,-0.09708498171846336,1.4240079011704079,-2.2091053851324673,3.901684877871705,-1.860228322770385,-17.308145734040014
448.0,-118.39165373089033,-406.54095292761576,-0.10606685319403894,-115.71015071491696,-405.25534991189255,-118.39165373089033,-406.54095292761576,-119.00162537817116,-405.8730402163766,463.5747495189046,10.106201906668295,-10.825287368930516,-10.298891765210689,-0.10083575466255418,-0.14359091135995794,-0.10133761399544268,-0.10606685319403894,1.4240079011704079,-2.2413098430403213,3.873828607744925,-1.7822047642824077,-17.40042011516481
448.5,-118.69018942270715,-406.79957357493885,-0.11401240960637762,-116.15212502163293,-406.00316455106577,-118.69018942270715,-406.79957357493885,-119.29476180419306,-406.1099787929421,463.9521117191364,10.048841871344656,-11.64460422171221,-10.983048519207504,-0.10876542914249254,-0.15488283047309953,-0.12170559076504142,-0.11401240960637762,1.4240079011704079,-2.27516239871125,3.8209739739609185,-1.703650166393841,-17.49309512761968
449.0,-119.00313002103357,-407.0348048020278,-0.12070696327852007,-116.59409932834889,-406.7509791902389,-119.00313002103357,-407.0348048020278,-119.60107506496922,-406.3252969166884,464.3265890360943,9.991481836021018,-12.463921074493907,-11.524776637510334,-0.1154443574030578,-0.16439367708749478,-0.09930631853151764,-0.12070696327852007,1.4240079011704079,-2.3102215274282063,3.778299369789338,-1.624563214773955,-17.586165534308915
449.5,-119.31714558618992,-407.26316842527063,-0.12445137444537557,-117.01625636152504,-407.2008697451284,-119.31714558618992,-407.26316842527063,-119.90520189967962,-406.5390781263716,464.69839338040725,9.998061111193918,-12.730454079536884,-11.912720598333408,-0.11917341430305502,-0.16970388357700483,-0.10569643916690745,-0.12445137444537557,1.4240079011704079,-2.346544097389833,3.743540611917251,-1.5449427047527056,-17.679626087624502
450.0,-119.63984989711827,-407.4722315574622,-0.12606897828416394,-117.43154159231054,-407.5474526764691,-119.63984989711827,-407.4722315574622,-120.21658333888469,-406.7372050407379,465.06774781794513,10.026811867516528,-12.805304744485426,-12.142444024381374,-0.12077592638688142,-0.1719858734460947,-0.09868805783463072,-0.12606897828416394,1.4240079011704079,-2.384156303251885,3.6965287133414364,-1.4647874599974395,-17.77347135227117
450.5,-119.96782671530178,-407.6665369785696,-0.12612369480196312,-117.84682682309604,-407.8940356078098,-119.96782671530178,-407.6665369785696,-120.53180519225283,-406.92537094157836,465.4348923513471,10.055562623839137,-12.880155409433968,-12.21621203464159,-0.1208158217031035,-0.17204268469161463,-0.08557884693827617,-0.12612369480196312,1.4240079011704079,-2.422731268463143,3.6681387152770766,-1.3840963770470625,-17.86769577754548
451.0,-120.29579576018082,-407.85352415942003,-0.12461672498242767,-118.26032505688457,-408.22846290602723,-120.29579576018082,-407.85352415942003,-120.84532772394206,-407.1125224635263,465.8000576543809,10.088579861082321,-12.92414751657183,-12.141707638182332,-0.11929430155166931,-0.16987602797418236,-0.1004097984626712,-0.12461672498242767,1.4240079011704079,-2.461923907725734,3.631486136364246,-1.302868425609145,-17.962293712982778
451.5,-120.6307839109531,-408.020059786689,-0.12016117823270339,-118.64396239983856,-408.35976841146106,-120.6307839109531,-408.020059786689,-121.16611602620871,-407.28322348862986,466.16350674344187,10.19289040280979,-12.452490169534844,-11.929690243053074,-0.11482447228278495,-0.16351095577840827,-0.07890421113073161,-0.12016117823270339,1.4240079011704079,-2.501372116230816,3.5926888629299185,-1.2211026494050559,-18.057259409410207
452.0,-120.96583288538187,-408.1780953582339,-0.1146642974033609,-119.02759974279255,-408.4910739168949,-120.96583288538187,-408.1780953582339,-121.48666234503065,-407.4513532862058,466.52548570479667,10.297200944537256,-11.980832822497856,-11.590777650601812,-0.10931360048705399,-0.15566343079895023,-0.06807918710382073,-0.1146642974033609,1.4240079011704079,-2.541023741501032,3.5728892799444316,-1.1387981670117353,-18.152587020023763
452.5,-121.30042495885479,-408.3282227765019,-0.10825211643520738,-119.41123708574654,-408.6223794223288,-121.30042495885479,-408.3282227765019,-121.80697083402454,-407.6172765269792,466.886264043668,10.401511486264724,-11.50917547546087,-11.131570083305125,-0.10288771422169217,-0.1465129179850526,-0.0792022349388814,-0.10825211643520738,1.4240079011704079,-2.5805709480816303,3.542413921751768,-1.055954207559983,-18.248270669574868
453.0,-121.63826091764594,-408.46304455618906,-0.10097149455664076,-119.79487442870054,-408.7536849277626,-121.63826091764594,-408.46304455618906,-122.13191592399438,-407.7718556973906,467.24611061218843,10.505822027992192,-11.037518128423883,-10.550893692462607,-0.09559367729570463,-0.1361261517710176,-0.05940854666522141,-0.10097149455664076,1.4240079011704079,-2.619505595424772,3.51508910145832,-0.9725700151735106,-18.34430431915949
453.5,-121.97454254135357,-408.5924034482817,-0.09278817466073906,-120.21818674564334,-408.87258776627243,-121.97454254135357,-408.5924034482817,-122.45626564545383,-407.9261516458878,467.6052978652673,10.609441768780028,-10.377307008671556,-9.837455078153218,-0.08739723545551224,-0.12445435382909995,-0.05142459992002525,-0.09278817466073906,1.4240079011704079,-2.6573236023346114,3.4994955683532156,-0.8886449332679136,-18.44068183244842
454.0,-122.31044178637804,-408.71444728460773,-0.08357120200476068,-120.662301100945,-408.9849877459983,-122.31044178637804,-408.71444728460773,-122.78169361703931,-408.0773963252439,467.9641875887131,10.712699314808805,-9.618235009669833,-8.970644505381584,-0.0781674268671488,-0.11131103347297991,-0.052626612294668855,-0.08357120200476068,1.4240079011704079,-2.693530698833942,3.478163600545123,-0.80417838506959,-18.537396980442946
454.5,-122.6469581966401,-408.82767052896537,-0.07316682442407778,-121.10641545624665,-409.0973877257242,-122.6469581966401,-408.82767052896537,-123.10954444025847,-408.22316856174035,468.3229878771955,10.815956860837584,-8.859163010668112,-7.92578834347447,-0.06775051137123426,-0.09647726350097316,-0.037900074586031715,-0.07316682442407778,1.4240079011704079,-2.7279726300900027,3.4620555276983884,-0.7191698726259901,-18.63444344260575
455.0,-122.98214854897137,-408.9373889022082,-0.06148577522397772,-121.55052981154832,-409.2097877054501,-122.98214854897137,-408.9373889022082,-123.4375690998343,-408.36901809105626,468.6819784123709,10.919214406866363,-8.10009101166639,-6.683659640462606,-0.05605721765517665,-0.07982592085860084,-0.03162704623566137,-0.06148577522397772,1.4240079011704079,-2.760148837284246,3.4513853708930036,-0.6336190009369015,-18.73181483456517
455.5,-123.31722837214974,-409.0422233206516,-0.04863101999236971,-122.00284683336957,-409.31231398339906,-123.31722837214974,-409.0422233206516,-123.76710331123725,-408.51257297409927,469.0414327335819,11.01648404434662,-6.901767961792146,-5.24172638726171,-0.04319050956467346,-0.06150362687567108,-0.026035085673542492,-0.04863101999236971,1.4240079011704079,-2.7895235043512296,3.439814669761663,-0.5475254797581608,-18.829504710799192
456.0,-123.65239724240362,-409.14341611272283,-0.034867465655361564,-122.47733785277781,-409.3881490093201,-123.65239724240362,-409.14341611272283,-124.09816543341537,-408.6545129645173,469.4016400070829,11.0975667663417,-4.516032048204764,-3.6226697532007255,-0.029415295253661388,-0.041887612856474216,-0.01352722956470537,-0.034867465655361564,1.4240079011704079,-2.815586379838407,3.4331577766867416,-0.4608890487172972,-18.927506481157923
456.5,-123.98742601715799,-409.24336175245435,-0.020476444911879818,-122.95182887218606,-409.4639840352412,-123.98742601715799,-409.24336175245435,-124.4301667354949,-408.7968556201068,469.7628691414642,11.178649488336777,-2.13029613461738,-1.876045442522654,-0.015012902915599423,-0.02137849237131783,-0.005774263794195823,-0.020476444911879818,1.4240079011704079,-2.837855628900006,3.430362347785215,-0.3737095209451111,-19.02581345120408
457.0,-124.32295107204138,-409.3426198273985,-0.0060415123660716346,-123.42631989159429,-409.53981906116223,-124.32295107204138,-409.3426198273985,-124.76346312405057,-408.93945727168995,470.12539064387397,11.259732210331855,0.25543977897000314,-0.07187139324804359,-0.0005668914934619412,-0.0008072579657960968,-0.00047600268349671685,-0.0060415123660716346,1.4240079011704079,-2.85592462150111,3.4291217357628296,-0.28598679676864647,-19.124418854011967
457.5,-124.65947693501275,-409.442103210592,0.007819141081244138,-123.90081091100254,-409.6156540870833,-124.65947693501275,-409.442103210592,-125.09822010256194,-409.0826060964601,470.4894701758482,11.340814932326932,2.6411756925573853,1.711152877059935,0.013304552913376408,0.018945788470187776,0.01171270448905374,0.007819141081244138,1.4240079011704079,-2.869315125163232,3.4300228935374553,-0.19772086200821537,-19.22331584682342
458.0,-124.9974714755734,-409.54275275492137,0.020607314893746002,-124.3917540477341,-409.69477454709795,-124.9974714755734,-409.54275275492137,-125.43456633798615,-409.2266587500417,470.85536764712924,11.409278369120646,4.2768174145606475,3.397899775090722,0.026103227710098965,0.03717120250523126,0.022152649972398058,0.020607314893746002,1.4240079011704079,-2.8782482759038257,3.4373268796000955,-0.10891184957545841,-19.322497558197828
458.5,-125.33614230842473,-409.6482617804368,0.03189536549075582,-124.88523730874941,-409.77440226163554,-125.33614230842473,-409.6482617804368,-125.77119123402605,-409.3752618546454,471.2233363861328,11.475793451659795,5.796648360741345,4.925545519373122,0.03740148888870693,0.053260015693055884,0.023306720489811996,0.03189536549075582,1.4240079011704079,-2.883265847897964,3.4456715260297717,-0.019559934522332734,-19.42195700446962
459.0,-125.67731495030073,-409.75609518073327,0.041379844224509535,-125.37872056976472,-409.8540299761731,-125.67731495030073,-409.75609518073327,-126.10993601344346,-409.52480078204474,471.59362239525643,11.542308534198945,7.316479306922042,6.247699429695292,0.04689588862316774,0.0667801159317983,0.03376897211301181,0.041379844224509535,1.4240079011704079,-2.8842884839813476,3.4539203303424113,0.0703346502779918,-19.52168710377533
459.5,-126.02028101708837,-409.8691673944495,0.048905409212653156,-125.87220383078004,-409.9336576907107,-126.02028101708837,-409.8691673944495,-126.4497503234951,-409.67815176659,471.9664636985247,11.608823616738094,8.836310253102738,7.335391216755896,0.054431067991103005,0.07751027088847436,0.04001162258168371,0.048905409212653156,1.4240079011704079,-2.8813987467029616,3.469870375078941,0.160771587373441,-19.621680698983894
460.0,-126.36434482647748,-409.99009869585456,0.05467091999811639,-126.36744519067612,-410.03770238777804,-126.36434482647748,-409.99009869585456,-126.78969249644669,-409.83793221162205,472.34208978827127,11.654012151177223,9.689201545489393,8.17692263174469,0.060205886484053006,0.08573365805026015,0.041509003955921615,0.05467091999811639,1.4240079011704079,-2.874541839012681,3.4829675997221883,0.2517504763420877,-19.72193054178517
460.5,-126.71174098305433,-410.1148324889034,0.05884635495469803,-126.86464948556008,-410.1690088900998,-126.71174098305433,-410.1148324889034,-127.13235446917396,-409.9989910235445,472.7207211766713,11.675389381318572,9.79744804255952,8.777348514959225,0.06439032185888656,0.09169232708596009,0.05324338933933989,0.05884635495469803,1.4240079011704079,-2.8636640453943394,3.5002788781642638,0.3432708200200485,-19.822429312170172
461.0,-127.05919991696842,-410.2506024278596,0.061380765225835514,-127.36185378044404,-410.30031539242157,-127.05919991696842,-410.2506024278596,-127.47392674459853,-410.1695463216583,473.1025635868226,11.69676661145992,9.905694539629646,9.15745240278754,0.06693342079111768,0.09531372005891522,0.04801596306998811,0.061380765225835514,1.4240079011704079,-2.8487444691755135,3.5224169526414606,0.4353319287520627,-19.92316963549866
461.5,-127.408669536027,-410.39386096268765,0.06254731697014801,-127.859058075328,-410.43162189474333,-127.408669536027,-410.39386096268765,-127.81679822143172,-410.3452212581642,473.4878306162199,11.718143841601268,10.013941036699773,9.352291353933243,0.06810835304965349,0.09698683287841021,0.05275618410465108,0.06254731697014801,1.4240079011704079,-2.829805730122744,3.5364038046642334,0.5279331472342113,-20.024144065096877
462.0,-127.76096954760624,-410.5430229386961,0.06268845441265615,-128.35178822774083,-410.5675409157967,-127.76096954760624,-410.5430229386961,-128.16207321221748,-410.5240303946564,473.87670213475235,11.741183728188414,10.081025552625734,9.409673075628739,0.06825756113849742,0.0971993063758425,0.0649012573381863,0.06268845441265615,1.4240079011704079,-2.806903255709762,3.562398149268381,0.621073732093316,-20.12534508496056
462.5,-128.11077287666154,-410.7080796089215,0.062012453465285465,-128.78685969663883,-410.7629018878987,-128.11077287666154,-410.7080796089215,-128.50364962931474,-410.7176773979004,474.2693657802185,11.785650420564824,9.617651850255323,9.3882621716149,0.06758932335297801,0.09624773048940226,0.05571472178461104,0.062012453465285465,1.4240079011704079,-2.780163128245081,3.5863357928690167,0.7147528510943217,-20.226765110902228
463.0,-128.46400609952528,-410.8780816668439,0.061251071805835014,-129.2219311655368,-410.9582628600006,-128.46400609952528,-410.8780816668439,-128.84867497754254,-410.91327967423814,474.6659941896522,11.830117112941235,9.154278147884911,9.353725819037233,0.06683539938101994,0.09517413679645219,0.060475161884737845,0.061251071805835014,1.4240079011704079,-2.7497804583064562,3.6058436862415753,0.8089695823358527,-20.32839649177687
463.5,-128.81581887722328,-411.06113457155595,0.060864159852257765,-129.6570026344348,-411.15362383210254,-128.81581887722328,-411.06113457155595,-129.1916166363841,-411.1203896624087,475.06675070547817,11.874583805317645,8.690904445514498,9.370626741227092,0.06645564006620522,0.09463335653161296,0.05842415031914379,0.060864159852257765,1.4240079011704079,-2.71604932137137,3.633922833628257,0.9037229685869632,-20.43023151707146
464.0,-129.16734826765045,-411.25534385560456,0.06119959271039604,-130.09207410333278,-411.3489848042045,-129.16734826765045,-411.25534385560456,-129.53398031746528,-411.33678143102145,475.47178303493104,11.919050497694055,8.227530743144087,9.489564103397411,0.06679792077162901,0.09512076696055462,0.059916484337215775,0.06119959271039604,1.4240079011704079,-2.679376232913625,3.6525756758609695,0.9990119166657236,-20.53226238860008
464.5,-129.52102724807398,-411.45650965773007,0.06234534544673116,-130.51822486882594,-411.56346451233355,-129.52102724807398,-411.45650965773007,-129.8787935391491,-411.55748297930114,475.881248995115,11.967921543693542,8.163762617174244,9.732587287775651,0.06795021581836092,0.09676164421158037,0.06940527110908079,0.06234534544673116,1.4240079011704079,-2.640300800546847,3.6822481127025126,1.094835225890817,-20.63448126042892
465.0,-129.8689308403965,-411.6765185718069,0.06405427996367165,-130.9164490560344,-411.8377961014338,-129.8689308403965,-411.6765185718069,-130.21690197965833,-411.79640916983084,476.29527436031253,12.03058057486262,9.350973915796466,10.083010404924917,0.06966538524407666,0.09920405902564551,0.06204007191014262,0.06405427996367165,1.4240079011704079,-2.5995015898872915,3.709381631892922,1.1911916013218053,-20.73688022591642
465.5,-130.21986407403867,-411.9022652163031,0.0660841223954206,-131.31467324324288,-412.11212769053407,-130.21986407403867,-411.9022652163031,-130.5588447578067,-412.03804491615847,476.71399500327044,12.093239606031698,10.538185214418686,10.48603863340671,0.07170115275621224,0.10210300804787259,0.06595523394402929,0.0660841223954206,1.4240079011704079,-2.5579616001221317,3.7337172471496416,1.2880796531781677,-20.839451319823784
466.0,-130.56543341940275,-412.14501204163923,0.06789054242578466,-131.71289743045136,-412.38645927963427,-130.56543341940275,-412.14501204163923,-130.89494243031157,-412.29553680663935,477.1375347402658,12.155898637200776,11.725396513040906,10.862739976438007,0.0735131857788964,0.10468335738935654,0.06423983863210476,0.06789054242578466,1.4240079011704079,-2.5166662711529075,3.7646561257291933,1.3854979143366914,-20.942186486077738
466.5,-130.91037027282476,-412.3984242871936,0.06895014213640396,-132.11112161765982,-412.6607908687345,-130.91037027282476,-412.3984242871936,-131.23096966950058,-412.5613528250551,477.5660061396521,12.218557668369852,12.912607811663126,11.13399703790517,0.07457808296221277,0.10619977939233316,0.06496838113970653,0.06895014213640396,1.4240079011704079,-2.476264225541679,3.788430014744981,1.483444810406812,-21.045077635916776
467.0,-131.25284600887576,-412.66416389514586,0.06887177131150417,-132.48145541888198,-412.97491796614077,-131.25284600887576,-412.66416389514586,-131.56498723964927,-412.8374242895936,477.9995275921633,12.285689616571716,13.11544351328798,11.245601795474599,0.07450469184534064,0.10609526986203154,0.0658318483678511,0.06887177131150417,1.4240079011704079,-2.4373992552655936,3.820525668947542,1.5819186612113871,-21.1481166567323
467.5,-131.58936157398261,-412.94630112857885,0.06759901555929708,-132.82024414678432,-413.3340552770281,-131.58936157398261,-412.94630112857885,-131.89308018323965,-413.1285912933997,478.4382080256802,12.357880601813154,12.204913469570046,11.184488768361165,0.07323659560665031,0.10428949079869203,0.06618374390208083,0.06759901555929708,1.4240079011704079,-2.3993097542358037,3.8459435474947585,1.6809176828554733,-21.251295448763255
468.0,-131.92650681949488,-413.23660947228313,0.06541998449533064,-133.15903287468663,-413.6931925879154,-131.92650681949488,-413.23660947228313,-132.22317861818723,-413.42530303309604,478.88215332324654,12.430071587054591,11.29438342585211,10.979538447681453,0.07106190147825396,0.10119270917722673,0.07009176991737201,0.06541998449533064,1.4240079011704079,-2.36191945873983,3.8789649199928444,1.7804400008780001,-21.3546057930739
468.5,-132.25189286699836,-413.5480667047581,0.06272596215359438,-133.49782160258894,-414.0523298988027,-132.25189286699836,-413.5480667047581,-132.540852741688,-413.74301300499417,479.3314605989297,12.502262572296027,10.383853382134177,10.68697585832908,0.06837189183750365,0.09736211419457372,0.06705521825173273,0.06272596215359438,1.4240079011704079,-2.325547638730858,3.9087045513943988,1.880483639355463,-21.458039410769434
469.0,-132.5792755645282,-413.8659309612357,0.05991505589528993,-133.83661033049128,-414.41146720969004,-132.5792755645282,-413.8659309612357,-132.8623989737556,-414.06459552241284,479.7862444508355,12.574453557537465,9.473323338416243,10.366881593509795,0.0655646724412617,0.09336461159400636,0.07013772177646678,0.05991505589528993,1.4240079011704079,-2.2904318742167495,3.9397821708950422,1.9810465233721277,-21.561587981546484
469.5,-132.89246251204008,-414.2052371074388,0.05705482849374387,-134.13170030290388,-414.8156958861213,-132.89246251204008,-414.2052371074388,-133.16885217983886,-414.4079669635007,480.24659519536834,12.666307638033368,9.303364927205969,10.06054864994098,0.062707805363841,0.08929641030316568,0.06825448452659001,0.05705482849374387,1.4240079011704079,-2.256161511522773,3.9730305779474726,2.082126481307226,-21.665243160829633
470.0,-133.20552683846694,-414.5526749715821,0.054321757851605375,-134.40547703755104,-415.24191701941396,-133.20552683846694,-414.5526749715821,-133.4768299029868,-414.7576949363268,480.71262795229626,12.767752019664067,9.4946062597656,9.77730546332883,0.059977768770483345,0.08540881662374002,0.06864204036779398,0.054321757851605375,1.4240079011704079,-2.223566007505229,4.003285366501596,2.1837212415970386,-21.768996566605054
470.5,-133.50490514290186,-414.9190636365414,0.05167151368746307,-134.67925377219822,-415.66813815270666,-133.50490514290186,-414.9190636365414,-133.77041647839053,-415.1267261883777,481.1844353130216,12.869196401294767,9.685847592325231,9.494816308618594,0.057330233337495234,0.08163870524853634,0.06969530504222568,0.05167151368746307,1.4240079011704079,-2.1926544200198843,4.037534873474103,2.285828432530449,-21.872839781811287
471.0,-133.8004857799515,-415.2962011439614,0.04885293574184872,-134.9530305068454,-416.09435928599936,-133.8004857799515,-415.2962011439614,-134.0612675306275,-415.5056229339951,481.6621296002238,12.970640782925466,9.877088924884863,9.17130719555716,0.0545140410361584,0.07762842516021741,0.06970962430839785,0.04885293574184872,1.4240079011704079,-2.1634380923158765,4.0697036516600384,2.3884455801087547,-21.97676435238255
471.5,-134.0824481464453,-415.6904311446126,0.04562241358195911,-135.22680724149257,-416.520580419292,-134.0824481464453,-415.6904311446126,-134.33782743464405,-415.9020626190892,482.1458206473919,13.072085164556166,10.068330257444494,8.763650319675495,0.05128558374293728,0.0730310764660793,0.07030582024907961,0.04562241358195911,1.4240079011704079,-2.135689706608855,4.104672570506779,2.49157011798657,-22.080761771468467
472.0,-134.35743684615196,-416.0969644870561,0.04186838076522387,-135.45720847582425,-416.9943743325827,-134.35743684615196,-416.0969644870561,-134.60787975042217,-416.3106374765783,482.63562181869383,13.169387930449945,9.17433928642902,8.24383190044972,0.04753329776253126,0.06768779158253019,0.06922565721490553,0.04186838076522387,1.4240079011704079,-2.10955736329204,4.138317931538234,2.5951993782872673,-22.184823525084923
472.5,-134.61841950325376,-416.51917523825773,0.037562637866421125,-135.6812105356498,-417.4751866437878,-134.61841950325376,-416.51917523825773,-134.8630804181176,-416.73555982264855,483.13164373105707,13.266079685020626,8.120244320307364,7.607820387507788,0.043228985892455746,0.06155841747044108,0.06859275680665436,0.037562637866421125,1.4240079011704079,-2.084936515023358,4.172986184309121,2.6993305905068956,-22.28894107711305
473.0,-134.8704451820847,-416.9539521302378,0.032834632631733224,-135.90521259547535,-417.9559989549929,-134.8704451820847,-416.9539521302378,-135.1092605696438,-417.17342672184196,483.6340197966625,13.362771439591308,7.066149354185706,6.875075521259171,0.038502097796426625,0.054827291473747264,0.06587575378694048,0.032834632631733224,1.4240079011704079,-2.0617216984071605,4.206857193626165,2.8039608841928807,-22.393105866705966
473.5,-135.10776580125108,-417.4032584405312,0.027899841286640772,-136.1292146553009,-418.43681126619794,-135.10776580125108,-417.4032584405312,-135.3395149062921,-417.6268128330134,484.14286359106904,13.459463194161989,6.012054388064048,6.081103249691547,0.03356811071114092,0.04780125488002767,0.063224372515869,0.027899841286640772,1.4240079011704079,-2.039745117044014,4.239570647473403,2.9090872901145497,-22.497309306458007
474.0,-135.33603015841015,-417.86415726391596,0.023035510349864778,-136.34990626525794,-418.91766670166885,-135.33603015841015,-417.86415726391596,-135.5603219786485,-418.0925249889704,484.65831692006816,13.546917612000026,4.97908781696276,5.267778526354031,0.02870427145247034,0.04087510934565794,0.058649079966069884,0.023035510349864778,1.4240079011704079,-2.018943380047037,4.271521074725548,3.0147067538938277,-22.601542749227594
474.5,-135.54904456988342,-418.33848568635034,0.018812589807901507,-136.5300955317344,-419.39904974936684,-135.54904456988342,-418.33848568635034,-135.76422005554878,-418.57296869052,485.1805013237757,13.521356035017904,4.204620708562879,4.47588643092255,0.02448153030497363,0.03486189258702523,0.053548973508782016,0.018812589807901507,1.4240079011704079,-1.9991448692586054,4.300259155935724,3.1208161027369377,-22.70579757228004
475.0,-135.75505176087586,-418.82265330090326,0.014874709392763042,-136.71028479821086,-419.8804327970649,-135.75505176087586,-418.82265330090326,-135.9607378465113,-419.0641360044243,485.7095602543927,13.49579445803578,3.4301536001629978,3.7417233384206185,0.020543515411315258,0.02925412826352897,0.04743754658734244,0.014874709392763042,1.4240079011704079,-1.9801782650830888,4.327564884138682,3.2274120633607364,-22.81006513416325
475.5,-135.94619001111477,-419.31904994784315,0.011398590953566805,-136.8904740646873,-420.3618158447629,-135.94619001111477,-419.31904994784315,-136.1404676621099,-419.5690284273346,486.2456330302172,13.470232881053658,2.6556864917631167,3.096749386186711,0.017066947476451197,0.02430346805532686,0.040193204606031055,0.011398590953566805,1.4240079011704079,-1.9618788097500233,4.350492645239462,3.3344912658912866,-22.91433676906214
476.0,-136.13392127182806,-419.8234460327941,0.008539990272986093,-137.07066333116376,-420.84319889246086,-136.13392127182806,-419.8234460327941,-136.31674980367518,-420.08283410305,486.78886053782355,13.444671304071534,1.8812193833632356,2.5681506816760287,0.014207580437622587,0.020231706799688685,0.03432976079940443,0.008539990272986093,1.4240079011704079,-1.9440617209219593,4.370611986048043,3.4420502323293265,-23.01860380368051
476.5,-136.30891360593014,-420.33868832760936,0.006433713160140488,-137.25085259764023,-421.32458194015885,-136.30891360593014,-420.33868832760936,-136.4784842500431,-420.6090352368435,487.3393907032075,13.419109727089412,1.1067522749633545,2.1789160865613435,0.012100215277520587,0.017230802161052196,0.02529703079113268,0.006433713160140488,1.4240079011704079,-1.926542338584787,4.387677027283781,3.5500853665100385,-23.122857579413463
477.0,-136.4831602852974,-420.86091175830677,0.005349224315908412,-137.40858613518114,-421.8275385551348,-136.4831602852974,-420.86091175830677,-136.63969178207319,-421.14318034226955,487.89735175639186,13.296899599599943,1.1107478187313944,1.9474145283324642,0.011014318392570117,0.015684476417026392,0.01821049051678509,0.005349224315908412,1.4240079011704079,-1.9091405923526397,4.398375160294545,3.658593009110881,-23.227089387641044
477.5,-136.6509412177623,-421.39186226110326,0.005231434696238624,-137.5631972918242,-422.3334948898956,-136.6509412177623,-421.39186226110326,-136.79359424042593,-421.6873759005113,488.46289327246006,13.161250870817337,1.2229855363258002,1.8871801898388745,0.010894794280543373,0.015514273137119932,0.011946806819779512,0.005231434696238624,1.4240079011704079,-1.8916633887484717,4.407853660210958,3.7675694093504903,-23.33129050804643
478.0,-136.81907053950422,-421.92962580717904,0.006167083366628401,-137.71780844846722,-422.8394512246563,-136.81907053950422,-421.92962580717904,-136.94820348870587,-422.239377397887,489.0361427994549,13.025602142034733,1.3352232539202058,2.006878420747473,0.011828384827818977,0.0168437134528984,0.00577574042479462,0.006167083366628401,1.4240079011704079,-1.8738371790987378,4.411821181881068,3.877010727079408,-23.435452211383957
478.5,-136.9865517692054,-422.4746219299587,0.008239404538355269,-137.87241960511028,-423.345407559417,-136.9865517692054,-422.4746219299587,-137.1023892464398,-422.79963897347756,489.6172333578125,12.889953413252128,1.4474609715146114,2.309220457627124,0.013898332609595783,0.019791335449158728,0.0027915156695207215,0.008239404538355269,1.4240079011704079,-1.8555656084454841,4.414416287802967,3.986913110940189,-23.539565792371373
479.0,-137.15587916804537,-423.02630671984764,0.011480263834406604,-138.02703076175334,-423.8513638941777,-137.15587916804537,-423.02630671984764,-137.259178838121,-423.3674323144259,490.2062771121403,12.754304684469524,1.559698689109017,2.7876343470358385,0.017136504204730944,0.02440251738597678,0.0001947793631320075,0.011480263834406604,1.4240079011704079,-1.836697957979305,4.415046883907886,4.097272622016101,-23.643622542857152
479.5,-137.3267817299425,-423.5849373629508,0.01592460460190344,-138.16424561809933,-424.36011025400785,-137.3267817299425,-423.5849373629508,-137.41840064621934,-423.9429220716984,490.80338706751235,12.592240923613886,2.44562301310922,3.421482560042145,0.021577855578059087,0.030727036833470098,-0.0003097011001447748,0.01592460460190344,1.4240079011704079,-1.8171010732987527,4.414654970324554,4.208085152892451,-23.747613723385594
480.0,-137.50077498510228,-424.1502761263932,0.021414831906840747,-138.2925120887706,-424.8702917592389,-137.50077498510228,-424.1502761263932,-137.58204094375444,-424.52564427222137,491.40865045869333,12.416589682054617,3.729519666127734,4.172625346684971,0.02706479441266187,0.038540481087183213,0.0016231158132636971,0.021414831906840747,1.4240079011704079,-1.797169838684652,4.4146776767159706,4.319346524698243,-23.85153057729713
480.5,-137.67598745235026,-424.72304432125486,0.0276340891134678,-138.42077855944186,-425.3804732644699,-137.67598745235026,-424.72304432125486,-137.7481540683825,-425.1162271956797,492.0221502226937,12.240938440495349,5.013416319146248,4.986764202097794,0.03328046651298085,0.0473916472691219,0.005428333398553814,0.0276340891134678,1.4240079011704079,-1.7770421671946626,4.416563631958324,4.43105246103206,-23.95536437543031
481.0,-137.8522320199403,-425.30347144700534,0.03420753664399382,-138.54904503011312,-425.890654769701,-137.8522320199403,-425.30347144700534,-137.91681967306724,-425.7147020922271,492.6439382309653,12.06528719893608,6.297312972164763,5.801015493923426,0.039850034069180175,0.05674676337642251,0.009539406178930164,0.03420753664399382,1.4240079011704079,-1.7564335546329923,4.421186654676836,4.5431986038131065,-24.0591064022184
481.5,-138.02651467627354,-425.89254960782665,0.04073774601851279,-138.67731150078438,-426.400836274932,-138.02651467627354,-425.89254960782665,-138.08484616828724,-426.3220001579251,493.27405667889883,11.889635957376811,7.581209625183277,6.555880333007936,0.04637606572571615,0.06603988401861793,0.014516628546356686,0.04073774601851279,1.4240079011704079,-1.734969587735828,4.42817939336541,4.655780509008135,-24.162747954640768
482.0,-138.19893627246245,-426.49033700886145,0.046856669291004044,-138.7831212563868,-426.9013076421704,-138.19893627246245,-426.49033700886145,-138.2526990711145,-426.937977969664,493.9125046257761,11.71764860451368,8.310996276051878,7.2071196960053445,0.052490510300255096,0.07474690140402994,0.020061482324199242,0.046856669291004044,1.4240079011704079,-1.7125030644053658,4.43908602065723,4.768793647242621,-24.266280345347894
482.5,-138.36448485337465,-427.0982194461919,0.052342220714865044,-138.86416653449842,-427.3910710099079,-138.36448485337465,-427.0982194461919,-138.414829920133,-427.56409580292006,494.5592780653043,11.549701659558217,8.429729857333069,7.733114439853495,0.05797128204721094,0.0825515636762066,0.021174961851975396,0.052342220714865044,1.4240079011704079,-1.6888793956121855,4.453258243702855,4.882233405666868,-24.369694906402387
483.0,-138.52382126026677,-427.7158973447802,0.057176370440258056,-138.94521181261,-427.8808343776454,-138.52382126026677,-427.7158973447802,-138.57235407643432,-428.19988322447,495.2143192132677,11.381754714602753,8.54846343861426,8.135429512197135,0.06280034687830137,0.08942819015094351,0.021113516476631528,0.057176370440258056,1.4240079011704079,-1.6641000164706454,4.465952339255237,4.9960950884699304,-24.472982991609342
483.5,-138.67763820653167,-428.3431161545865,0.06144839268790209,-139.02625709072163,-428.37059774538284,-138.67763820653167,-428.3431161545865,-138.7264094877033,-428.84497683938304,495.8775623066059,11.213807769647289,8.66719701989545,8.43363841760853,0.06706698192911612,0.09550391217471431,0.02092938079077175,0.06144839268790209,1.4240079011704079,-1.6380617658197236,4.480342563721272,5.110373838407638,-24.576135963783113
484.0,-138.8226314505423,-428.98041866043013,0.06534722367971448,-139.10730236883325,-428.86036111312035,-138.8226314505423,-428.98041866043013,-138.87341783770168,-429.50000169539635,496.5488832428272,11.045860824691825,8.785930601176643,8.657918539422132,0.07096012330544459,0.10104777625497949,0.016201820816003545,0.06534722367971448,1.4240079011704079,-1.610586041789093,4.493168538406097,5.225064792503369,-24.679145209576955
484.5,-138.9635692615553,-429.6264632877391,0.06888187497115125,-139.16754033035224,-429.3411613841025,-138.9635692615553,-429.6264632877391,-139.01928641474285,-430.16341156121774,497.2281458239336,10.895527305701474,8.889205349428291,8.842751002775397,0.07448878479843998,0.1060726181015607,0.01195567987914031,0.06888187497115125,1.4240079011704079,-1.5815339960300874,4.5016985071559645,5.340163016207061,-24.782002145400323
485.0,-139.10075734677235,-430.28089647102627,0.07189748783851387,-139.1743508860086,-429.7989469138039,-139.10075734677235,-430.28089647102627,-139.1646576846428,-430.83486657809436,497.91515740195035,10.790420169146339,8.952786111059678,9.02335053928715,0.07749811105127072,0.1103579224627912,0.010456391493727311,0.07189748783851387,1.4240079011704079,-1.5509563549384868,4.509084383031529,5.455663491559213,-24.88469822531579
485.5,-139.23501584924298,-430.94318886263034,0.07527909191649806,-139.18116144166498,-430.2567324435052,-139.23501584924298,-430.94318886263034,-139.3107690551011,-431.5138591738371,498.6096928574669,10.685313032591202,9.016366872691066,9.233763828121731,0.08087313213220157,0.11516397914865344,0.010606204678592045,0.07527909191649806,1.4240079011704079,-1.5189654364659697,4.51576733436435,5.571561111100955,-24.98722492299408
486.0,-139.36610316352468,-431.61298552134633,0.07931810661155203,-139.18797199732137,-430.7145179732065,-139.36610316352468,-431.61298552134633,-139.4576232825169,-432.2001159209903,499.3114869731724,10.580205896036064,9.079947634322453,9.504360370993698,0.08490527170332701,0.12090577775655792,0.013309240387918994,0.07931810661155203,1.4240079011704079,-1.4854407710162663,4.523484347209349,5.687850584871128,-25.089573660589085
486.5,-139.49252875639863,-432.29012502958824,0.08425133749615844,-139.19478255297776,-431.1723035029079,-139.49252875639863,-432.29012502958824,-139.60379208298565,-432.8936176120052,500.0202326850034,10.475098759480927,9.14352839595384,9.856984882659257,0.08983133174004077,0.12792052617047808,0.020956557611967457,0.08425133749615844,1.4240079011704079,-1.4502030333704972,4.53399854616155,5.804526656952463,-25.191735975443187
487.0,-139.61161561623135,-432.9746201038398,0.09014212436557027,-139.19302525598079,-431.63637659488376,-139.61161561623135,-432.9746201038398,-139.7465010615839,-433.5945849799279,500.7355833894412,10.372784971951301,9.286772244180947,10.298387209305774,0.09571466127104426,0.13629843390781626,0.03164382779060247,0.09014212436557027,1.4240079011704079,-1.4127384281888742,4.5524207138570905,5.9215839886619595,-25.29370343177826
487.5,-139.71475131400442,-433.66742175019584,0.0963333473722643,-139.09416246265704,-432.171711049544,-139.71475131400442,-433.66742175019584,-139.87603576652873,-434.30439371751095,501.45715209488856,10.30213017232805,10.332893846703852,10.814845438457088,0.10189813863530472,0.14510375453123153,0.03898601261352378,0.0963333473722643,1.4240079011704079,-1.3731440031040263,4.578103260912061,6.0390171579158896,-25.39546762191356
488.0,-139.79983512051717,-434.36781944638994,0.10306867863812638,-138.99529966933332,-432.70704550420425,-139.79983512051717,-434.36781944638994,-139.9903645713804,-435.0225335233105,502.1845110538317,10.2314753727048,11.379015449226756,11.371245700036768,0.10862543209656866,0.1546834735735634,0.049606522684992424,0.10306867863812638,1.4240079011704079,-1.3313982902747383,4.6072288551383185,6.156820572840481,-25.497020120101965
488.5,-139.8633518126657,-435.0752968389237,0.10987243219588119,-138.8964368760096,-433.24237995886455,-139.8633518126657,-435.0752968389237,-140.0857951965698,-435.7488048347123,502.9171955055588,10.160820573081548,12.425137051749662,11.916311891734903,0.11542085763067844,0.16436021322595087,0.06521789073993754,0.10987243219588119,1.4240079011704079,-1.287435399160271,4.648278861962687,6.274988627209126,-25.598352492048605
489.0,-139.8911305322893,-435.7899085292295,0.11630341986281723,-138.79096594951193,-433.7744268653109,-139.8911305322893,-435.7899085292295,-140.14607319809426,-436.483771145248,503.6547042966826,10.085103266899015,13.418818050170346,12.392589943974949,0.1218432235884429,0.1735057130940153,0.07157647246256013,0.11630341986281723,1.4240079011704079,-1.2410891304037817,4.700150935188575,6.393515652963562,-25.69945642358777
489.5,-139.88089765360058,-436.5089379719285,0.12372138142820899,-138.58345112501834,-434.25570690223975,-139.88089765360058,-436.5089379719285,-140.1689005424269,-437.2248327434497,504.3965009940312,9.93120988748374,13.60270246686672,12.748013010728739,0.1292522694182928,0.18405625289585523,0.06976286633118309,0.12372138142820899,1.4240079011704079,-1.1921883337733312,4.751004540796107,6.512395896638653,-25.800323636997522
490.0,-139.83549842639425,-437.22985787611776,0.12990349993145728,-138.37593630052476,-434.7369869391687,-139.83549842639425,-437.22985787611776,-140.15794546734872,-437.969711328936,505.14202456658535,9.777316508068468,13.786586883563094,12.946093960492858,0.13542517523700942,0.1928465195548885,0.07640452502447063,0.12990349993145728,1.4240079011704079,-1.1407626193984843,4.80076699674381,6.631623504820755,-25.90094589049511
490.5,-139.75316404713365,-437.9504827878711,0.13457190149618112,-138.16842147603117,-435.21826697609754,-139.75316404713365,-437.9504827878711,-140.11132393996587,-438.7166113823233,505.8906685507353,9.623423128653195,13.970471300259469,12.973223661210168,0.1400840671466401,0.19948081844490145,0.09246197066286023,0.13457190149618112,1.4240079011704079,-1.0866234428747452,4.861620441701788,6.751192517338586,-26.001314979586006
491.0,-139.61953170138634,-438.6662918744403,0.13783535928303597,-137.95720658578688,-435.69660761549136,-139.61953170138634,-438.6662918744403,-140.01216012992498,-439.46103321026084,506.64181955965427,9.465552898773742,14.107580044899926,12.842585384988867,0.1433377186618776,0.20411404391025476,0.10897549614749677,0.13783535928303597,1.4240079011704079,-1.0295580952798973,4.935191407713246,6.871096925331648,-26.101422753508803
491.5,-139.43126586481705,-439.37126636842385,0.14285523765024666,-137.65859575747106,-436.1055193792248,-139.43126586481705,-439.37126636842385,-139.85641485695052,-440.19674565883577,507.39484396746866,9.21374904708817,13.139842547972377,12.593689285521943,0.14834749441677664,0.2112480041683229,0.13251192013490412,0.14285523765024666,1.4240079011704079,-0.9691315731375898,5.0206941172598265,6.991330634472232,-26.201261109180056
492.0,-139.17714461034848,-440.0554379071547,0.14748932418047966,-137.35998492915525,-436.5144311429583,-139.17714461034848,-440.0554379071547,-139.63068465577598,-440.91291505615584,508.14907494726407,8.961945195402597,12.172105051044825,12.28610436796837,0.1529711856094103,0.2178321769592053,0.1988986412123145,0.14748932418047966,1.4240079011704079,-0.9049759254908963,5.128740826754338,7.111887471759648,-26.3008219803469
492.5,-138.84156886780374,-440.7048071408741,0.15252756429869582,-137.06137410083943,-436.92334290669174,-138.84156886780374,-440.7048071408741,-139.3163106984107,-441.59399996265563,508.90385872473047,8.710141343717025,11.204367554117274,11.986821138747977,0.15799873866432412,0.22499145223295597,0.3066393916375783,0.15252756429869582,1.4240079011704079,-0.8374620249964871,5.312274970435696,7.232761229862334,-26.400097371888116
493.0,-138.3553737432868,-441.2569109659601,0.15878088173047655,-136.7593412563628,-437.32590881486027,-138.3553737432868,-441.2569109659601,-138.83149419037608,-442.1674725115037,509.6585168807846,8.45959672754587,10.320949539916198,11.753876390808202,0.16424108224154169,0.23388059880873413,0.3642650768985511,0.15878088173047655,1.4240079011704079,-0.7670804884993434,5.580898176495027,7.353945570044736,-26.4990793357399
493.5,-137.73821697039742,-441.63846977086314,0.16619184410103519,-136.40446506583635,-437.63048095974835,-137.73821697039742,-441.63846977086314,-138.19881498046564,-442.5481260618487,510.41237015189444,8.228497436855264,10.739607084414502,11.621483482044265,0.17164078530427607,0.24441783443638274,0.3332466837997102,0.16619184410103519,1.4240079011704079,-0.6945722020543488,5.844459873168423,7.475434068475351,-26.597759974816796
494.0,-137.0534497606166,-441.8678054742126,0.17580785581240238,-136.04958887530987,-437.93505310463644,-137.0534497606166,-441.8678054742126,-137.4921174460708,-442.75858226908065,511.1647623520319,7.9973981461646595,11.158264628912805,11.592152437050608,0.18124525607373912,0.2580946766986584,0.28469784956623956,0.17580785581240238,1.4240079011704079,-0.6201010544340348,6.0632334414772515,7.597220225416281,-26.69613144637221
494.5,-136.33226815276112,-441.95279617445374,0.18753066390925818,-135.6947126847834,-438.2396252495245,-136.33226815276112,-441.95279617445374,-136.74723812617628,-442.8092530081497,511.91502850702875,7.766298855474055,11.57692217341111,11.638232595217215,0.19295624331441247,0.27477121505988306,0.2346434760365035,0.18753066390925818,1.4240079011704079,-0.5440502761353994,6.257719126341393,7.719297532495753,-26.794185979518886
495.0,-135.6114769477827,-441.90453495498355,0.2006694050108709,-135.33917957215556,-438.5370197226166,-135.6114769477827,-441.90453495498355,-136.006365839191,-442.7143875423279,512.6625309709159,7.538432318168718,11.982999137891852,11.711270401149823,0.2060828864344867,0.2934636585787129,0.1657929725985146,0.2006694050108709,1.4240079011704079,-0.4668454912598655,6.404128887769638,7.841659413042972,-26.89191585955054
495.5,-134.90479098856957,-441.77930524480087,0.21141635733244402,-134.97293577014295,-438.71738690594697,-134.90479098856957,-441.77930524480087,-135.28419719031888,-442.5413243614648,513.4066351161905,7.363273731003744,12.183957893441384,11.755366067648136,0.21681746694768747,0.3087497860452607,0.11453070035539374,0.21141635733244402,1.4240079011704079,-0.38909320052821705,6.496740814786635,7.964299152516856,-26.989313410006783
496.0,-134.21242314039162,-441.6011329112241,0.2214512160254342,-134.60669196813035,-438.8977540892773,-134.21242314039162,-441.6011329112241,-134.57919185979952,-442.3191929766456,514.14674924418,7.188115143838771,12.384916648990917,11.720579466919807,0.2268396837741167,0.32302150199333896,0.0978368071592118,0.2214512160254342,1.4240079011704079,-0.3115794984264508,6.568149954092475,8.087209891214977,-27.086371370521675
496.5,-133.53639510533725,-441.378451164767,0.22994387784282325,-134.24044816611772,-439.0781212726077,-133.53639510533725,-441.378451164767,-133.89163814475404,-442.0584082762381,514.8823120415962,7.012956556673797,12.585875404540449,11.573377061650595,0.23531943964965252,0.33509674136009815,0.09000023212472669,0.22994387784282325,1.4240079011704079,-0.23528317522641645,6.636466307549331,8.21038477578871,-27.18308228034034
497.0,-132.8822277390302,-441.1106218318366,0.2355049720107155,-133.8655348268041,-439.2526718228007,-132.8822277390302,-441.1106218318366,-133.22574391068838,-441.7582436008518,515.6127852080514,6.849790834809558,12.69224872924317,11.301408936104515,0.24086736951813767,0.3429970373279603,0.07376318109389753,0.2355049720107155,1.4240079011704079,-0.16117300001397078,6.695878088595785,8.33381699087607,-27.279438781419643
497.5,-132.24717239305082,-440.8139825039822,0.2257000701918149,-133.3567450420954,-439.33740095097886,-132.24717239305082,-440.8139825039822,-132.5760595283895,-441.4372180627577,516.3376762735521,6.87182094529654,11.33801800689627,10.910580565419874,0.23104905196979825,0.3290156755629249,0.060108383928386064,0.2257000701918149,1.4240079011704079,-0.09006918468385416,6.740299270737927,8.457499571522423,-27.375433457134164
498.0,-131.63094925937517,-440.4951687230885,0.21381207538578503,-132.84795525738673,-439.42213007915694,-131.63094925937517,-440.4951687230885,-131.94049617062632,-441.1016351468319,517.0565357070369,6.893851055783522,9.983787284549368,10.415019935897911,0.21914739543278883,0.31206762261720705,0.056410323387398015,0.21381207538578503,1.4240079011704079,-0.022695291326339087,6.779745549676353,8.581425497066304,-27.47105895764384
498.5,-131.03471219631103,-440.15701760437884,0.1977164032988444,-132.3432988068244,-439.4670466593221,-131.03471219631103,-440.15701760437884,-131.31927634423897,-440.75289862020605,517.7689657109231,6.956383859323341,9.08782663419842,9.825259299834874,0.2030378206802025,0.28912746088502883,0.05142052537522324,0.1977164032988444,1.4240079011704079,0.03989384634220513,6.81816159463531,8.705587692751049,-27.56630800187852
499.0,-130.45987038585537,-439.80116249002225,0.17386151982697456,-131.85134251154983,-439.38963450334757,-130.45987038585537,-439.80116249002225,-130.71362211768508,-440.3908680097152,518.4746056078035,7.1433659508060465,9.599954677382854,9.142567506884701,0.17916879672357847,0.25513778217757044,0.040826107006567455,0.17386151982697456,1.4240079011704079,0.09725362189180786,6.84970370370028,8.829979031273249,-27.661173379565206
499.5,-129.90235689729826,-439.4367632214062,0.15035962351687865,-131.35938621627523,-439.31222234737305,-129.90235689729826,-439.4367632214062,-130.11903362454512,-440.0243192193921,519.1731526930212,7.330348042288752,10.112082720567289,8.36383313121134,0.15565252455359938,0.22165042480144642,0.035007425924501075,0.15035962351687865,1.4240079011704079,0.1491743943611081,6.872853982532779,8.954592413092536,-27.755647965466657
500.0,-129.36129186766357,-439.066130086908,0.12805426519520577,-130.8728950480511,-439.18193554335244,-129.36129186766357,-439.066130086908,-129.5352403824176,-439.6542774142673,519.8643572130214,7.496554719447591,9.258071223926912,7.493067357412651,0.1333325563682253,0.1898666137516016,0.03372855049802139,0.12805426519520577,1.4240079011704079,0.19531941078090415,6.8959803937484825,9.079420614735064,-27.849724697787185
500.5,-128.8376156261563,-438.68815697668634,0.10705285935338804,-130.3934184962948,-438.9837829105069,-128.8376156261563,-438.68815697668634,-128.9643416576092,-439.278144950873,520.5480288961911,7.636095673724602,6.650588156564371,6.549159051736836,0.11231630707953072,0.15993930871153356,0.02837031323533538,0.10705285935338804,1.4240079011704079,0.23514848159150098,6.916714165281244,9.204456356218545,-27.943396590337535
501.0,-128.328284064922,-438.3073512270034,0.08673895622672302,-129.91394194453852,-438.7856302776613,-128.328284064922,-438.3073512270034,-128.4038645553252,-438.9002809664016,521.2240145061506,7.775636628001615,4.0431050892018305,5.561602136563384,0.09198732791779006,0.1309906817624863,0.026018427960924042,0.08673895622672302,1.4240079011704079,0.26896198604723237,6.932258852137117,9.329692310477222,-28.036656735587947
501.5,-127.831889417688,-437.92506868863984,0.06851513637388147,-129.44143350758776,-438.5258867854661,-127.831889417688,-437.92506868863984,-127.85329660808534,-438.5216297461348,521.8922391558604,7.859989689094869,3.330219841471202,4.556122315086427,0.0737481995470126,0.10501801885203783,0.028330291146904073,0.06851513637388147,1.4240079011704079,0.2971102554167355,6.949572709085414,9.455121104400735,-28.129498306252028
502.0,-127.35010232956607,-437.538118084987,0.05130361424515632,-128.9725838501469,-438.2338035025994,-127.35010232956607,-437.538118084987,-127.31571516412505,-438.1380179474349,522.5526628085646,7.915364993878025,3.612139627158629,3.541219014438012,0.05652113778507641,0.0804865467890901,0.02573827550860839,0.05130361424515632,1.4240079011704079,0.3191307192413468,6.967504698433819,9.580735349659015,-28.22191452872859
502.5,-126.88059118025315,-437.1489706238515,0.03424842170203925,-128.50373419270602,-437.94172021973276,-126.88059118025315,-437.1489706238515,-126.78945173647797,-437.75210401329286,523.2053041810356,7.9707402986611795,3.8940594128460564,2.5063761597944163,0.03945017485398843,0.05617736069463367,0.024385988138458464,0.03424842170203925,1.4240079011704079,0.3351602699690166,6.981102019151364,9.706527595249808,-28.313898729675998
503.0,-126.42136519502557,-436.7591552886311,0.01786219202044939,-128.02671304233604,-437.6041495318703,-126.42136519502557,-436.7591552886311,-126.27322035609373,-437.36555593170357,523.8502320966179,7.886078425943723,2.4060951262463055,1.433357135164334,0.02304794607449209,0.032820457315826224,0.02437341498518242,0.01786219202044939,1.4240079011704079,0.3458185047571017,6.997073382709597,9.832490334094377,-28.40544433183365
503.5,-125.97487373154078,-436.36433680783205,-1.745063112569556e-05,-127.5483703398672,-437.2592222965489,-125.97487373154078,-436.36433680783205,-125.7709632771433,-436.97321866744437,524.4875684580423,7.778768742422436,0.631892568286796,0.3117482481915824,0.005152076475797591,0.007336597608969959,0.01603705584157696,-1.745063112569556e-05,1.4240079011704079,0.3516871965530593,7.010261163541856,9.958616073480528,-28.49654461550355
504.0,-125.53526280452836,-435.97082079743103,-0.01964133460009117,-127.07410738673543,-436.9163747958356,-125.53526280452836,-435.97082079743103,-125.27691901683113,-436.58249233877984,525.1174623621423,7.670511306036399,-1.1068933074982217,-0.852442021268483,-0.014488259677871484,-0.020631396255497623,0.004012596793055102,-0.01964133460009117,1.4240079011704079,0.35295750331490877,7.0160108098642455,10.084897280819447,-28.587192942688088
504.5,-125.10151592666924,-435.57829834178665,-0.040940848661832584,-126.65975910384559,-436.60407000815286,-125.10151592666924,-435.57829834178665,-124.79112165185538,-436.19298816897737,525.7401281445926,7.548335293857834,-2.3255543770176863,-2.040043164183021,-0.03580444864053602,-0.05098581776117336,-0.00929120764119132,-0.040940848661832584,1.4240079011704079,0.3502058873765344,7.0149131384738554,10.2113263266688,-28.677382945074207
505.0,-124.66810461739193,-435.19208329366717,-0.06368640061553717,-126.24541082095575,-436.29176522047015,-124.66810461739193,-435.19208329366717,-124.30839747440801,-435.81087040802447,526.3557933570818,7.426159281679269,-3.5442154465371507,-3.2298378733193225,-0.058566895369069484,-0.08339972175257551,-0.026007978036155534,-0.06368640061553717,1.4240079011704079,0.3439877845481692,7.005123145400354,10.337895543607448,-28.767108342163077
505.5,-124.232808967986,-434.81339990325205,-0.08775003604894392,-125.83106253806591,-435.9794604327874,-124.232808967986,-434.81339990325205,-123.82754794494635,-435.4373615593119,526.9647427639763,7.303983269500704,-4.7628765160566156,-4.409100615933281,-0.08264764252648821,-0.11769089597082662,-0.047173387246152367,-0.08775003604894392,1.4240079011704079,0.3353070919092285,6.984760465751903,10.464597232282047,-28.856362967535727
506.0,-123.78903246518995,-434.44928085023025,-0.1109613130648066,-125.39612709984516,-435.69385481895023,-123.78903246518995,-434.44928085023025,-123.34224815583374,-435.0803133131091,527.567271173464,7.257072353882258,-5.626034848828296,-5.575982909665952,-0.1058762444145285,-0.15076860859253785,-0.06098825619929861,-0.1109613130648066,1.4240079011704079,0.3242501951033327,6.950778595052553,10.591423657475259,-28.945140741882433
506.5,-123.33332239419776,-434.10429479247,-0.1341665729864055,-124.9581888992622,-435.4121434427111,-123.33332239419776,-434.10429479247,-122.84980259430358,-434.7444082228747,528.1637040577284,7.221139312355995,-6.437340935847168,-6.731850309110295,-0.12909903712228232,-0.18383804889562183,-0.07942490907401793,-0.1341665729864055,1.4240079011704079,0.31138717715168235,6.914951290788748,10.718367049350805,-29.033435673510983
507.0,-122.86737957433837,-433.77479405342604,-0.15742483561871531,-124.52025069867923,-435.130432066472,-122.86737957433837,-433.77479405342604,-122.35344639149889,-434.42433382604366,528.7543860523308,7.185206270829733,-7.248647022866038,-7.866694803905151,-0.15237503595988688,-0.21698325514800396,-0.09882108608593856,-0.15742483561871531,1.4240079011704079,0.2972373754507193,6.859983027433539,10.845419591932416,-29.12124183901805
507.5,-122.37866782991065,-433.4831954151374,-0.17819359446255817,-124.04726446712287,-434.9098974356496,-122.37866782991065,-433.4831954151374,-121.83943049757104,-434.1450844103918,529.3396760698687,7.187134232214168,-8.764953971192359,-8.94465152076444,-0.17316172880750874,-0.24658367000221987,-0.10549783672392388,-0.17819359446255817,1.4240079011704079,0.2821575156077317,6.80244588553759,10.972573426828358,-29.208553377691594
508.0,-121.87945347173836,-433.21011483528184,-0.1955334852186388,-123.55731400439367,-434.71897406750946,-121.87945347173836,-433.21011483528184,-121.32277377472076,-433.88216561738733,529.9199424064727,7.20738798218,-10.62250113347963,-9.896822936426727,-0.19051974775857497,-0.2713016261372039,-0.1194955544028069,-0.1955334852186388,1.4240079011704079,0.2662871038170383,6.7398571162469985,11.099820691597689,-29.29536456626522
508.5,-121.35826517763333,-432.98186096200135,-0.2084124236389334,-123.06736354166446,-434.5280506993694,-121.35826517763333,-432.98186096200135,-120.79000843127378,-433.6646537522849,530.4955579079175,7.227641732145833,-12.480048295766904,-10.626261216261291,-0.20341700417116887,-0.28966742117215827,-0.12183483782737582,-0.2084124236389334,1.4240079011704079,0.2501145092481403,6.666540748710651,11.227153492775088,-29.38166977130956
509.0,-120.82505401889435,-432.78486636863045,-0.21677305722091064,-122.60613556795137,-434.37835996495556,-120.82505401889435,-432.78486636863045,-120.25224471795259,-433.4747080045895,531.0668952597575,7.215074205863916,-13.540514878319595,-11.025534469734142,-0.21179614309806916,-0.3015993812090688,-0.12462869510930366,-0.21677305722091064,1.4240079011704079,0.2340947340709306,6.601218733472845,11.354563908790873,-29.467463449638565
509.5,-120.27849469035687,-432.6263915737312,-0.21940179172627408,-122.1795696644154,-434.27842844336647,-120.27849469035687,-432.6263915737312,-119.70672050151505,-433.31920395313614,531.6343224625828,7.162898225733706,-13.639070987998698,-11.0024800618841,-0.21444357027922833,-0.3053693384328128,-0.12446321790903903,-0.21940179172627408,1.4240079011704079,0.21840401445109317,6.524718328203425,11.482043983337059,-29.55274015051404
510.0,-119.72177534498692,-432.51308233720016,-0.21273275354239,-121.75300376087944,-434.17849692177737,-119.72177534498692,-432.51308233720016,-119.15546671562795,-433.2047831358354,532.1981985493014,7.110722245603496,-13.737627097677802,-10.506527476842994,-0.2077934103833028,-0.2958994581969682,-0.11692571684015567,-0.21273275354239,1.4240079011704079,0.20321903615979442,6.459675313551761,11.609585649835614,-29.637494530793685
510.5,-119.16048424428875,-432.42699931978115,-0.1884685738635587,-121.25539548176144,-434.1073821585583,-119.16048424428875,-432.42699931978115,-118.60300281309414,-433.1100658154443,532.7588695963977,7.211827369336755,-12.937470067318491,-9.54643006107888,-0.1835482931977499,-0.26137421975993846,-0.11048266905835674,-0.1884685738635587,1.4240079011704079,0.18896632503257965,6.391744857805408,11.737180916090493,-29.72172132144034
511.0,-118.59486172631979,-432.3902622361554,-0.14212693898813075,-120.56614396139778,-434.11400321049155,-118.59486172631979,-432.3902622361554,-118.04758907302228,-433.0621779988301,533.3166650754756,7.726422150833329,-9.71295296037157,-8.192056907291459,-0.13722590204320753,-0.19541076875476393,-0.08978001659247878,-0.14212693898813075,1.4240079011704079,0.17604428939189795,6.3343838831247234,11.864821762820553,-29.805415369540107
511.5,-118.03015393980341,-432.369077398866,-0.10144055660986981,-119.87689244103414,-434.12062426242477,-118.03015393980341,-432.369077398866,-117.49390314082858,-433.02364540006755,533.8718945851808,8.241016932329902,-6.488435853424648,-6.557738967108667,-0.09655894511095323,-0.13750070076667711,-0.07343202051549162,-0.10144055660986981,1.4240079011704079,0.1644176850605399,6.290051529753575,11.992500128950383,-29.888571711537075
512.0,-117.46621521766946,-432.38251257623335,-0.06727416539487419,-119.18277650895163,-434.13088391975225,-117.46621521766946,-432.38251257623335,-116.94100797266381,-433.0194126010028,534.4248449969384,8.744434546482447,-3.3905219910346527,-4.772354073038146,-0.06241215737706015,-0.08887540523402461,-0.05281377346661913,-0.06727416539487419,1.4240079011704079,0.15430785673396535,6.251524052757962,12.120207960539942,-29.971185366586997
512.5,-116.90434079495365,-432.40473397053813,-0.040488569598113325,-118.42149817073242,-434.19138140795894,-116.90434079495365,-432.40473397053813,-116.39018741133485,-433.0212305425514,534.9757780409321,9.093530220798538,-2.040605424225279,-2.9476776164341447,-0.035646340783899756,-0.050760670924086204,-0.03167098767493497,-0.040488569598113325,1.4240079011704079,0.14610929349344956,6.230575235260584,12.247937178946323,-30.053251442558473
513.0,-116.34437478138791,-432.44158719495783,-0.017807659340536526,-117.6602198325132,-434.2518788961657,-116.34437478138791,-432.44158719495783,-115.84128887248204,-433.03771597739774,535.5249283515362,9.44262589511463,-0.690688857415906,-1.1578180868649564,-0.012985382952742016,-0.01849128792442815,-0.014982738732522689,-0.017807659340536526,1.4240079011704079,0.14021059507910225,6.21596684217592,12.375679639583668,-30.13476510010811
513.5,-115.78591978192505,-432.480025946232,0.0010751576458350766,-116.898941494294,-434.3123763843724,-115.78591978192505,-432.480025946232,-115.29399024838509,-433.05494406500986,536.0725019840914,9.791721569430718,0.6592277093934675,0.5635036787835983,0.005877310622580328,0.008369336764187156,0.006045900133434984,0.0010751576458350766,1.4240079011704079,0.1364848937330605,6.21380666574888,12.503427247175486,-30.215721649787845
514.0,-115.22867487969437,-432.51911737279704,0.01777108601536757,-116.1127443300897,-434.36720084737914,-115.22867487969437,-432.51911737279704,-114.7481114124237,-433.0730175044447,536.618682097207,9.898785657328794,2.163028507986369,2.209872004037091,0.022552945959307725,0.03211557324072342,0.022566069399606783,0.01777108601536757,1.4240079011704079,0.13560735715013414,6.2227548344739825,12.631171895050064,-30.29611649953244
514.5,-114.67222181035574,-432.54740928551837,0.03511857630644494,-115.29900663586403,-434.41575542749,-114.67222181035574,-432.54740928551837,-114.20331936140454,-433.07954611356104,537.1636031314006,9.738354070436573,3.8369036635246783,3.782039102994785,0.0398799764618558,0.056789401580172545,0.043354091003073636,0.03511857630644494,1.4240079011704079,0.13791351032273091,6.238998713879129,12.75890546673665,-30.375945155121507
515.0,-114.11641529898105,-432.5682963452788,0.05271169485055805,-114.48526894163838,-434.46431000760083,-114.11641529898105,-432.5682963452788,-113.65956140074087,-433.079601985913,537.707393452086,9.577922483544354,5.510778819062988,5.270494230206127,0.05745247024489988,0.08181277157049519,0.060066629136650465,0.05271169485055805,1.4240079011704079,0.14377013529085425,6.271086571997171,12.886619837459808,-30.455203220568716
515.5,-113.5621579411111,-432.56084030965604,0.07022813539975525,-113.67153124741273,-434.51286458771165,-113.5621579411111,-432.56084030965604,-113.11793995333552,-433.04965514242065,538.2501275521032,9.417490896652135,7.184653974601298,6.647084413220452,0.07494812559700852,0.10672672302805222,0.08018122706717329,0.07022813539975525,1.4240079011704079,0.15324576028479991,6.305670260744364,13.014306869787497,-30.533886405864546
516.0,-113.00876505988793,-432.5433866830599,0.08746767756292813,-112.89887645345655,-434.49207676579476,-113.00876505988793,-432.5433866830599,-112.57756838981231,-433.01239524886313,538.7918750394383,9.239476898501183,8.698995997743669,7.868082914217757,0.09216672589727425,0.13124614590272576,0.1022633661184035,0.08746767756292813,1.4240079011704079,0.16680446234244148,6.360096124730063,13.141958377716382,-30.61199049864425
516.5,-112.46176124355614,-432.47604062959925,0.10361937063836393,-112.13223588820522,-434.46113773590565,-112.46176124355614,-432.47604062959925,-112.04470379176838,-432.9219638127548,539.3326536645067,9.058888967112823,10.189983565919714,8.887254259774773,0.10829732563809129,0.1542162473842666,0.11511055230264705,0.10361937063836393,1.4240079011704079,0.18480998632769227,6.418521290911951,13.269566222630154,-30.68951140271177
517.0,-111.91777321793829,-432.39482812846177,0.11808031832731979,-111.36559532295388,-434.43019870601654,-111.91777321793829,-432.39482812846177,-111.51494593334196,-432.8217341341485,539.8724790721667,8.878301035724466,11.68097113409576,9.674652012173064,0.12273703276806643,0.17477850442793785,0.13446903389934634,0.11808031832731979,1.4240079011704079,0.20708843240170957,6.487115293912348,13.397122262990182,-30.766445121346592
517.5,-111.38865208118636,-432.2541165104473,0.12982712940883134,-110.63942737059828,-434.36984609469386,-111.38865208118636,-432.2541165104473,-111.00161181142198,-432.65884971338835,540.41131852348,8.724019724686025,12.480575027462413,10.233738826421025,0.13446245972657597,0.19147560506145195,0.14428740259162268,0.12982712940883134,1.4240079011704079,0.23405832159604714,6.565931755358218,13.524618355691711,-30.842787757602316
518.0,-110.86880589326077,-432.090071411894,0.13750727000369597,-110.02043203964482,-434.2316054894533,-110.86880589326077,-432.090071411894,-110.49733599936937,-432.47643643792395,540.9491412643996,8.6393990869131,11.449375433669665,10.607805763189479,0.14212107587436745,0.2023815349679383,0.15587072136168934,0.13750727000369597,1.4240079011704079,0.26585838524838656,6.645062133942254,13.652046357482128,-30.91853551462268
518.5,-110.3725131811294,-431.8694600737348,0.14392933732092014,-109.40143670869135,-434.0933648842127,-110.3725131811294,-431.8694600737348,-110.01802465055273,-432.23568863596694,541.4858727798673,8.554778449140176,10.418175839876918,10.869430833802964,0.14852148055804001,0.21149576180817609,0.16109269301941465,0.14392933732092014,1.4240079011704079,0.30257799261804186,6.735437725251679,13.779398120963078,-30.99368469259455
519.0,-109.89553792521156,-431.6172226995483,0.15007823696232742,-108.78244137773788,-433.9551242789721,-109.89553792521156,-431.6172226995483,-109.5577299376175,-431.96601789963813,542.0214456054821,8.470157811367251,9.38697624608417,11.095041845798058,0.15464858143814064,0.22022080187270757,0.16286150225576315,0.15007823696232742,1.4240079011704079,0.3446147747610794,6.819673607505071,13.906665466330116,-31.068231670736548
519.5,-109.44745296179,-431.3193581007403,0.1533755095824229,-108.37176914575616,-433.72595576564146,-109.44745296179,-431.3193581007403,-109.1267133062433,-431.65082483120307,542.5557539317448,8.472161310456574,9.958497852282333,11.335386963320934,0.15792392094893362,0.22488491121509238,0.1602414669914098,0.1533755095824229,1.4240079011704079,0.3917724178422766,6.910926610734526,14.033840261029404,-31.14217295564801
520.0,-109.02859173930551,-430.9881136867573,0.1553477307190982,-108.06390212993348,-433.451915304398,-109.02859173930551,-430.9881136867573,-108.72439792755013,-431.30415844638054,543.0886992010048,8.516912892493346,11.320945189813338,11.596914679426284,0.1598740773107578,0.22766194928284775,0.15199031248513253,0.1553477307190982,1.4240079011704079,0.4438314985084992,6.9915030198389125,14.160914384708757,-31.21550517612165
520.5,-108.63806888746616,-430.6260334360732,0.157066107028613,-107.7560351141108,-433.17787484315465,-108.63806888746616,-430.6260334360732,-108.34884191157767,-430.9284535888292,543.620174450416,8.561664474530117,12.683392527344346,11.843439154033176,0.16157026039312272,0.23007732739396697,0.1431056020562326,0.157066107028613,1.4240079011704079,0.5005726850391294,7.073103425376985,14.287879723167194,-31.288225057502665
521.0,-108.28233408883187,-430.23507925770235,0.1575490939020657,-107.45059540182795,-432.90058150909766,-108.28233408883187,-430.23507925770235,-108.00681576952574,-430.5253133872296,544.1500486651898,8.611681367018432,13.942164635656871,12.01638487370052,0.16203093007520067,0.23073332466107563,0.12915124699026784,0.1575490939020657,1.4240079011704079,0.5615538041123362,7.143298420551519,14.414728167301096,-31.360329412749792
521.5,-107.95000605446505,-429.8266271608709,0.15282532364213283,-107.18914710613954,-432.5643344921896,-107.95000605446505,-429.8266271608709,-107.68429106840476,-430.10725284048044,544.6782124080669,8.757124505862537,13.321971001028633,12.061729673830495,0.157284723088658,0.2239746884116487,0.11708387941161494,0.15282532364213283,1.4240079011704079,0.6261743025606478,7.209457558243874,14.5414516128036,-31.43181515798141
522.0,-107.65234483383725,-429.39688130823083,0.14633478468892755,-106.92769881045113,-432.2280874752815,-107.65234483383725,-429.39688130823083,-107.3941690461152,-429.6687894014213,545.2045391727455,8.902567644706641,12.701777366400396,11.94951287882653,0.1507716324542926,0.21469999588727334,0.1017011500808443,0.14633478468892755,1.4240079011704079,0.6935223075878922,7.266081613121877,14.668041928475485,-31.50267931824364
522.5,-107.371816776949,-428.95915045023366,0.13823448279408534,-106.66625051476271,-431.8918404583734,-107.371816776949,-428.95915045023366,-107.11576092279608,-429.2245226427136,545.7289110026785,9.048010783550746,12.081583731772158,11.678147063426902,0.14264866809026477,0.20313283045197209,0.08903338338507275,0.13823448279408534,1.4240079011704079,0.7623507335174741,7.315534596767819,14.794491045752347,-31.572919013035726
523.0,-107.1213219274384,-428.5078731430664,0.12878005625718325,-106.41066426247261,-431.5513100367819,-107.1213219274384,-428.5078731430664,-106.86441582205963,-428.76690555089704,546.2512155984767,9.197428599589545,11.467562571836494,11.265333585348621,0.1331714738771874,0.18963723101162341,0.07457522380028353,0.12878005625718325,1.4240079011704079,0.831288368005991,7.35826448823234,14.92079091213613,-31.642531464483525
523.5,-106.88255311494287,-428.0543706096168,0.116976470893688,-106.24120613642711,-431.14784565270304,-106.88255311494287,-428.0543706096168,-106.61899274139567,-428.3083544618633,546.7713487105616,9.405244396664305,10.94423055277571,10.734013530771966,0.12134502288807078,0.17279627136031678,0.06229434071001422,0.116976470893688,1.4240079011704079,0.8991431129702787,7.392226088749544,15.046933492853196,-31.711513997425534
524.0,-106.66646810465537,-427.5938460849308,0.10497204583693048,-106.07174801038161,-430.7443812686242,-106.66646810465537,-427.5938460849308,-106.39297499544196,-427.8424640928606,547.2892163186996,9.613060193739067,10.420898533714928,10.102144359905793,0.1093176398683967,0.1556691829098981,0.049168638516608604,0.10497204583693048,1.4240079011704079,0.9647727891006861,7.42184084284589,15.17291077245878,-31.77986403945443
524.5,-106.45814590735303,-427.13417604816715,0.09293571379362937,-105.90228988433613,-430.3409168845453,-106.45814590735303,-427.13417604816715,-106.16951369445849,-427.3779054259156,547.8047365746855,9.820875990813827,9.897566514654144,9.380520955043247,0.09725826179351507,0.13849653324806546,0.0376577950957719,0.09293571379362937,1.4240079011704079,1.0269517935850008,7.441993305799929,15.298714758892164,-31.847579157067525
525.0,-106.26388145443721,-426.67258923312204,0.08096690924624006,-105.73682597030461,-429.93346188955627,-106.26388145443721,-426.67258923312204,-105.95676552806415,-426.91098805828113,548.3178414891331,10.02963632940086,9.325220505957518,8.577247279092811,0.08526632769166828,0.12141992433672077,0.026396694267393456,0.08096690924624006,1.4240079011704079,1.0846155880055297,7.459681578971297,15.424337420427966,-31.91465708001167
525.5,-106.0749253939121,-426.2131731769522,0.06903830859362706,-105.62476584740337,-429.47265125125523,-106.0749253939121,-426.2131731769522,-105.74520626307367,-426.4462395437201,548.8284783481439,10.251025466223618,8.097543018659387,7.70414760947698,0.07331451574452438,0.10440044969068499,0.015770884345342448,0.06903830859362706,1.4240079011704079,1.137332507980447,7.468255554362596,15.549770812191312,-31.981095541390157
526.0,-105.89155173360129,-425.75567357510204,0.05756831796155988,-105.51270572450211,-429.0118406129542,-105.89155173360129,-425.75567357510204,-105.53592260025091,-425.9832073784612,549.3366108504581,10.472414603046374,6.869865531361258,6.780025683945556,0.06182123601696616,0.0880339285482804,0.008109956487342395,0.05756831796155988,1.4240079011704079,1.184582967285242,7.475274371733792,15.675007014422107,-32.0468923770722
526.5,-105.71185262406594,-425.30073408071553,0.04674052448848315,-105.40064560160087,-428.55102997465315,-105.71185262406594,-425.30073408071553,-105.32740427688046,-425.5225988330194,549.8422211799261,10.693803739869132,5.642188044063129,5.828807440466016,0.0509700769853728,0.07258179235043483,0.0006635571831720559,0.04674052448848315,1.4240079011704079,1.2259482259610834,7.476172185366693,15.800038133899589,-32.11204552555824
527.0,-105.53203484481281,-424.84980408148,0.0367147118186832,-105.29028127359013,-428.0871441533127,-105.53203484481281,-424.84980408148,-105.11587351461891,-425.0661462529709,550.3453081757772,10.913417003232144,4.44567454938127,4.873779591360637,0.04092082539603092,0.058271578686362714,-0.0030311473829006423,0.0367147118186832,1.4240079011704079,1.2610750252967726,7.475912398187224,15.924856305359793,-32.1765530278205
527.5,-105.35465524316476,-424.4013905069189,0.027681649574395145,-105.20377829792503,-427.5799877534127,-105.35465524316476,-424.4013905069189,-104.90496221287586,-424.6121725130452,550.845888842159,11.108042137086299,3.68766633177034,3.9316855370285198,0.0318642527204912,0.04537494763887013,-0.006275127150379967,0.027681649574395145,1.4240079011704079,1.289641127941791,7.473222828861893,16.04945369291108,-32.240413027121605
528.0,-105.17482985603036,-423.95744491917577,0.019405053224106728,-105.11727532225993,-427.0728313535127,-105.17482985603036,-423.95744491917577,-104.68948415245815,-424.16308443751495,551.3439983679925,11.302667270940452,2.9296581141594107,3.010317681635193,0.02356407756112379,0.03355543263083259,-0.006403376325658935,0.019405053224106728,1.4240079011704079,1.3114673226411226,7.4698784766453645,16.173822459587413,-32.30362377512068
528.5,-104.99666738493019,-423.51567283438146,0.01183355347399723,-105.03077234659484,-426.5656749536127,-104.99666738493019,-423.51567283438146,-104.47477600376611,-423.7163105147826,551.8396898889931,11.497292404794607,2.171649896548481,2.1108970609428366,0.01596893311325742,0.022739886926540324,-0.006279628532772892,0.01183355347399723,1.4240079011704079,1.3268963566125984,7.467110924448597,16.297954772954554,-32.36618363081793
529.0,-104.81636120504285,-423.07755470963934,0.00493057538499047,-104.94290438623655,-426.0562619348194,-104.81636120504285,-423.07755470963934,-104.25681393963455,-423.2737268538187,552.3330340076556,11.681015224851135,1.3966428859088467,1.2337795595636445,0.00904224751539241,0.012876231906257283,-0.004945557501262654,0.00493057538499047,1.4240079011704079,1.3371240985813133,7.463911935701461,16.42184290893553,-32.428091085294305
529.5,-104.63712555641008,-422.6411654077481,-0.0012856075969804965,-104.83477553414113,-425.51335322093337,-104.63712555641008,-422.6411654077481,-104.03978974290455,-422.83320070347963,552.8241180899801,11.702911615176046,0.36931751087015807,0.3837976373860155,0.002802298838331523,0.003990495687224744,-0.0036219069774606045,-0.0012856075969804965,1.4240079011704079,1.342323709202612,7.462444263406457,16.545479167612175,-32.48934469094095
530.0,-104.45699760181417,-422.2071154967653,-0.007178553009377168,-104.72664668204571,-424.9704445070474,-104.45699760181417,-422.2071154967653,-103.82176788833077,-422.39557495529476,553.3130453602229,11.724808005500957,-0.6580078641685307,-0.42814922407437445,-0.003114466627319235,-0.004435025085234143,-0.0029725372844297687,-0.007178553009377168,1.4240079011704079,1.3426845570536636,7.46050050688672,16.6688558848152,-32.54994310046196
530.5,-104.27730234954713,-421.7743932273396,-0.012654649779048777,-104.61851782995029,-424.4275357931613,-104.27730234954713,-421.7743932273396,-103.60465517899537,-421.95977409464666,553.7999338169691,11.74670439582587,-1.6853332392072191,-1.1886630983233148,-0.008614433058638116,-0.01226702073960424,-0.0023196871483360066,-0.012654649779048777,1.4240079011704079,1.3388546515463762,7.45965896388544,16.791965433540057,-32.60988506754832
531.0,-104.09740899525954,-421.3429628430699,-0.017658551006284072,-104.50946640319498,-423.889288249256,-104.09740899525954,-421.3429628430699,-103.38803484907761,-421.525857565445,554.2849162148007,11.767329714798693,-2.6679526870165433,-1.889043061468727,-0.013642250294117047,-0.019426672208566996,-0.0030896230559638196,-0.017658551006284072,1.4240079011704079,1.3310755839495794,7.458328842479034,16.914800225028394,-32.669169446638605
531.5,-103.91730570135692,-420.91249388959943,-0.02227806300849044,-104.38593131185833,-423.4242172464937,-103.91730570135692,-420.91249388959943,-103.17219485382459,-421.09352118428615,554.7681362998491,11.768000257293433,-2.948725787929116,-2.53231318126804,-0.018285720497543234,-0.026039010467095246,-0.0038189097233074995,-0.02227806300849044,1.4240079011704079,1.3195876531813042,7.456773570700616,17.03735266579909,-32.72779519735496
532.0,-103.73659202056248,-420.4828633382097,-0.02661096189003981,-104.26239622052167,-422.9591462437313,-103.73659202056248,-420.4828633382097,-102.95694623139681,-420.6626866526847,555.2497485626,11.768670799788174,-3.229498888841689,-3.1360390431600362,-0.022642617576491976,-0.032243266332104524,-0.005432997343198937,-0.02661096189003981,1.4240079011704079,1.3046033805562407,7.454767401874477,17.15961521173862,-32.78576137869844
532.5,-103.5550745592183,-420.0538562493186,-0.0308633212513331,-104.13886112918502,-422.4940752409689,-103.5550745592183,-420.0538562493186,-102.74233141521918,-420.23314979682306,555.729916696794,11.769341342282916,-3.510271989754262,-3.728751435365545,-0.02691901200116474,-0.03833288578135963,-0.007197244907788469,-0.0308633212513331,1.4240079011704079,1.2866952266932332,7.45171119742147,17.28158039830868,-32.843067145797434
533.0,-103.37185573176606,-419.62561252232,-0.035254344201228874,-104.01532603784837,-422.02900423820654,-103.37185573176606,-419.62561252232,-102.52756321153934,-419.80510730672614,556.2088174799724,11.770011884777656,-3.791045090666835,-4.340813377426484,-0.031334106274771394,-0.04462001491138772,-0.00907277365148497,-0.035254344201228874,1.4240079011704079,1.2663612706955945,7.448064124755065,17.403240817114074,-32.89971172846115
533.5,-103.18713019903417,-419.1977457936756,-0.039820016340280345,-103.87731998609935,-421.56659562338086,-103.18713019903417,-419.1977457936756,-102.31314855950347,-419.3781202456967,556.6866162717037,11.789793954743097,-4.265881018590412,-4.993392606576088,-0.03592388384899958,-0.05115589444170341,-0.011200663058587636,-0.039820016340280345,1.4240079011704079,1.2441734981284962,7.443259619177258,17.524589179159772,-32.955694318452515
534.0,-102.99952606598809,-418.7706450884431,-0.04427796037907926,-103.69586916240927,-421.1121800396625,-102.99952606598809,-418.7706450884431,-102.09776041596486,-418.95264223700326,557.1635068938667,11.86695272457847,-5.323333097859937,-5.690152987021007,-0.04040596828775645,-0.05753841809620612,-0.013061487813160584,-0.04427796037907926,1.4240079011704079,1.220375294984533,7.437622448188137,17.645618154212787,-33.01101436208544
534.5,-102.80953117543334,-418.34386031592976,-0.04881511036862783,-103.51441833871918,-420.6577644559442,-102.80953117543334,-418.34386031592976,-101.88226287782787,-418.52811578928277,557.6395974420446,11.944111494413843,-6.380785177129463,-6.415114845580193,-0.044967292386369546,-0.06403377965243016,-0.01511624275349951,-0.04881511036862783,1.4240079011704079,1.195510000874093,7.431069043233549,17.766320457670467,-33.06567140493176
535.0,-102.61568703281232,-417.9178031583468,-0.05321379838740844,-103.3329675150291,-420.2033488722258,-102.61568703281232,-417.9178031583468,-101.66523044468738,-418.1049701795577,558.1151580768249,12.021270264249216,-7.438237256398987,-7.137422615108053,-0.04939018925521833,-0.07033201973973267,-0.016791466331306033,-0.05321379838740844,1.4240079011704079,1.1700163003458917,7.423490796235577,17.886688820027707,-33.11966509166761
535.5,-102.41836967840976,-417.4920560472279,-0.05722995720492924,-103.15151669133901,-419.74893328850743,-102.41836967840976,-417.4920560472279,-101.44738689627218,-417.68262892455516,558.5903722252659,12.09842903408459,-8.495689335668512,-7.820741660223417,-0.053430590937644754,-0.07608558365941012,-0.018470911496127097,-0.05722995720492924,1.4240079011704079,1.1444018768550865,7.415334461215268,18.006716042347946,-33.172995165814825
536.0,-102.21654144629174,-417.0669803435187,-0.06043861120386089,-102.93811039663193,-419.30867708753476,-102.21654144629174,-417.0669803435187,-101.22776407710052,-417.26139995852213,559.0654220779323,12.199566770958986,-9.18193108629649,-8.433199665280425,-0.05666352212281059,-0.08068930321102648,-0.01972699411339962,-0.06043861120386089,1.4240079011704079,1.1186288095893469,7.406137444607653,18.126394986075734,-33.2256614695091
536.5,-102.01021221596464,-416.64243420484553,-0.06267839218629448,-102.68990557801175,-418.8838400183536,-102.01021221596464,-416.64243420484553,-101.00657538803341,-416.8409695962572,559.5404872225874,12.32681686453984,-9.463936219941191,-8.954075411947283,-0.05892761444694596,-0.08391338856957453,-0.020811181750304303,-0.06267839218629448,1.4240079011704079,1.0934008371213957,7.3967431026963535,18.24571856861444,-33.277663977304485
537.0,-101.79908146341269,-416.21850881884023,-0.0641721552687505,-102.44170075939157,-418.4590029491725,-101.79908146341269,-416.21850881884023,-100.78360771740107,-416.4212755334022,560.0157379193765,12.454066958120693,-9.74594135358589,-9.375360012205306,-0.06044572081139177,-0.08607518402736243,-0.021521774570075435,-0.0641721552687505,1.4240079011704079,1.0694783941762833,7.386462618238291,18.364679756103822,-33.329002742505324
537.5,-101.58260624622078,-415.79543589296287,-0.06497462749452626,-102.1934959407714,-418.03416587999135,-101.58260624622078,-415.79543589296287,-100.5583051709484,-416.00240659357786,560.4913568545467,12.581317051701546,-10.02794648723059,-9.698806378967415,-0.061272567064286375,-0.0872526196245375,-0.021974740939163868,-0.06497462749452626,1.4240079011704079,1.0461157534356424,7.376323526910379,18.483271565770284,-33.37967790340711
538.0,-101.36137192833364,-415.37291851175695,-0.06516610573388118,-101.94529112215122,-417.6093288108102,-101.36137192833364,-415.37291851175695,-100.33138743329717,-415.58382361773664,560.9674966378088,12.7085671452824,-10.30995162087529,-9.930856024136247,-0.061488444962029515,-0.08756003145661179,-0.02218365262210781,-0.06516610573388118,1.4240079011704079,1.0228466712751652,7.36554174705671,18.60148706924373,-33.429689695548404
538.5,-101.13420368254855,-414.9515997785619,-0.0647384049215342,-101.65098959172573,-417.20134656334125,-101.13420368254855,-414.9515997785619,-100.10145489105633,-415.1660948799056,561.4443270978292,12.844299550410682,-10.409325479164805,-10.077588349901735,-0.06108516669021638,-0.08698576001117954,-0.022098097774221014,-0.0647384049215342,1.4240079011704079,1.0001321997127572,7.355124279700148,18.719319410139768,-33.47903843583973
539.0,-100.90254376947355,-414.5307534499816,-0.06378258506328141,-101.33447584024162,-416.8014860020211,-100.90254376947355,-414.5307534499816,-99.87014169087635,-414.7481862749993,561.921986348525,12.98411925313137,-10.42069639534554,-10.141167793374994,-0.06015378749458564,-0.08565946867761562,-0.021871917153630942,-0.06378258506328141,1.4240079011704079,0.9784257161606259,7.344349624996372,18.836761772937795,-33.527724552414846
539.5,-100.66463483259008,-414.1113970974367,-0.062347750132595775,-101.01796208875751,-416.40162544070085,-100.66463483259008,-414.1113970974367,-99.63527760077005,-414.33112992382434,562.4006283430043,13.123938955852058,-10.432067311526275,-10.117834013403638,-0.05874340915502115,-0.0836510787784362,-0.02135373149503808,-0.062347750132595775,1.4240079011704079,0.9577379316844795,7.334070098364963,18.953807396684518,-33.57574858599861
540.0,-100.42263634644004,-413.69240574752973,-0.0604039140014839,-100.7014483372734,-416.0017648793807,-100.42263634644004,-413.69240574752973,-99.39926489412758,-413.9134572982877,562.8803741942696,13.263758658572748,-10.443438227707011,-9.99690021681203,-0.05682404363506736,-0.08091788711278794,-0.02074907210568724,-0.0604039140014839,1.4240079011704079,0.9384545885330542,7.323721651282549,19.07044957645428,-33.623111192846444
540.5,-100.17433642832394,-413.27509044964165,-0.05788280234323054,-100.3849345857893,-415.60190431806046,-100.17433642832394,-413.27509044964165,-99.15932900656158,-413.4965914064045,563.361359975925,13.403578361293436,-10.454809143887745,-9.760241429137203,-0.05432741551489083,-0.07736266894337235,-0.019803239272628306,-0.05788280234323054,1.4240079011704079,0.9209514689976858,7.313952652037428,19.186681672735315,-33.66981308894174
541.0,-99.92243176258643,-412.8579930128913,-0.05473946019417199,-100.0252514337985,-415.21163099157206,-99.92243176258643,-412.8579930128913,-98.91843610885739,-413.07872898472914,563.8436882788146,13.53564742530581,-10.034748586790775,-9.382113987228227,-0.05120856881452259,-0.07292140659950871,-0.018779945326419217,-0.05473946019417199,1.4240079011704079,0.9054616230445149,7.304454237696656,19.30249710728937,-33.71585508378454
541.5,-99.6644658443423,-412.44258771632286,-0.050784548833040614,-99.65944609372737,-414.822717305341,-99.6644658443423,-412.44258771632286,-98.67345433692252,-412.6615552206745,564.3274762340734,13.666617311026195,-9.553503380563097,-8.830446789670576,-0.04727816486213504,-0.06732448031651744,-0.01728841526705631,-0.050784548833040614,1.4240079011704079,0.8916723706996257,7.295616322768368,19.417889372584305,-33.76123808110987
542.0,-99.40344713528238,-412.02718510466616,-0.04587891485199732,-99.29364075365623,-414.4338036191099,-99.40344713528238,-412.02718510466616,-98.42764181643707,-412.24308007358394,564.8128072762254,13.797587196746582,-9.07225817433542,-8.071270899006272,-0.04239704901570088,-0.060373732784667115,-0.01579251179992365,-0.04587891485199732,1.4240079011704079,0.8798382366227717,7.287515678583271,19.53285208467749,-33.805963087027465
542.5,-99.13699210758675,-411.61321844372736,-0.039938850811230275,-98.9278354135851,-414.04488993287873,-99.13699210758675,-411.61321844372736,-98.17787041342997,-411.82504236762185,565.2997793549857,13.928557082466966,-8.591012968107743,-7.077585239276608,-0.03648151385887936,-0.05194996398170194,-0.013536738275530771,-0.039938850811230275,1.4240079011704079,0.8701992365163049,7.280091547848187,19.64737885264288,-33.850031186865614
543.0,-98.8680312802432,-411.198971318609,-0.03299714376518431,-98.56597583337512,-413.6612111492999,-98.8680312802432,-411.198971318609,-97.92722147551413,-411.40553594796506,565.7884623381713,14.056847860296894,-7.9637877276274365,-5.841765807938825,-0.02956434445513901,-0.04209986009704149,-0.011243535550208307,-0.03299714376518431,1.4240079011704079,0.8629435453999735,7.274160266479079,19.761463328034548,-33.89344360073794
543.5,-98.59487925740544,-410.78545550365027,-0.025311497645264896,-98.25077151312868,-413.3394306445626,-98.59487925740544,-410.78545550365027,-97.67330983018918,-410.98592431614514,566.2789167947974,14.153460462186482,-5.610472535599767,-4.387666981234555,-0.021903241198587872,-0.031190388528030324,-0.008660998324554272,-0.025311497645264896,1.4240079011704079,0.8577611212427524,7.268963985833929,19.87509924990915,-33.936201601806516
544.0,-98.3197927738292,-410.3712711032772,-0.0170587817977469,-97.93556719288225,-413.0176501398252,-98.3197927738292,-410.3712711032772,-97.41836285376782,-410.56478636629356,566.7712128372726,14.250073064076068,-3.257157343572098,-2.7769225382830864,-0.013675070789792947,-0.019473408853729807,-0.00596361877013446,-0.0170587817977469,1.4240079011704079,0.8546955910182767,7.2655556514212964,19.988280428365535,-33.97830654863183
544.5,-98.04197637451172,-409.95686148079807,-0.00872685928765263,-97.62036287263581,-412.69586963508783,-98.04197637451172,-409.95686148079807,-97.16100506677941,-410.1429085550154,567.2653931717966,14.346685665965655,-0.9038421515444286,-1.1048172968698742,-0.005367688425857968,-0.007643630729442695,-0.0034146513450929172,-0.00872685928765263,1.4240079011704079,0.8537333928987226,7.263020679059366,20.101000743406335,-34.019759889110745
545.0,-97.76290643450393,-409.54127221781056,-0.000865190294084947,-97.30515855238937,-412.3740891303505,-97.76290643450393,-409.54127221781056,-96.90254045317457,-409.7194505437019,567.7614987171498,14.443298267855242,1.449473040483241,0.5151491198863448,0.002469449801408564,0.0035165160287494897,-0.000937766038384762,-0.000865190294084947,1.4240079011704079,0.8549278883750634,7.262137103775071,20.21325414620229,-34.06056315996048
545.5,-97.48245512604174,-409.1245259400129,0.006029642779191146,-96.98995423214294,-412.05230862561314,-97.48245512604174,-409.1245259400129,-96.64241473987232,-409.29471314794654,568.2595622750245,14.539910869744828,3.8027882325109097,1.9745109487493477,0.009339767337701215,0.013299902483979834,0.0011566120228760394,0.006029642779191146,1.4240079011704079,0.8580115611553871,7.262077378428151,20.325034730119086,-34.100717964984725
546.0,-97.2014051549181,-408.70609895011467,0.011622344603238369,-96.67594265986392,-411.7274909320297,-97.2014051549181,-408.70609895011467,-96.38119359228114,-408.8683225737607,568.7596076901199,14.637135647817395,5.916998849050532,3.1939705948947514,0.01490797714485772,0.02122907724474525,0.002980390829972002,0.011622344603238369,1.4240079011704079,0.8629460987861904,7.263296685008322,20.436336559150114,-34.14022604513904
546.5,-96.92004038582772,-408.2857871128809,0.015796178381594934,-96.3729135285105,-411.37470777718113,-96.92004038582772,-408.2857871128809,-96.11891800768218,-408.4402330469769,569.261652639681,14.739997147937917,5.829611184093632,4.140542113843516,0.019057345486220283,0.02713781054771189,0.004485776755801128,0.015796178381594934,1.4240079011704079,0.8696672766671492,7.2650851402173116,20.547153768080832,-34.179089230191956
547.0,-96.63855611972943,-407.86345836526215,0.018696349398111215,-96.06988439715708,-411.02192462233256,-96.63855611972943,-407.86345836526215,-95.85559129562397,-408.01043001152135,569.765707807926,14.842858648058439,5.742223519136733,4.83208748044212,0.021933083147055586,0.031232883698434667,0.005710430014038478,0.018696349398111215,1.4240079011704079,0.8780810365182191,7.267839013079571,20.65748059968961,-34.21730940992399
547.5,-96.35759914652918,-407.4387158121658,0.020639521360266328,-95.76685526580366,-410.669141467484,-96.35759914652918,-407.4387158121658,-95.59180843013104,-407.5785384126689,570.271782746335,14.94572014817896,5.654835854179833,5.3278971444783725,0.023851853877913838,0.03396522837971134,0.006772884062519472,0.020639521360266328,1.4240079011704079,0.8879642389832674,7.2708905491567135,20.767311374313756,-34.254888559849725
548.0,-96.07681162088886,-407.01180818199634,0.02202239074222373,-95.46382613445024,-410.31635831263543,-96.07681162088886,-407.01180818199634,-95.32702869819062,-407.144905440139,570.7798633654176,15.048581648299484,5.567448189222933,5.7091330867900645,0.025210358942853638,0.03589975032596563,0.0076660233247611885,0.02202239074222373,1.4240079011704079,0.8991137282426532,7.274746451445328,20.87664049104358,-34.29182874035623
548.5,-95.79729869377071,-406.582086686221,0.023215554086064166,-95.16079700309682,-409.96357515778686,-95.79729869377071,-406.582086686221,-95.06246034764901,-406.7087991032427,571.2899471039095,15.151443148420006,5.480060524266033,6.055772404972561,0.026379195314114475,0.03756418255381641,0.008584781257361878,0.023215554086064166,1.4240079011704079,0.9113865223525205,7.278737189860436,20.985462428823112,-34.32813209573416
549.0,-95.51812221540305,-406.1501552862323,0.024478286264718315,-94.86036722280843,-409.6074492038363,-95.51812221540305,-406.1501552862323,-94.79691757928033,-406.2709503702831,571.8020258568857,15.25463534432991,5.459531141522133,6.426732881206366,0.027617641540744958,0.039327739765712896,0.009574096301318254,0.024478286264718315,1.4240079011704079,0.9246346989127954,7.2835601604150035,21.093771794447086,-34.36380082111814
549.5,-95.24102279952247,-405.7150235987825,0.02590099937825079,-94.59320016398662,-409.2085469597014,-95.24102279952247,-405.7150235987825,-94.53236287771423,-405.8302115895315,572.3160688814316,15.362059304883054,6.294556996735743,6.847595756794329,0.02901611336961921,0.04131917469959406,0.010496120310615953,0.02590099937825079,1.4240079011704079,0.9390401566882962,7.288599837081497,21.201563214296012,-34.39883708991564
550.0,-94.96453011824467,-405.2776314644901,0.027445712891210346,-94.32603310516481,-408.8096447155665,-94.96453011824467,-405.2776314644901,-94.26697234421664,-405.3877055921716,572.832057899365,15.469483265436198,7.129582851949353,7.307566309319781,0.030536633088682093,0.043484406793425016,0.011630824097205424,0.027445712891210346,1.4240079011704079,0.954442062049546,7.294404374865385,21.30883140718882,-34.43324328588051
550.5,-94.69088276412519,-404.8367118519695,0.028936804674423413,-94.058866046343,-408.4107424714316,-94.69088276412519,-404.8367118519695,-94.003278742081,-404.9419566138567,573.3499644810548,15.576907225989341,7.964608707162963,7.765350857474855,0.032003583984790356,0.045573356460112194,0.012755548772065159,0.028936804674423413,1.4240079011704079,0.9706488698940063,7.300653167097582,21.415571174084715,-34.46702187187756
551.0,-94.41833596018685,-404.3933846396039,0.03013594324902776,-93.79169898752117,-408.0118402272967,-94.41833596018685,-404.3933846396039,-93.73913052221798,-404.49428982476894,573.8697557604903,15.684331186542485,8.799634562376573,8.161885822391364,0.03317863438436595,0.04724663751338128,0.014030764113960412,0.03013594324902776,1.4240079011704079,0.9873337917498546,7.307660506678887,21.52177739812203,-34.500175388862395
551.5,-94.14943063400064,-403.94624588575687,0.030813236327410277,-93.52453192869936,-407.6129379831618,-94.14943063400064,-403.94624588575687,-93.47743303286894,-404.04304834245545,574.3913934330221,15.791755147095628,9.634660417590183,8.436984072865508,0.03383190293001508,0.04817689708397175,0.015082172137376075,0.030813236327410277,1.4240079011704079,1.0043160140298941,7.315274801369624,21.62744501454568,-34.53270646406172
552.0,-93.88228887492875,-403.4964946327386,0.030812713004456406,-93.26099815320455,-407.20969245764536,-93.88228887492875,-403.4964946327386,-93.21592099826826,-403.5896207236697,574.9148363440302,15.898918729202594,10.323465052861513,8.545689616730941,0.03380741278111278,0.04814202291843403,0.01611449523193894,0.030812713004456406,1.4240079011704079,1.0216515595575757,7.323419248772822,21.73256898767392,-34.564617817042844
552.5,-93.61939962027496,-403.0427932417911,0.030099993787950398,-93.03311795059261,-406.76382611636825,-93.61939962027496,-403.0427932417911,-92.95750426105916,-403.1323933869206,575.4400394326276,16.003527205893207,9.577394272971889,8.469855960700524,0.033070792302612145,0.047093069536885204,0.016473611746592513,0.030099993787950398,1.4240079011704079,1.0391521473391947,7.332153589302855,21.837144469908893,-34.595912211171445
553.0,-93.35893308991109,-402.5862975256682,0.02873895349149954,-92.80523774798067,-406.31795977509114,-93.35893308991109,-402.5862975256682,-92.70005319867447,-402.67267080724196,575.9669526500877,16.10813568258382,8.831323493082264,8.221606972667997,0.0316859077600712,0.04512098300609813,0.016556441777168224,0.02873895349149954,1.4240079011704079,1.0566098652653277,7.340716936137668,21.941166687621767,-34.626592486602995
553.5,-93.10269234451073,-402.12608115507686,0.02689590202207307,-92.57735754536874,-405.872093433814,-93.10269234451073,-402.12608115507686,-92.4457508865259,-402.20929726303984,576.4955234730684,16.212744159274436,8.085252713192638,7.838034340135323,0.029819070576147307,0.04246259210599179,0.015908182579520976,0.02689590202207307,1.4240079011704079,1.073799125753867,7.349576249289575,22.04463092338487,-34.65666156449174
554.0,-92.84925916624887,-401.6630362202591,0.0247804412604497,-92.3494773427568,-405.42622709253686,-92.84925916624887,-401.6630362202591,-92.19302124546087,-401.7432516247722,577.025695776919,16.31735263596505,7.3391819333030135,7.369932915945918,0.02767987575003085,0.0394163617714591,0.015045460230206366,0.0247804412604497,1.4240079011704079,1.0907172877179738,7.357496609425703,22.147532504065836,-34.686122443702665
554.5,-92.59929771808444,-401.19687539978213,0.02259490150281185,-92.12159714014486,-404.98036075125975,-92.59929771808444,-401.19687539978213,-91.94275721564236,-401.27412605545976,577.5574032195751,16.421961112655666,6.593111153413389,6.868946353511879,0.025470653382364823,0.03627041166446028,0.01403133908085726,0.02259490150281185,1.4240079011704079,1.1072708453450262,7.36547692321311,22.249866827927843,-34.71497819696086
555.0,-92.35229732680892,-400.7279640614724,0.020496861927779796,-91.89723452221124,-404.5303834062826,-92.35229732680892,-400.7279640614724,-91.69447708211095,-400.8022855802819,578.0905878963512,16.526932027171355,5.892137717852484,6.377528992411784,0.023348982506396446,0.033249135573398175,0.013530427589029006,0.020496861927779796,1.4240079011704079,1.1233126646290987,7.372357646097123,22.35162941695848,-34.743231964048995
555.5,-92.10783121329364,-400.2565877076234,0.018579144125831785,-91.70440423993281,-404.0435541983365,-92.10783121329364,-400.2565877076234,-91.44779578652884,-400.32800862667995,578.6251829576032,16.635151907156125,5.595425935833875,5.924107547224598,0.021407669534842775,0.03048469056326114,0.013443276761453139,0.018579144125831785,1.4240079011704079,1.1387090536817945,7.3798320459585245,22.452815874305056,-34.77088695600008
556.0,-91.86697620542851,-399.7822826218734,0.016897522173197385,-91.51157395765439,-403.55672499039036,-91.86697620542851,-399.7822826218734,-91.20408869608156,-399.8507003705915,579.1611181034325,16.743371787140894,5.298714153815266,5.523415379516677,0.019702523906149537,0.02805654971535579,0.015004903343262944,0.016897522173197385,1.4240079011704079,1.1533217321594833,7.386648987719196,22.553421895683933,-34.797946449429666
556.5,-91.62812248102114,-399.30594433979644,0.015460163155138934,-91.31874367537597,-403.06989578244423,-91.62812248102114,-399.30594433979644,-90.96155821815117,-399.3713730743997,579.6983129096851,16.851591667125664,5.002002371796657,5.180206749906522,0.01824169706163404,0.025976320746523885,0.016821185894967235,0.015460163155138934,1.4240079011704079,1.1673365548126196,7.3958066830925455,22.653443268283986,-34.82441379732909
557.0,-91.39521700733003,-398.82571235448927,0.014255514804495596,-91.12591339309753,-402.5830665744981,-91.39521700733003,-398.82571235448927,-90.7249306506773,-398.8878037384703,580.2366899650558,16.959811547110434,4.705290589778048,4.893723968137644,0.017013647275795414,0.024227568148459055,0.020920799501378828,0.014255514804495596,1.4240079011704079,1.1808318555051243,7.40459134122316,22.752875837529665,-34.85029242579726
557.5,-91.16404505781071,-398.34373360164665,0.013264627474099134,-90.93308311081911,-402.096237366552,-91.16404505781071,-398.34373360164665,-90.48931700111291,-398.4024900824764,580.7761803402361,17.068031427095203,4.408578807759439,4.660914802914248,0.015999422122896907,0.022783303517165815,0.026002491064261387,0.013264627474099134,1.4240079011704079,1.193718939991771,7.41815111155055,22.85171552859567,-34.875585823528894
558.0,-90.94358654696663,-397.8559174929011,0.012474202274074787,-90.7445564937461,-401.6111907282486,-90.94358654696663,-397.8559174929011,-90.26533880712137,-397.9105966379899,581.3166875625284,17.171244130414134,4.140889380276499,4.477534994705616,0.015185722632235572,0.021624589013285737,0.02931942815150992,0.012474202274074787,1.4240079011704079,1.2056406765692018,7.432409073576964,22.949958347037917,-34.90029754551806
558.5,-90.72567549701083,-397.3662338982452,0.011923302546938451,-90.59447971033927,-401.14206993523976,-90.72567549701083,-397.3662338982452,-90.04343330331935,-397.4167752156234,581.8581236308974,17.2297216834019,4.132491661427427,4.337651966842372,0.014611613598370574,0.020807053212928674,0.034202866770502105,0.011923302546938451,1.4240079011704079,1.2166448064245727,7.449562545547139,23.047600378929946,-34.92443121153056
559.0,-90.52156761433031,-396.8699196447104,0.011496990627217872,-90.44440292693245,-400.67294914223095,-90.52156761433031,-396.8699196447104,-89.83687473642341,-396.91540711883084,582.4003968515184,17.288199236389666,4.124093942578357,4.232810950152326,0.014162155357429441,0.020167021126582346,0.035477536186149725,0.011496990627217872,1.4240079011704079,1.2270592348038165,7.46909127216547,23.1446378623761,-34.94799052076918
559.5,-90.32252595454736,-396.37103486800845,0.011155808705056256,-90.29432614352562,-400.20382834922214,-90.32252595454736,-396.37103486800845,-89.6354079787859,-396.41125654295803,582.9434185214932,17.34667678937743,4.115696223729286,4.151885008112739,0.013797892068846488,0.019648307325533906,0.03668481150927866,0.011155808705056256,1.4240079011704079,1.2370186850461666,7.487665446519816,23.24106706118781,-34.97097922571584
560.0,-90.1366374513384,-395.8665336554506,0.010856034758910399,-90.1442493601188,-399.7347075562133,-90.1366374513384,-395.8665336554506,-89.4485657006859,-395.90072917373794,583.4870843258409,17.405154342365197,4.107298504880215,4.082138955102211,0.013475100915706258,0.01918865017303431,0.03559563794751017,0.010856034758910399,1.4240079011704079,1.2466243145577054,7.508517295105429,23.33688431860811,-34.99340117067658
560.5,-89.95829653665646,-395.3589967518087,0.010556070739891869,-89.99417257671199,-399.2655867632045,-89.95829653665646,-395.3589967518087,-89.26976931394891,-395.38685123540705,584.0312917602903,17.46363189535296,4.098900786031144,4.011132929342461,0.01315218525875199,0.0187288157261198,0.033145650248677924,0.010556070739891869,1.4240079011704079,1.2559417424534274,7.525960942790746,23.432086053924657,-35.01526021564063
561.0,-89.78990863672755,-394.8476864621637,0.01022363056833479,-89.84409579330516,-398.7964659701957,-89.78990863672755,-394.8476864621637,-89.10186494684655,-394.8687453598296,584.5759413596338,17.522109448340725,4.090503067182072,3.928946972770839,0.012796859150825736,0.018222828540940685,0.030203732576188472,0.01022363056833479,1.4240079011704079,1.2647409682281714,7.544193102828668,23.526668784750893,-35.03656027234654
561.5,-89.63004060187764,-394.33349932756516,0.009887055511385153,-89.69854947014834,-398.32163693760685,-89.63004060187764,-394.33349932756516,-88.94318399643308,-394.34745707635716,585.1209181149413,17.548696866922665,4.022320387178575,3.830200113258063,0.012437460673949196,0.01771104227019988,0.026260311446636625,0.009887055511385153,1.4240079011704079,1.2730320105640722,7.5584889432726134,23.6206292624959,-35.05730525670712
562.0,-89.47625147697792,-393.8172904705213,0.009598774632531976,-89.56311059577767,-397.8340728326346,-89.47625147697792,-393.8172904705213,-88.79087219510983,-393.8239836205085,585.6661089215677,17.504137452179805,3.8207575648259002,3.7154716802665906,0.012126417750550032,0.01726811468967633,0.023219910939809525,0.009598774632531976,1.4240079011704079,1.2809465646409808,7.572480992577636,23.713964175341363,-35.077499190716
562.5,-89.33079326053661,-393.29868503931436,0.00927788228438982,-89.42767172140702,-397.3465087276623,-89.33079326053661,-393.29868503931436,-88.64759559116374,-393.29787574199054,586.2114093074348,17.45957803743694,3.6191947424732254,3.591837229328506,0.011782817758730024,0.01677882558648255,0.02040865629937783,0.00927788228438982,1.4240079011704079,1.2886111883999805,7.583504420057559,23.806670301689206,-35.09714614920569
563.0,-89.1884350982693,-392.7792613513658,0.008966659368154384,-89.29223284703636,-396.85894462269005,-89.1884350982693,-392.7792613513658,-88.50721710751316,-392.7709824115193,586.7566874655478,17.41501862269408,3.4176319201205505,3.472267408637783,0.011448939951973153,0.01630338095163532,0.01939528455578587,0.008966659368154384,1.4240079011704079,1.2961482047303554,7.594468053459812,23.898744522113283,-35.1162502628168
563.5,-89.05444507278585,-392.25782858167975,0.008721540941931588,-89.1567939726657,-396.37138051771774,-89.05444507278585,-392.25782858167975,-88.37595066854833,-392.24189524765507,587.3018258138477,17.37045920795122,3.2160690977678756,3.3737401730609426,0.011181215894967985,0.015922139779126564,0.018561838256458026,0.008721540941931588,1.4240079011704079,1.303654825089307,7.604393074810421,23.990183960579802,-35.13481576130376
564.0,-88.92253693094615,-391.73612950733616,0.00860297618680882,-89.02135509829505,-395.8838164127455,-88.92253693094615,-391.73612950733616,-88.24641274664076,-391.7126579825179,587.8466981917273,17.325899793208357,3.0145062754152008,3.3140907966883963,0.011040094889099078,0.015721182351748124,0.019899259232109966,0.00860297618680882,1.4240079011704079,1.3109269059026605,7.6144525689588205,24.080985690244876,-35.15284686949603
564.5,-88.79921985580425,-391.2127556905912,0.008662165177895535,-88.88591622392438,-395.3962523077732,-88.79921985580425,-391.2127556905912,-88.12626558797885,-391.1816080870421,588.391175434497,17.281340378465497,2.812943453062526,3.30802633667415,0.011076794788900834,0.015773443299037987,0.021325938241072737,0.008662165177895535,1.4240079011704079,1.3180357610367446,7.625803715372471,24.171146868083817,-35.17034787264838
565.0,-88.67939264540962,-390.68909662688304,0.008970095685832652,-88.75837312877951,-394.89936663362244,-88.67939264540962,-390.68909662688304,-88.00950080397628,-390.6503759031388,588.9351254975159,17.204575489121307,2.863178522486303,3.363204455599695,0.011362276336872352,0.01617997127898779,0.024171200012470726,0.008970095685832652,1.4240079011704079,1.325140837719907,7.6373793825750536,24.260664752351463,-35.18732311123718
565.5,-88.5684635101318,-390.1641228005382,0.009532483019849748,-88.63932634410762,-394.3924504173844,-88.5684635101318,-390.1641228005382,-87.90245953327022,-390.11774701341477,589.478413600905,17.09315566537253,3.1843625386573344,3.4775610702790853,0.01190228293972942,0.01694894494814044,0.026796900627729322,0.009532483019849748,1.4240079011704079,1.3323963919080843,7.651763987069756,24.349536774946305,-35.20377702017759
566.0,-88.46402858561436,-389.63864195586183,0.010270775614707104,-88.52027955943572,-393.88553420114636,-88.46402858561436,-389.63864195586183,-87.8022776288195,-389.58466921789835,590.0208957060222,16.98173584162376,3.5055465548283657,3.638843603968849,0.012618252923712145,0.017968491862332694,0.0296661902023242,0.010270775614707104,1.4240079011704079,1.339952356875059,7.666118143852286,24.437760382839564,-35.21971404270207
566.5,-88.36851144489401,-389.11232593603313,0.011119921956151128,-88.40123277476383,-393.3786179849083,-88.36851144489401,-389.11232593603313,-87.71175904705034,-389.0507539707948,590.5624439910613,16.870316017874984,3.826730570999397,3.826591355613642,0.013445149951122306,0.019145999762819086,0.03149137202922937,0.011119921956151128,1.4240079011704079,1.347942992599166,7.683536455062213,24.52533311937261,-35.23513867467918
567.0,-88.2827585389474,-388.5854514455765,0.011996372734728658,-88.28218599009193,-392.8717017686703,-88.2827585389474,-388.5854514455765,-87.63184563479909,-388.5163236171978,591.102909819107,16.75889619412621,4.147914587170428,4.0161479494682455,0.014299435114567707,0.02036250858541799,0.03234558516493591,0.011996372734728658,1.4240079011704079,1.356366047186011,7.699774768190327,24.61225262351225,-35.250055466143394
567.5,-88.20469871337308,-388.0584675889928,0.012815245616807601,-88.16313920542004,-392.36478555243224,-88.20469871337308,-388.0584675889928,-87.56004505949582,-387.9819020251994,591.6421492589618,16.647476370377436,4.469098603341459,4.183738529921885,0.01509620276620435,0.021497112016745562,0.032306351481811275,0.012815245616807601,1.4240079011704079,1.365117383136924,7.718044967194135,24.698516617243392,-35.2644690275595
568.0,-88.13856397596038,-387.53124517037304,0.013508809317710556,-88.04409242074813,-391.8578693361942,-88.13856397596038,-387.53124517037304,-87.50128383056293,-387.4473310274777,592.1800166519495,16.53605654662866,4.790282619512491,4.311557490714817,0.01576777027394741,0.022453429453941,0.03057211512161641,0.013508809317710556,1.4240079011704079,1.3743064458294771,7.734148125257187,24.784122939711004,-35.27838399792154
568.5,-88.07781224291548,-387.00468452474894,0.013988202456666626,-87.9482006401002,-391.35166758663775,-88.07781224291548,-387.00468452474894,-87.44782129278417,-386.9136618546079,592.7163703619337,16.45242542838955,4.781823721634117,4.3918786840465645,0.01622521547903673,0.02310483504034071,0.02878709767756923,0.013988202456666626,1.4240079011704079,1.3840387690695497,7.750501450320361,24.869069526935988,-35.291805087921524
569.0,-88.02923384874119,-386.47848701486953,0.014292798976512073,-87.86198011814193,-390.8457642517176,-88.02923384874119,-386.47848701486953,-87.40761350015664,-386.3805335557187,593.2510501902441,16.38040094858404,4.635681328054902,4.4293689038261395,0.016507936762031265,0.02350743238115396,0.02603915201892894,0.014292798976512073,1.4240079011704079,1.3944166724152862,7.764613465394783,24.95335440925849,-35.3047370570651
569.5,-87.98362528000945,-385.9535710906015,0.01450470844314841,-87.77575959618366,-390.33986091679736,-87.98362528000945,-385.9535710906015,-87.3698106178453,-385.8490158742719,593.7839191962236,16.308376468778533,4.4895389344756875,4.44107281592939,0.016698076150866305,0.02377819237317877,0.0247386237169949,0.01450470844314841,1.4240079011704079,1.405553931893611,7.777984191640028,25.03697563472761,-35.31718468331812
570.0,-87.9493696935811,-385.4296314388611,0.01472359583656467,-87.68953907422538,-389.8339575818772,-87.9493696935811,-385.4296314388611,-87.3442587066829,-385.3187380822374,594.3148213423884,16.236351988973023,4.343396540896473,4.453910344457057,0.016895247372834894,0.024058965751145463,0.022742203601391234,0.01472359583656467,1.4240079011704079,1.4176513734870075,7.79063613736657,25.119931439816156,-35.32915282010472
570.5,-87.91726469622917,-384.90737518191247,0.015072264533509027,-87.60331855226711,-389.32805424695704,-87.91726469622917,-384.90737518191247,-87.32011429249698,-384.7905199776767,594.8436071634089,16.164327509167517,4.197254147317258,4.499936264770515,0.017222297231820255,0.024524687334417285,0.02252169364197508,0.015072264533509027,1.4240079011704079,1.4304937467250538,7.801823759891286,25.202220162335564,-35.3406463615627
571.0,-87.89492140872687,-384.3866652069503,0.015673732579839235,-87.51709803030884,-388.8221509120368,-87.89492140872687,-384.3866652069503,-87.30630651058888,-384.26418735906964,595.3701274812627,16.09230302936201,4.051111753738043,4.6100999142105366,0.017802210574873627,0.025350488516919432,0.024471566792975782,0.015673732579839235,1.4240079011704079,1.4440867698392552,7.814164771586073,25.28384022079582,-35.35167024062714
571.5,-87.87585534346347,-383.8679294609704,0.01662597851474266,-87.43087750835056,-388.31624757711666,-87.87585534346347,-383.8679294609704,-87.29516610363503,-383.74022937275515,595.8942393029496,16.0202785495565,3.9049693601588285,4.807804772531369,0.01873297261224894,0.026675901012251344,0.02765215916374196,0.01662597851474266,1.4240079011704079,1.4584375390052604,7.827288963486154,25.36478996064927,-35.36222943506154
572.0,-87.86727622758441,-383.35122684103254,0.01794541872367339,-87.38178922838111,-387.8238930594393,-87.86727622758441,-383.35122684103254,-87.29511418704183,-383.2186985343402,596.4157833815108,15.962648344416671,4.479066694797771,5.104033269381101,0.020031044879702056,0.028524366177394768,0.032914844988541914,0.01794541872367339,1.4240079011704079,1.4735548548887352,7.842822173062086,25.445068017480963,-35.37232892404026
572.5,-87.86434909631475,-382.8368967258706,0.0196559695487032,-87.33659713065764,-387.3329601812421,-87.86434909631475,-382.8368967258706,-87.30037881951787,-382.699973567356,596.9346261800031,15.906528490238495,5.128736768696032,5.495614139351613,0.02172027986793056,0.03092985014756566,0.03908942721115728,0.0196559695487032,1.4240079011704079,1.4894677206771945,7.861248941415573,25.52467311018771,-35.381973734874016
573.0,-87.87473250456115,-382.32524221439456,0.021708397193744476,-87.29140503293416,-386.8420273030448,-87.87473250456115,-382.32524221439456,-87.31986341796936,-382.18438525860824,597.4506121861399,15.850408636060319,5.778406842594294,5.967212013448885,0.02375147265285742,0.03382228472210184,0.045843099496631165,0.021708397193744476,1.4240079011704079,1.506343941079388,7.8829527248423155,25.60360405123674,-35.391168922827596
573.5,-87.89391497845932,-381.81665175026166,0.02401871591443864,-87.24621293521068,-386.35109442484753,-87.89391497845932,-381.81665175026166,-87.34813352263467,-381.6723580590167,597.963612604662,15.794288781882143,6.4280769164925555,6.496091739336186,0.026040660811514755,0.03708210674729562,0.05178667118800143,0.02401871591443864,1.4240079011704079,1.523952893754827,7.908071409673402,25.6818596389598,-35.39991953825411
574.0,-87.92960422285725,-381.3117753558531,0.026493198938305533,-87.2010208374872,-385.86016154665026,-87.92960422285725,-381.3117753558531,-87.39411520174191,-381.16461609781976,598.4734831781517,15.738168927703967,7.077746990390818,7.05769876185514,0.028494084813729396,0.04057580191137039,0.0558881113641159,0.026493198938305533,1.4240079011704079,1.5422456063199013,7.935537039954135,25.75943881917,-35.40823067446001
574.5,-87.97611967025327,-380.81092620268544,0.02904597414873409,-87.15582873976373,-385.369228668453,-87.97611967025327,-380.81092620268544,-87.45097463053345,-380.6614781015316,598.9800900233334,15.682049073525791,7.727417064289079,7.630096143275472,0.031025900346531868,0.04418112723438707,0.05727172212785233,0.02904597414873409,1.4240079011704079,1.5611741848123042,7.964494093104642,25.836340671304782,-35.41610746315169
575.0,-88.04020352759979,-380.315067032775,0.03162127472899151,-87.11723869299827,-384.8736950805269,-88.04020352759979,-380.315067032775,-87.52648952093652,-380.1640171058699,599.4833035034007,15.622957249599185,8.360852083504112,8.196179190135322,0.0335803297065342,0.04781865482601206,0.05530021922376529,0.03162127472899151,1.4240079011704079,1.58088272806681,7.992973914241597,25.912564363816273,-35.42355506073578
575.5,-88.11419780509934,-379.82390867303286,0.034265822244175674,-87.13032749432541,-384.34214853530784,-88.11419780509934,-379.82390867303286,-87.61149559774665,-379.67182257236493,599.9829988007745,15.54060174986305,8.867204029582108,8.743660511572877,0.036204089068207844,0.05155490888780516,0.05119469993988146,0.034265822244175674,1.4240079011704079,1.6017829300738633,8.019613304908777,25.988109128888414,-35.430578630239026
576.0,-88.20344059620658,-379.33855336245455,0.03684921676796285,-87.14341629565257,-383.8106019900888,-88.20344059620658,-379.33855336245455,-87.71211961240193,-379.1861094263625,600.4790564982386,15.458246250126914,9.373555975660107,9.263614344828804,0.03876680626522808,0.05520423842482726,0.04497316762303291,0.03684921676796285,1.4240079011704079,1.6236499090626262,8.043645167966629,26.06297425272795,-35.437183325890864
576.5,-88.29963776566669,-378.8579293867235,0.03933821752429631,-87.15650509697973,-383.27905544486975,-88.29963776566669,-378.8579293867235,-87.81845647807717,-378.7055234694081,600.9713686358857,15.375890750390777,9.879907921738104,9.748744772168102,0.04123520246864562,0.058719254121712874,0.03888082642724741,0.03933821752429631,1.4240079011704079,1.6460309564563051,8.063834914376436,26.137159160522955,-35.44337437238259
577.0,-88.40693373983731,-378.3831374379775,0.04170115956670765,-87.16959389830689,-382.74750889965077,-88.40693373983731,-378.3831374379775,-87.93524503563255,-378.23125518631406,601.4598164118562,15.29353525065464,10.3862598678161,10.1924681258957,0.043577627788211844,0.06205488628467679,0.03328220753807757,0.04170115956670765,1.4240079011704079,1.6686821773757916,8.081611548159461,26.21066336289627,-35.44915701600547
577.5,-88.51855140941001,-377.91288889135177,0.043910451782291055,-87.18268269963404,-382.2159623544317,-88.51855140941001,-377.91288889135177,-88.05438820269659,-377.76167362351924,601.9443122642069,15.211179750918504,10.8926118138941,10.589456598414431,0.04576651863974557,0.06517188415206043,0.028740410367199844,0.043910451782291055,1.4240079011704079,1.6916295653545503,8.096103326997092,26.283486455601675,-35.454536523535296
578.0,-88.63782809373932,-377.4482161647292,0.04595819922208479,-87.20389811325238,-381.6869636899142,-88.63782809373932,-377.4482161647292,-88.1797032862319,-377.297868908284,602.4247522793526,15.127663973588353,11.361478172176282,10.937458865692179,0.04779392464879158,0.06805892632782232,0.02577796241171161,0.04595819922208479,1.4240079011704079,1.7148992188669432,8.109282108057615,26.35562814998342,-35.45951814989057
578.5,-88.75992909772148,-376.98805488467906,0.04791338759883578,-87.29845845275268,-381.1809603541402,-88.75992909772148,-376.98805488467906,-88.30540876270128,-376.8384554373207,602.9010649519486,15.033676369734893,11.492026722248436,11.239289086033471,0.04972885364794591,0.07081428051082184,0.023409327941988398,0.04791338759883578,1.4240079011704079,1.738147078332363,8.120733068716625,26.427088217922954,-35.46410719309022
579.0,-88.88781319595859,-376.53340405697895,0.0497467781882576,-87.39301879225297,-380.6749570183662,-88.88781319595859,-376.53340405697895,-88.43490632454026,-376.3844665415937,603.3731635746981,14.939688765881435,11.622575272320589,11.503899587458003,0.051542084926622066,0.073396336178306,0.021382783873052015,0.0497467781882576,1.4240079011704079,1.7610508257863127,8.131479699641826,26.497866513399938,-35.468308971155
579.5,-89.01762954860034,-376.08335854008175,0.05151551369444247,-87.48757913175328,-380.1689536825922,-89.01762954860034,-376.08335854008175,-88.56360041968374,-375.9346872635699,603.8409949722394,14.845701162027977,11.753123822392743,11.745000540472486,0.05329072305419634,0.0758864106882596,0.020012559728217003,0.05151551369444247,1.4240079011704079,1.7832909094616647,8.140839184495192,26.567962980509495,-35.47212880481436
580.0,-89.15172410396211,-375.6387716927341,0.05328270523071529,-87.58213947125358,-379.6629503468182,-89.15172410396211,-375.6387716927341,-88.6941984564655,-375.4899631842683,604.3044985469242,14.751713558174517,11.883672372464897,11.976964774430703,0.055037896921563606,0.07837440008010904,0.016868288076483235,0.05328270523071529,1.4240079011704079,1.8048362050620896,8.1501487171212,26.637377726646573,-35.4755719448816
580.5,-89.28746723991807,-375.1990551092933,0.05508671515759002,-87.67669981075387,-379.1569470110442,-89.28746723991807,-375.1990551092933,-88.82356450319517,-375.0494343873394,604.7636296838051,14.657725954321059,12.014220922537051,12.20813959907157,0.05682197063041425,0.08091493513778275,0.013946460567233619,0.05508671515759002,1.4240079011704079,1.8255029205957152,8.156410181694621,26.706110930819356,-35.478643733256526
581.0,-89.42456038537878,-374.76429415635437,0.05693367235618844,-87.7762368287556,-378.65318089756653,-89.42456038537878,-374.76429415635437,-88.9513143014037,-374.61302347096944,605.2183547703868,14.559498386972749,12.166043091552044,12.432368283316933,0.058649058054916915,0.08351672206640363,0.011782577490175113,0.05693367235618844,1.4240079011704079,1.844972293788394,8.162928926427103,26.774162800448707,-35.481349538223505
581.5,-89.56332435901123,-374.3347521837156,0.05916010985255519,-87.9467666667427,-378.1813289854389,-89.56332435901123,-374.3347521837156,-89.07779773621802,-374.18084891079815,605.668658345789,14.400787313396535,12.62133557708777,12.620419891463836,0.06085570974775327,0.08665901151213366,0.008272611915301945,0.05916010985255519,1.4240079011704079,1.862966811659719,8.16707882661934,26.841533631599933,-35.483694736160516
582.0,-89.7011780466557,-373.90986585487417,0.06100538320728996,-88.11729650472982,-377.70947707331123,-89.7011780466557,-373.90986585487417,-89.19995886896128,-373.7520433733443,606.1145316176957,14.242076239820321,13.076628062623493,12.714063103411792,0.0626812646362891,0.08925861609742895,0.008333980069835129,0.06100538320728996,1.4240079011704079,1.8792495766883661,8.170350808431728,26.908223813588886,-35.485684724754385
582.5,-89.83977461148469,-373.4902803247227,0.062006819298452975,-88.28782634271693,-377.2376251611836,-89.83977461148469,-373.4902803247227,-89.31975345664479,-373.3271639499946,606.5559783664701,14.083365166244107,13.531920548159219,12.627005607864218,0.06366305758597131,0.09065669701508981,0.007664295606007512,0.062006819298452975,1.4240079011704079,1.89386563168062,8.174494923058552,26.97423388173394,-35.487325097021994
583.0,-89.97803138125226,-373.07586767725473,0.061573868854850826,-88.45835618070404,-376.7657732490559,-89.97803138125226,-373.07586767725473,-89.43597477914795,-372.9058877941818,606.9930019654151,13.924654092667893,13.987213033694944,12.25627304980539,0.06321055401217884,0.0900123283507015,0.007943320868033845,0.061573868854850826,1.4240079011704079,1.9065982633812055,8.1770692033681,27.039564401779767,-35.48862125584256
583.5,-90.11555523223248,-372.6666109623635,0.05909254304550949,-88.62888601869116,-376.29392133692824,-90.11555523223248,-372.6666109623635,-89.54830333425531,-372.48808483185854,607.4256429385534,13.76594301909168,14.442505519230668,11.5045676172841,0.06070973900995118,0.08645114802816381,0.009865230810484528,0.05909254304550949,1.4240079011704079,1.917223067989318,8.181415437479467,27.104216010151305,-35.48957860517309
584.0,-90.25411873014724,-372.26303348740674,0.05409816814487104,-88.80275215900689,-375.8261243636654,-90.25411873014724,-372.26303348740674,-89.65905729949084,-372.07436058075336,607.8539377419887,13.604713309863957,14.56293651227637,10.308664950163173,0.05569595252367986,0.07931147645693204,0.009434178123032056,0.05409816814487104,1.4240079011704079,1.9255818076492148,8.185535172203089,27.168189446866474,-35.490202553433875
584.5,-90.39168602610985,-371.8645151263343,0.04654609389224933,-89.01083610382027,-375.39991567937,-90.39168602610985,-371.8645151263343,-89.76616504658956,-371.66410787396194,608.2779418764808,13.417651954149983,11.24895900297231,8.664025102707413,0.04812454730341693,0.06852973560031475,0.010360991515843852,0.04654609389224933,1.4240079011704079,1.931553737958281,8.189414330424775,27.23148554502797,-35.49049851107316
585.0,-90.53010706098229,-371.4713429377056,0.03634504288155074,-89.21892004863366,-374.97370699507456,-90.53010706098229,-371.4713429377056,-89.87220641930827,-371.2579396800812,608.6977245876091,13.230590598436008,7.934981493668249,6.635080685038538,0.03790423590896212,0.053975931422189156,0.009923601063284753,0.03634504288155074,1.4240079011704079,1.9350756068996264,8.19422968317388,27.2941052261643,-35.49047188895399
585.5,-90.6683832097556,-371.0829199684822,0.0240036430997437,-89.42700399344704,-374.5474983107792,-90.6683832097556,-371.0829199684822,-89.97647341122986,-370.8555860439012,609.1133689796811,13.043529242722032,4.621003984364188,4.345835942330162,0.025543658246976783,0.03637437116849159,0.007122996381743523,0.0240036430997437,1.4240079011704079,1.9360773364922934,8.197623585166157,27.35604954720423,-35.490128077442485
586.0,-90.80655373540148,-370.6987999282686,0.010297655910013036,-89.63508793826044,-374.12128962648376,-90.80655373540148,-370.6987999282686,-90.07952039862437,-370.4570908644748,609.5249720705781,12.856467887008057,1.3070264750601286,1.9534746080742291,0.011818556391269212,0.016829717681595382,0.003652391396325616,0.010297655910013036,1.4240079011704079,1.9345206321039845,8.200061500854945,27.417319631217975,-35.48947247443467
586.5,-90.94409770056879,-370.3183044847295,-0.0039040378748178206,-89.84317188307382,-373.6950809421884,-90.94409770056879,-370.3183044847295,-90.18126149851558,-370.0623181005424,609.9326447851569,12.669406531294081,-2.006951034243931,-0.3855832680240596,-0.002402180494366912,-0.003420724004015919,-0.00021115210839881723,-0.0039040378748178206,1.4240079011704079,1.9302466588752132,8.200573410189122,27.477916666478013,-35.488510484527545
587.0,-91.08036559570607,-369.94067727147615,-0.017796345992936908,-90.04889822513314,-373.2713109980183,-91.08036559570607,-369.94067727147615,-90.28146207586055,-369.6710785800837,610.3365118851552,12.491562981330128,-5.105958855046737,-2.5455373300639303,-0.016313453386166233,-0.02323048651727586,-0.006690344240736979,-0.017796345992936908,1.4240079011704079,1.9231770824145926,8.19988212263993,27.53784196493156,-35.48724752601808
587.5,-91.21545248039928,-369.56535618312273,-0.030380450727732964,-90.23189885448521,-372.87104887651253,-91.21545248039928,-369.56535618312273,-90.38075282254263,-369.28339155125394,610.7367118339151,12.402572909715891,-6.132802748654094,-4.448040272374343,-0.028916460553993516,-0.041177268302769195,-0.014190581908320088,-0.030380450727732964,1.4240079011704079,1.9133626061791713,8.195194935390353,27.597096927339503,-35.48568901323072
588.0,-91.3465456516456,-369.1910909093208,-0.04143187892986316,-90.41489948383729,-372.4707867550068,-91.3465456516456,-369.1910909093208,-90.47632214528166,-368.8983945870068,611.1333965946422,12.313582838101652,-7.1596466422614515,-6.06295825159295,-0.039986712944150335,-0.0569413951743031,-0.018165298946471103,-0.04143187892986316,1.4240079011704079,1.9008178664250193,8.188589698601822,27.655682998022055,-35.48384033381399
588.5,-91.4753520570791,-368.8178346836815,-0.05092064085925902,-90.59790011318935,-372.07052463350107,-91.4753520570791,-368.8178346836815,-90.57065179212378,-368.5165403258604,611.5267313613465,12.224592766487415,-8.18649053586881,-7.3964511778874655,-0.04949423247171004,-0.07048017810208006,-0.02838308740647762,-0.05092064085925902,1.4240079011704079,1.8855762328727503,8.180820237637377,27.713601717821422,-35.48170685536053
589.0,-91.59958521843377,-368.44465352670176,-0.058949088138324425,-90.78090074254143,-371.67026251199536,-91.59958521843377,-368.44465352670176,-90.66150397649504,-368.13712812082775,611.9168942220783,12.135602694873178,-9.213334429476166,-8.474280405680558,-0.05754136112947378,-0.08193935289247045,-0.03481704217688959,-0.058949088138324425,1.4240079011704079,1.8677027078133432,8.166195931839873,27.77085472761633,-35.47929391915278
589.5,-91.71654175589877,-368.07058698536815,-0.0656699524137953,-90.9639013718935,-371.2700003904896,-91.71654175589877,-368.07058698536815,-90.74613063761474,-367.75931762780027,612.3040757545583,12.04661262325894,-10.240178323083523,-9.328489510071872,-0.06428082428117661,-0.0915364016701421,-0.04302310109845437,-0.0656699524137953,1.4240079011704079,1.8472984829092298,8.153501559737245,27.82744372565837,-35.47660688312909
590.0,-91.83064582215209,-367.69642527134005,-0.07116982546419134,-91.14272557858611,-370.8620136012679,-91.83064582215209,-367.69642527134005,-90.83014848625642,-367.384225140416,612.6884718652207,11.964526558005444,-11.171255324148778,-9.99175125703534,-0.0697992213279803,-0.099394642666586,-0.06105630267028911,-0.07116982546419134,1.4240079011704079,1.8242069916529706,8.132476697380286,27.883370492418017,-35.473651092910465
590.5,-91.93120108084788,-367.31983474445104,-0.0748857139712092,-91.28157651788875,-370.38009267432,-91.93120108084788,-367.31983474445104,-90.90135274679868,-367.0091893068131,613.0703085394329,11.948519937966717,-11.185730746584472,-10.49817300832174,-0.07353354447433348,-0.10471234833251647,-0.05599060427693861,-0.0748857139712092,1.4240079011704079,1.7985107522494377,8.105819583318217,27.93863688469998,-35.47043192232921
591.0,-92.0247590154274,-366.94200350111015,-0.07778732968700139,-91.4204274571914,-369.8981717473721,-92.0247590154274,-366.94200350111015,-90.9677849788481,-366.63559501515067,613.4497985270579,11.93251331792799,-11.200206169020168,-10.885824199440844,-0.07645351565315303,-0.10887041036234538,-0.07428361607872987,-0.07778732968700139,1.4240079011704079,1.7703755959409269,8.088898084063263,27.9932448138772,-35.466954947262465
591.5,-92.11229224981508,-366.563192832886,-0.08016410215729564,-91.55927839649404,-369.4162508204242,-92.11229224981508,-366.563192832886,-91.03088690298192,-366.2636641515283,613.8271888543284,11.916506697889263,-11.214681591455863,-11.196742223169606,-0.07884855830197622,-0.1122809700179097,-0.102174382632147,-0.08016410215729564,1.4240079011704079,1.7400229259548483,8.047921815420187,28.04719630391784,-35.46322545518861
592.0,-92.17428734677551,-366.1806920166877,-0.08230827581257007,-91.69812933579666,-368.9343298934763,-92.17428734677551,-366.1806920166877,-91.06797713241698,-365.89007252548294,614.2027119169273,11.900500077850536,-11.229157013891557,-11.472919649670292,-0.08101091342024624,-0.11536018079146249,-0.08785044665888837,-0.08230827581257007,1.4240079011704079,1.7077342295524984,8.009683752974823,28.100493454093172,-35.45924867689865
592.5,-92.23249845781321,-365.797414930926,-0.0842774252535187,-91.8005849262371,-368.4527898679236,-92.23249845781321,-365.797414930926,-91.10490912280767,-365.51807476344976,614.5766328753743,11.898511155627052,-11.356611662285315,-11.750428790098333,-0.08299816117602113,-0.11819003729726908,-0.11112522864875189,-0.0842774252535187,1.4240079011704079,1.6736729358588986,7.979804929801704,28.15313844577457,-35.45502985906504
593.0,-92.27143245340794,-365.41269501633036,-0.08591377260402543,-91.80793012244598,-367.9722452355462,-92.27143245340794,-365.41269501633036,-91.12369974443055,-365.1466790841839,614.9492006384947,11.93315407805146,-11.7793100452982,-12.054532484839179,-0.08465251693338863,-0.12054585296710715,-0.12042094847154779,-0.08591377260402543,1.4240079011704079,1.6380366266803805,7.9235830641132186,28.20513353881498,-35.45057423301629
593.5,-92.28625524869528,-365.0263107022487,-0.08780158267863963,-91.81527531865486,-367.49170060316885,-92.28625524869528,-365.0263107022487,-91.11889064400872,-364.77538695511873,615.3206884674416,11.96779700047587,-12.202008428311085,-12.397580920604092,-0.08655826119634823,-0.1232596478551718,-0.1120458037084138,-0.08780158267863963,1.4240079011704079,1.6009734608336805,7.886817667669749,28.2564810704814,-35.445887009671516
594.0,-92.29684398825054,-364.6390814467712,-0.08993545129716099,-91.82262051486374,-367.01115597079144,-92.29684398825054,-364.6390814467712,-91.11409197951917,-364.4049005442083,615.6913701535575,12.002439922900278,-12.62470681132397,-12.779433317252742,-0.08870998678100565,-0.1263237220888745,-0.1480637037088943,-0.08993545129716099,1.4240079011704079,1.5629358147817307,7.8367135884041765,28.30718345468737,-35.44097337835177
594.5,-92.27290678614439,-364.2533722884617,-0.09223337144559843,-91.82996571107262,-366.5306113384141,-92.27290678614439,-364.2533722884617,-91.07389323133185,-364.037716684475,616.0615190453153,12.037082845324687,-13.047405194336855,-13.188835411783497,-0.09102568365706161,-0.1296212927370938,-0.11839317290085502,-0.09223337144559843,1.4240079011704079,1.5244018139999542,7.77243173778958,28.357243181130546,-35.43583850555533
595.0,-92.23379573838196,-363.86767123352485,-0.0942498887708468,-91.78815136092368,-366.04722109986204,-92.23379573838196,-363.86767123352485,-91.02127865271721,-363.67174229071645,616.4314299295589,12.091017117590624,-13.543622234675002,-13.60467934038219,-0.09305991209864523,-0.13251805011069442,-0.11382697537557468,-0.0942498887708468,1.4240079011704079,1.4856946811303158,7.745042615329861,28.40666281589965,-35.430487517926345
595.5,-92.18848607444183,-363.48150479728923,-0.09570949751198601,-91.68772659152997,-365.5604381902369,-92.18848607444183,-363.48150479728923,-90.96699194474333,-363.30607422234937,616.8013765021947,12.167951482123062,-14.127491819582637,-13.997081185073078,-0.09453715812160875,-0.13462166011936705,-0.15526291572090434,-0.09570949751198601,1.4240079011704079,1.4469043352791553,7.683950494684556,28.455444999013615,-35.42492551597023
596.0,-92.1023396746449,-363.10200682729175,-0.09672546982254421,-91.58730182213624,-365.07365528061166,-92.1023396746449,-363.10200682729175,-90.87041689010216,-362.94873080841,617.1716584852525,12.244885846655501,-14.711361404490273,-14.329606012039823,-0.09557070028310713,-0.1360934323235335,-0.10910188244092929,-0.09672546982254421,1.4240079011704079,1.4085779959713731,7.62455984069459,28.50359244184412,-35.41915758875106
596.5,-92.01110089213243,-362.7219343174088,-0.09706083154723653,-91.48687705274253,-364.58687237098644,-92.01110089213243,-362.7219343174088,-90.77368224297234,-362.5907968762985,617.5425523677641,12.321820211187939,-15.295230989397908,-14.563811760667212,-0.09592356736030012,-0.13659591782951921,-0.0992815987582635,-0.09706083154723653,1.4240079011704079,1.370801383573347,7.5986648577113565,28.551107927600363,-35.413188797495174
597.0,-91.90465058006342,-362.34461536437107,-0.0965200897020941,-91.38645228334882,-364.1000894613613,-91.90465058006342,-362.34461536437107,-90.66489107091232,-362.23578573019046,617.9143584942016,12.398754575720378,-15.879100574305543,-14.665799311423159,-0.09540027150134577,-0.13585074039171846,-0.11434899897710997,-0.0965200897020941,1.4240079011704079,1.3340370547104843,7.546910181236083,28.59799431036078,-35.40702417443291
597.5,-91.7736637906389,-361.97316107501706,-0.09515670830188398,-91.22883042772322,-363.62241873650606,-91.7736637906389,-361.97316107501706,-90.53300315609566,-361.8869616545511,618.2873517883922,12.464544841127099,-15.681525522500921,-14.612732048714925,-0.09405428194422216,-0.1339340406274816,-0.08847748380549582,-0.09515670830188398,1.4240079011704079,1.2986922044994602,7.5088328354946015,28.644254514162316,-35.40066872170436
598.0,-91.63745266587837,-361.60145050535516,-0.09285722489836108,-91.04373778459026,-363.1491244389837,-91.63745266587837,-361.60145050535516,-90.40059059587149,-361.5367499692163,618.6618288365652,12.524982785301887,-15.1086359052503,-14.396771596918322,-0.09177213586637796,-0.13068424658100639,-0.09224156979857377,-0.09285722489836108,1.4240079011704079,1.2650299554802813,7.476959135735138,28.68989164470255,-35.39412711682359
598.5,-91.48162949495315,-361.2356342583474,-0.08961330908267037,-90.8586451414573,-362.6758301414613,-91.48162949495315,-361.2356342583474,-90.25050226972976,-361.19205146136767,619.038058617229,12.585420729476674,-14.535746287999675,-14.024971942820168,-0.08854550598343237,-0.12608950013353934,-0.07856347258959782,-0.08961330908267037,1.4240079011704079,1.2334168945928035,7.435725945882045,28.734908870125793,-35.387403951056
599.0,-91.31354095759728,-360.87271073655256,-0.08556869939174301,-90.67355249832434,-362.2025358439389,-91.31354095759728,-360.87271073655256,-90.09108781013784,-360.84905221044716,619.4163296011869,12.64585867365146,-13.962856670749051,-13.51594814196608,-0.08451812792781506,-0.12035448196133995,-0.06742487899944356,-0.08556869939174301,1.4240079011704079,1.20412338985635,7.414197632360535,28.77930930942763,-35.38050415169409
599.5,-91.14014507108269,-360.50986950619034,-0.08090672231966677,-90.48845985519137,-361.7292415464165,-91.14014507108269,-360.50986950619034,-89.93018578598809,-360.5042252865556,619.7969005089236,12.706296617826249,-13.389967053498427,-12.895546839397076,-0.07987332881298291,-0.11374025132246966,-0.07884143506955066,-0.08090672231966677,1.4240079011704079,1.1770182077408389,7.381692857651373,28.823096148712693,-35.37343261088554
600.0,-90.94664489760245,-360.154501742846,-0.07621585725988875,-90.25164875249737,-361.26869035703436,-90.94664489760245,-360.154501742846,-89.75001114044761,-360.1661083353891,620.180047448111,12.733692517806187,-12.485066157790268,-12.193381929531984,-0.0751995877760367,-0.10708480715783389,-0.058058550909465885,-0.07621585725988875,1.4240079011704079,1.1522389116765925,7.350623130994768,28.86627264027929,-35.36619418468441
600.5,-90.74862041398758,-359.79887437044243,-0.07130721865852009,-90.00715726115884,-360.8100315678491,-90.74862041398758,-359.79887437044243,-89.56851023596914,-359.82550251778287,620.5660147178236,12.756181548107856,-11.530860320005894,-11.44053199476354,-0.07030801502539895,-0.10011916891177586,-0.0499768942981691,-0.07130721865852009,1.4240079011704079,1.1298677819059266,7.334462822141466,28.908842101590256,-35.35879369204809
601.0,-90.54124077593296,-359.44565794574214,-0.06630862891328747,-89.7626657698203,-360.3513727786638,-90.54124077593296,-359.44565794574214,-89.37962022858203,-359.48550100370187,620.9550565313765,12.778670578409525,-10.576654482221523,-10.667442675295268,-0.065326436511887,-0.09302536174823411,-0.050218209219689884,-0.06630862891328747,1.4240079011704079,1.1099544263905095,7.309875295956694,28.950807911978785,-35.35123591335742
601.5,-90.32310818496717,-359.0955777110971,-0.061385455830827176,-89.51817427848175,-359.8927139894786,-90.32310818496717,-359.0955777110971,-89.18132733336147,-359.1469555046873,621.3474107727363,12.801159608711194,-9.62244864443715,-9.901042150412465,-0.060420217502538,-0.08603886711404868,-0.041534845384373215,-0.061385455830827176,1.4240079011704079,1.0925282257012279,7.293133886410673,28.992173473886403,-35.34352561789555
602.0,-90.1009909427066,-358.74476953055984,-0.05670728884675439,-89.27191449027853,-359.43749079366415,-90.1009909427066,-358.74476953055984,-88.98124547336816,-358.8053557057643,621.7433047673256,12.8179916812948,-8.700184106074712,-9.161246683252756,-0.055758952533458035,-0.07940118896862998,-0.04296390191077458,-0.05670728884675439,1.4240079011704079,1.0775851632429152,7.27550494021452,29.032942206494397,-35.33566775905072
602.5,-89.86738482522264,-358.3976788769029,-0.05284385382702043,-89.00363458820839,-359.02505009593466,-89.86738482522264,-358.3976788769029,-88.77023157393528,-358.465988638529,622.142948933447,12.764379217341732,-8.175675772778614,-8.45804943981987,-0.051912365993943596,-0.07392361934382567,-0.03414638770325351,-0.05284385382702043,1.4240079011704079,1.0650446780824518,7.25733522580134,29.073117678230968,-35.32766698384337
603.0,-89.62911717043976,-358.0500455700573,-0.04913442164301721,-88.73535468613824,-358.61260939820517,-89.62911717043976,-358.0500455700573,-88.55604372181666,-358.1239075547097,622.5465588356415,12.710766753388665,-7.651167439482517,-7.790553423000378,-0.04821973411611703,-0.06866528237368692,-0.02895891543997701,-0.04913442164301721,1.4240079011704079,1.05487389364639,7.24676946765581,29.112703516095404,-35.319527897391026
603.5,-89.3846034243331,-357.7028066857047,-0.04551882388606891,-88.46707478406809,-358.2001687004756,-89.3846034243331,-357.7028066857047,-88.3365724188042,-357.7802906195312,622.954312901859,12.657154289435598,-7.12665910618642,-7.148424433528254,-0.04462088526450619,-0.06354049317387503,-0.027607585127453302,-0.04551882388606891,1.4240079011704079,1.0470441883862707,7.232863656953224,29.151703404480305,-35.31125506197239
604.0,-89.13280538277515,-357.35648340352384,-0.04189477201591843,-88.19879488199794,-357.7877280027461,-89.13280538277515,-357.35648340352384,-88.11036824752163,-357.4358425649381,623.3663998577597,12.60354182548253,-6.6021507728903215,-6.514969101242066,-0.041013529636457255,-0.058403590257201814,-0.023216952654327324,-0.04189477201591843,1.4240079011704079,1.041495148712486,7.223192302689604,29.190121078663722,-35.30285299962405
604.5,-88.87753738924508,-357.0085041887163,-0.038136050421601404,-87.93051497992779,-357.3752873050166,-88.87753738924508,-357.0085041887163,-87.88170323179045,-357.08764730675375,623.7829698516699,12.549929361529465,-6.077642439594223,-5.870281947409007,-0.037271459376676835,-0.053074852640539696,-0.023050314791401943,-0.038136050421601404,1.4240079011704079,1.038153804606288,7.212910593825139,29.22796028041056,-35.29432621878494
605.0,-88.61434215571353,-356.6616879919076,-0.03410627846394239,-87.65160864926862,-356.9622973967953,-88.61434215571353,-356.6616879919076,-87.64512526358256,-356.7391519894802,624.2041819898034,12.496020237419398,-5.403375458636021,-5.193294655139436,-0.03325826001821476,-0.047360025045117694,-0.017153198014076818,-0.03410627846394239,1.4240079011704079,1.0369580640848648,7.203207978317889,29.26522485775986,-35.28567915011213
605.5,-88.34782680400443,-356.3128217841526,-0.029658506315564073,-87.37127881712384,-356.549233917106,-88.34782680400443,-356.3128217841526,-87.40584794616927,-356.38673394587966,624.6301555654735,12.442071373130336,-4.709047019056264,-4.462566065508296,-0.02882698897433017,-0.041049860066398394,-0.012904997202482827,-0.029658506315564073,1.4240079011704079,1.0380208224098482,7.19787469938579,29.301918712415866,-35.27691617842124
606.0,-88.07633367582663,-355.9628719130191,-0.02464326078874027,-87.09094898497905,-356.13617043741664,-88.07633367582663,-355.9628719130191,-87.16171074100343,-356.03172012850524,625.0610177018278,12.388122508841272,-4.014718579476506,-3.6568033799785367,-0.023828166529587923,-0.03393149740853746,-0.010449284119629197,-0.02464326078874027,1.4240079011704079,1.0412826168809728,7.191834978100278,29.33804579889884,-35.26804164193722
606.5,-87.80076927413414,-355.61106141031036,-0.01891759682650338,-86.81061915283425,-355.72310695772734,-87.80076927413414,-355.61106141031036,-86.91356039445887,-355.67342565238624,625.4968546918717,12.33417364455221,-3.320390139896749,-2.756453120384963,-0.018118844349438668,-0.025801377513677462,-0.005717317611386748,-0.01891759682650338,1.4240079011704079,1.0466710278416644,7.188553094488636,29.373610105072434,-35.25905985050104
607.0,-87.52202121205269,-355.2565975766816,-0.012365938572760969,-86.53028932068946,-355.310043478038,-87.52202121205269,-355.2565975766816,-86.66220647791009,-355.3111921060724,625.9377542853503,12.280224780263147,-2.626061700316992,-1.7468290566603146,-0.011583445901719162,-0.016494918486828068,-0.0026112482954695295,-0.012365938572760969,1.4240079011704079,1.0540902816264726,7.186689655496819,29.408615674988628,-35.249975058375774
607.5,-87.24002566920271,-354.8993276467777,-0.0048815111358115415,-86.25713954883338,-354.8830890783503,-87.24002566920271,-354.8993276467777,-86.40731839615529,-354.9451633938482,626.3837867252043,12.29244776496671,-1.38839428641176,-0.6218235533021121,-0.004115195056021323,-0.005860070274631764,0.0020395081558923058,-0.0048815111358115415,1.4240079011704079,1.0634175584808698,7.1861749019958845,29.443066544605365,-35.24079151306418
608.0,-86.9556411377393,-354.538470366235,0.0032779479012017532,-85.98792621848712,-354.4485190331259,-86.9556411377393,-354.538470366235,-86.14962617243962,-354.5747918497121,626.834985846569,12.340949221254215,0.14715671153405063,0.6134856792899908,0.004028165436306391,0.005736139408521844,0.00589975866842641,0.0032779479012017532,1.4240079011704079,1.0744952058392847,7.188527882650861,29.476966866772372,-35.231513359628174
608.5,-86.6699805222547,-354.17304529682116,0.011921572845084608,-85.71871288814084,-354.0139489879015,-86.6699805222547,-354.17304529682116,-85.89013520732615,-354.19933183675,627.2913915515056,12.389450677541719,1.6827077094798608,1.9426418286469966,0.012655771746053273,0.01802191896178907,0.00923426168064111,0.011921572845084608,1.4240079011704079,1.0871319273557105,7.191614201226463,29.51032084129333,-35.22214469226196
609.0,-86.38233581428274,-353.80337432341616,0.02086959781021603,-85.44949955779458,-353.57937894267707,-86.38233581428274,-353.80337432341616,-85.62768537353074,-353.81959060778024,627.7530014628624,12.437952133829224,3.218258707425671,3.339698322990258,0.021587854197120192,0.030741274946013905,0.012856813023892653,0.02086959781021603,1.4240079011704079,1.1010438525386121,7.197112298197455,29.543132713630925,-35.212689553371845
609.5,-86.09516887657688,-353.4276022339022,0.029901524175115907,-85.1802862274483,-353.1448088974527,-86.09516887657688,-353.4276022339022,-85.36482159977871,-353.43381876130576,628.2198190078896,12.486453590116728,4.7538097053714825,4.771502999982086,0.030603914965810608,0.0435802167180616,0.014480584675896711,0.029901524175115907,1.4240079011704079,1.1159613388650953,7.203704822261574,29.575406773615473,-35.2031519326744
610.0,-85.80682776345694,-353.0467653021179,0.038501375129844764,-84.94345944826772,-352.69873953722345,-85.80682776345694,-353.0467653021179,-85.09922752679142,-353.0436520487873,628.6918052167734,12.577035199328774,6.294503590369567,6.198824916212544,0.03918797454387102,0.05580398538133714,0.01615832780708677,0.038501375129844764,1.4240079011704079,1.1315979225877233,7.210871312738315,29.607147345229166,-35.193535772693956
610.5,-85.51945362966796,-352.659356627872,0.04621253459624977,-84.74087581755698,-352.2405116501724,-85.51945362966796,-352.659356627872,-84.8330380403276,-352.6476899322611,629.16892695722,12.712109255941566,7.8406351844955555,7.57625279024873,0.04688341338545018,0.06676235109471951,0.016733615545488776,0.04621253459624977,1.4240079011704079,1.147839223216411,7.219205815005788,29.638358714138413,-35.183845018685965
611.0,-85.23194567879152,-352.26615812013245,0.05298156529432604,-84.53829218684625,-351.7822837631213,-85.23194567879152,-352.26615812013245,-84.56457471193295,-352.24715728325225,629.6511088905127,12.847183312554357,9.386766778621544,8.852758881398014,0.05363679185131556,0.0763792153897059,0.016600081570112224,0.05298156529432604,1.4240079011704079,1.164946246376292,7.227098594816824,29.66904524418744,-35.174083617252
611.5,-84.94524783284548,-351.86663964324396,0.05854779856937989,-84.33570855613553,-351.32405587607025,-84.94524783284548,-351.86663964324396,-84.29457518905028,-351.8416557915325,630.1382764001673,12.982257369167147,10.932898372747532,9.975391866103829,0.05918743725396482,0.08428337829967365,0.015736224377531475,0.05854779856937989,1.4240079011704079,1.1826746449435281,7.235451922680294,29.69921127493854,-35.16425561717235
612.0,-84.65905452079895,-351.4611871361352,0.06270681946257495,-84.1331249254248,-350.8658279890192,-84.65905452079895,-351.4611871361352,-84.02233136082144,-351.4317770324626,630.6303306076368,13.11733142577994,12.479029966873519,10.896997688749751,0.06333093143559193,0.09018374675276428,0.01411215286142161,0.06270681946257495,1.4240079011704079,1.2007028255057204,7.242659097862965,29.728861300518563,-35.15436471822919
612.5,-84.37305653689093,-351.0502606146405,0.06533194616200874,-83.95847225205539,-350.39457819990196,-84.37305653689093,-351.0502606146405,-83.74717284851997,-351.0181074322659,631.127155455566,13.255284891520558,13.51825394149251,11.585931645900711,0.06594059009890946,0.09389992130868624,0.012182101856494343,0.06533194616200874,1.4240079011704079,1.2186988584035336,7.249526836852606,29.757999851448773,-35.14441456331013
613.0,-84.08765435820027,-350.6339062468144,0.06641682172052542,-83.8555385140598,-349.88989178556227,-84.08765435820027,-350.6339062468144,-83.46932309258455,-350.60065778037693,631.6286181946651,13.400631879603779,13.25588003818545,12.033460045881867,0.06701005371940663,0.09542284595428852,0.00992291822918168,0.06641682172052542,1.4240079011704079,1.23661564566668,7.254922564899936,29.786631481162136,-35.134408719670986
613.5,-83.80161906328534,-350.213303979347,0.06620838247694605,-83.7526047760642,-349.3852053712226,-83.80161906328534,-350.213303979347,-83.1871583480121,-350.18069658260714,632.1345699660092,13.545978867687001,12.993506134878393,12.25484737824977,0.06678625931778458,0.09510416095814102,0.008524039387545318,0.06620838247694605,1.4240079011704079,1.2545191456244977,7.259591450118179,29.81476066586092,-35.12435053619128
614.0,-83.51597642919448,-349.78814470650696,0.06496416186968339,-83.64967103806862,-348.8805189568829,-83.51597642919448,-349.78814470650696,-82.90177870387117,-349.7576840673902,632.6448464803842,13.691325855770222,12.731132231571333,12.283144860480494,0.06552673968836926,0.09331059505417438,0.007574359143065411,0.06496416186968339,1.4240079011704079,1.2721642593161273,7.263631389354274,29.84239203224066,-35.114243470426196
614.5,-83.22958305067004,-349.3595991922855,0.06295793279850484,-83.54673730007302,-348.3758325425432,-83.22958305067004,-349.3595991922855,-82.6117981017842,-349.3327861535148,633.1592687955489,13.836672843853444,12.468758328264274,12.158307864113912,0.06350527353590023,0.09043201128110993,0.009356435946694745,0.06295793279850484,1.4240079011704079,1.2892924061384037,7.267379396526604,29.869530238048306,-35.104090918695924
615.0,-82.94373613066506,-348.92717440064814,0.06048826106631744,-83.44678406678818,-347.87492871392374,-82.94373613066506,-348.92717440064814,-82.31875776230406,-348.90519484819487,633.6776387212592,13.974247860808436,12.195352636954336,11.916045167030354,0.06102042900113266,0.0868935730304208,0.0119038537267681,0.06048826106631744,1.4240079011704079,1.3056335323952708,7.273294417276779,29.89617996314139,-35.09389621914952
615.5,-82.65938116202622,-348.49058915045913,0.058364896638809595,-83.3806109883387,-347.4168955879895,-82.65938116202622,-348.49058915045913,-82.02381964655046,-348.4743536276314,634.1997626801025,14.023737666174904,11.796915938143126,11.580033680728995,0.0588819608818293,0.0838483775321318,0.0185558403674875,0.058364896638809595,1.4240079011704079,1.3214119149328614,7.279752661970724,29.922345774231125,-35.08366272588412
616.0,-82.37642946673347,-348.0502819005586,0.05584119797078118,-83.31443790988922,-346.95886246205527,-82.37642946673347,-348.0502819005586,-81.72694660087244,-348.0405656718996,634.7254112814833,14.073227471541372,11.398479239331918,11.159100284660576,0.05634323330143321,0.08023320939872854,0.025134202427092894,0.05584119797078118,1.4240079011704079,1.3366073401941072,7.29264834687001,29.948032403100402,-35.073393650646054
616.5,-82.10095865487156,-347.60252457342045,0.052905056115775104,-83.24826483143973,-346.500829336121,-82.10095865487156,-347.60252457342045,-81.43538240980571,-347.5992429123926,635.2543686565584,14.12271727690784,11.000042540520708,10.649123025024345,0.05339213829368334,0.07603082679058817,0.0351963018882815,0.052905056115775104,1.4240079011704079,1.3510381538432084,7.3061224655187935,29.973244603513177,-35.0630921417796
617.0,-81.82779613279071,-347.15112400230163,0.04950814566795588,-83.18209175299025,-346.0427962101868,-81.82779613279071,-347.15112400230163,-81.1431730895074,-347.15467077495674,635.7863922105765,14.172207082274308,10.6016058417095,10.038626644549762,0.04998035346758437,0.07117241824112994,0.047001521442493234,0.04950814566795588,1.4240079011704079,1.3645245414519633,7.329688412141622,29.997987141106723,-35.05276129087014
617.5,-81.57164692936755,-346.6871983197871,0.04560596197598977,-83.11591867454077,-345.58476308425253,-81.57164692936755,-346.6871983197871,-80.86778955437204,-346.69621876193213,636.3212368377125,14.221696887640777,10.20316914289829,9.316624162562674,0.046063373407194706,0.06559460768640811,0.05480637273710477,0.04560596197598977,1.4240079011704079,1.3768890051968525,7.355814812862736,30.022264680871068,-35.042404226547866
618.0,-81.32064634170716,-346.21873409758075,0.04112189379096779,-83.05543216530641,-345.13496361843,-81.32064634170716,-346.21873409758075,-80.59548609767624,-346.2331162297276,636.8586508503992,14.284095846396365,9.350199869278855,8.480646148959003,0.04156458336225873,0.05918829511671251,0.06627909138437474,0.04112189379096779,1.4240079011704079,1.38832804161567,7.38785957120689,30.046082024175554,-35.032023911660744
618.5,-81.09302656089531,-345.735850053445,0.036148980309257735,-83.00083635292835,-344.69369337187834,-81.09302656089531,-345.735850053445,-80.34796749296572,-345.75358874521555,637.3983774433048,14.359867351305805,8.026381915514825,7.542393270113902,0.03657701976951315,0.052085965153052936,0.07418898986012444,0.036148980309257735,1.4240079011704079,1.39880251816047,7.426381202394578,30.069443986247553,-35.021623245925035
619.0,-80.87740701138404,-345.2461206608787,0.030917002023358408,-82.94624054055028,-344.25242312532674,-80.87740701138404,-345.2461206608787,-80.11213577389053,-345.26641813067704,637.9401562115459,14.435638856215245,6.702563961750798,6.528880827238868,0.031330456608628966,0.04461481775796427,0.08461392771504246,0.030917002023358408,1.4240079011704079,1.4082556672294801,7.4671924133919205,30.092355386397386,-35.011205073715445
619.5,-80.68860418144303,-344.74293115107434,0.02561697434385764,-82.89164472817222,-343.81115287877515,-80.68860418144303,-344.74293115107434,-79.9057358063953,-344.7637149859503,638.4837247115602,14.511410361124685,5.378746007986769,5.4784560069015384,0.02601590461162632,0.037046853723051526,0.09073438958882851,0.02561697434385764,1.4240079011704079,1.416623457752988,7.517093620074595,30.1148209459683,-35.00077227890006
620.0,-80.52187417991628,-344.2310067021338,0.020449398895013727,-82.83704891579416,-343.3698826322235,-80.52187417991628,-344.2310067021338,-79.72350886485968,-344.25095291549746,639.0288200519008,14.587181866034125,4.05492805422274,4.433151233870637,0.020833860509718298,0.029667581977720996,0.0963437744274265,0.020449398895013727,1.4240079011704079,1.4238561025056127,7.564852617318417,30.136845505836792,-34.990327579134565
620.5,-80.38110194181002,-343.70918678223967,0.015585185117408702,-82.78245310341609,-342.9286123856719,-80.38110194181002,-343.70918678223967,-79.57034311932729,-343.7267011113189,639.5751805001761,14.662953370943566,2.7311101004587117,3.430409426351585,0.0159552293022393,0.02272037259137438,0.09711358660890254,0.015585185117408702,1.4240079011704079,1.4300910553649038,7.621047153619573,30.15843398597881,-34.97987346346078
621.0,-80.27233267601821,-343.1791579319039,0.01106887507932456,-82.71760116276087,-342.47639468012926,-80.27233267601821,-343.1791579319039,-79.45365329137458,-343.1928950531695,640.1225470915051,14.784276748108075,1.9647711857789387,2.49712005628375,0.011424554025120973,0.016268655199120453,0.09193146817264543,0.01106887507932456,1.4240079011704079,1.4353158038659404,7.66991134650726,30.179591317483844,-34.96941233798292
621.5,-80.18280613105424,-342.6440980377772,0.007068186703489902,-82.65120499005494,-342.0225286511071,-80.18280613105424,-342.6440980377772,-79.35870755734443,-342.6532379386821,640.6706652231958,14.912458723293746,1.2823700862759386,1.6477464351959068,0.00740955065787123,0.010551258680931024,0.08436873595205692,0.007068186703489902,1.4240079011704079,1.4395280219355662,7.720732156400375,30.200322262401198,-34.95894682900482
622.0,-80.12822885178153,-342.1041072766015,0.0035906143193197996,-82.584808817349,-341.56866262208496,-80.12822885178153,-342.1041072766015,-79.30423540226182,-342.1078221254928,641.2192795303387,15.040640698479415,0.5999689867729385,0.8862698331905798,0.003917719098698527,0.005578862951112911,0.06935739325926674,0.0035906143193197996,1.4240079011704079,1.4427362478403616,7.761466936084062,30.220631670821238,-34.94847942986191
622.5,-80.08248075773447,-341.56276734240987,0.0005999703839276145,-82.51841264464306,-341.1147965930628,-80.08248075773447,-341.56276734240987,-79.2597268184309,-341.56084293336977,641.7681606930252,15.168822673665085,-0.08243211273006157,0.2100459605382153,0.0009128734686826781,0.0012999390321729704,0.05898580638617647,0.0005999703839276145,1.4240079011704079,1.4449599687440535,7.796118948051075,30.240524394541417,-34.938012573822824
623.0,-80.065424903897,-341.01992253586843,-0.0019512906070794766,-82.45201647193713,-340.66093056404065,-80.065424903897,-341.01992253586843,-79.24873945808324,-341.012103374198,642.3170641818507,15.297004648850756,-0.7648332122330621,-0.3866882793829035,-0.00165252565821647,-0.002353209594187082,0.041397922122925035,-0.0019512906070794766,1.4240079011704079,1.4463047673244138,7.825537656740707,30.260005284168972,-34.9275486352387
623.5,-80.05159464567069,-340.4772024866331,-0.004116424197247788,-82.38044066028839,-340.19874876498716,-80.05159464567069,-340.4772024866331,-79.24147453693405,-340.46350970045296,642.8657798149515,15.418998360343787,-1.3339023754249666,-0.9109760191933203,-0.0038317275372376004,-0.005456410288158571,0.02813301448903808,-0.004116424197247788,1.4240079011704079,1.4468424938327356,7.841093521871052,30.279079171094377,-34.91708993078125
624.0,-80.05143894859718,-339.93479999757324,-0.005957097953007888,-82.29666292430724,-339.71697710690904,-80.05143894859718,-339.93479999757324,-79.25036286986169,-339.9152794058314,643.4140903339576,15.526414081718166,-1.6359900507988292,-1.3708177244263222,-0.005686399688642452,-0.008097478085839799,0.020415649330941917,-0.005957097953007888,1.4240079011704079,1.4466521048193572,7.856071610007358,30.2977509022597,-34.906638721243695
624.5,-80.05386062164533,-339.39299260109783,-0.007519954760201683,-82.21288518832611,-339.2352054488309,-80.05386062164533,-339.39299260109783,-79.26246625391568,-339.3677304693342,643.9617978735741,15.633829803092544,-1.9380777261726918,-1.7752411982966771,-0.00726317667900662,-0.01034282097850207,0.012078073607947345,-0.007519954760201683,1.4240079011704079,1.4458286344748044,7.863224290205959,30.3160253561391,-34.89619721582241
625.0,-80.06144709987777,-338.85200885609135,-0.008854532667244197,-82.12910745234497,-338.7534337907528,-80.06144709987777,-338.85200885609135,-79.2809286171829,-338.8211235346236,644.5087183343637,15.74124552446692,-2.2401654015465544,-2.1338413309197524,-0.0086116017443493,-0.01226298892568627,0.007510899415440085,-0.008854532667244197,1.4240079011704079,1.4444842604149464,7.86915021858706,30.333907380392926,-34.885767564407644
625.5,-80.07026014446458,-338.3119250228005,-0.010005383497089484,-82.04532971636382,-338.2716621326747,-80.07026014446458,-338.3119250228005,-79.3012021714441,-338.27554002315514,645.0546823137709,15.8486612458413,-2.5422530769204172,-2.455592911617699,-0.009776225387869469,-0.013921422195948859,0.0018914241814848506,-0.010005383497089484,1.4240079011704079,1.4426869724634512,7.871339875631243,30.351401852942274,-34.875351815172905
626.0,-80.0801808087232,-337.77287724611614,-0.011006680044820829,-81.9615519803827,-337.7898904745966,-80.0801808087232,-337.77287724611614,-79.3232206394988,-337.73113152649154,645.5995358957933,15.956076967215678,-2.8443407522942796,-2.747406072313505,-0.010791221543827074,-0.01536678474169008,-0.0020340495892280683,-0.011006680044820829,1.4240079011704079,1.4405493699897336,7.871187475802357,30.36851358886713,-34.864952014411756
626.5,-80.08879313699258,-337.23489759017343,-0.011867828279945541,-81.87635501353046,-337.27902406590084,-80.08879313699258,-337.23489759017343,-79.34420552121888,-337.1879268103864,646.1431467611634,16.070912484091487,-3.099651144676992,-3.013026876318189,-0.011665998960941937,-0.016612474695427086,-0.007515080879991063,-0.011867828279945541,1.4240079011704079,1.4382367601688104,7.86914474062349,30.385247388454676,-34.85457015509327
627.0,-80.09647865989025,-336.6981237368984,-0.012598973365427344,-81.79057400005672,-336.75618448839407,-80.09647865989025,-336.6981237368984,-79.36466059983883,-336.64607852790465,646.6853817826064,16.188801419958555,-3.3357115935515536,-3.252563635375568,-0.012410703795877382,-0.017672940264414964,-0.011887367454878332,-0.012598973365427344,1.4240079011704079,1.4359039406244336,7.863100325981213,30.401608043278248,-34.84420816824323
627.5,-80.09857223755138,-336.162503709095,-0.013197216256849447,-81.704792986583,-336.23334491088735,-80.09857223755138,-336.162503709095,-79.37914395486088,-336.1055159420432,647.2261488413185,16.306690355825623,-3.5717720424261152,-3.4627730533278864,-0.01302244045031977,-0.01854405809377648,-0.01790943996184519,-0.013197216256849447,1.4240079011704079,1.4337249550314288,7.856393889608962,30.41760043001421,-34.833867848382134
628.0,-80.09905946642891,-335.62825307481575,-0.01364721807618785,-81.61901197310927,-335.71050533338064,-80.09905946642891,-335.62825307481575,-79.39238237498813,-335.56648300537563,647.7653488112327,16.424579291692687,-3.8078324913006765,-3.6380402975412633,-0.013485870875651753,-0.019203986681091984,-0.024414783204346438,-0.01364721807618785,1.4240079011704079,1.4316577630231913,7.843924320651411,30.433229431443717,-34.82355086891615
628.5,-80.08783899980676,-335.095332436807,-0.013931883611135615,-81.53323095963553,-335.1876657558739,-80.08783899980676,-335.095332436807,-79.39252036849447,-335.0289239554273,648.3029237393882,16.542468227559755,-4.043892940175238,-3.7720097716828294,-0.013783902445663295,-0.01962838599158664,-0.028481310894858773,-0.013931883611135615,1.4240079011704079,1.4296154210349885,7.830334457132293,30.448499948885715,-34.81325879808575
629.0,-80.073887277837,-334.5639612745084,-0.014044236614412248,-81.45127611189892,-334.67221940828836,-80.073887277837,-334.5639612745084,-79.39013659455347,-334.4930881872828,648.8388139767774,16.65718469576227,-4.242895930460318,-3.859371382236052,-0.013909559278335254,-0.019807322314147557,-0.0339406465470729,-0.014044236614412248,1.4240079011704079,1.427722591293885,7.813591770613788,30.463416685981677,-34.80299332653017
629.5,-80.04496528127204,-334.03441272706976,-0.014016917381151425,-81.39970422555457,-334.21548150008914,-80.04496528127204,-334.03441272706976,-79.37084015794862,-333.9592891972458,649.3729831527418,16.746709112915983,-4.1476316539880855,-3.897019772013895,-0.013895483270757172,-0.019787277968139436,-0.03695384545511693,-0.014016917381151425,1.4240079011704079,1.4261189258961169,7.7942906747926735,30.477984470579596,-34.79275599123882
630.0,-80.01070448457082,-333.5067201783753,-0.013809953321899694,-81.34813233921022,-333.7587435918899,-80.01070448457082,-333.5067201783753,-79.3459602366811,-333.42755959012356,649.9054110217725,16.8362335300697,-4.052367377515853,-3.8838675748198295,-0.013701702434448753,-0.019511332526140835,-0.039885425378103925,-0.013809953321899694,1.4240079011704079,1.4249666559779592,7.774445481821182,30.492207939330864,-34.78254877343976
630.5,-79.96104159642525,-332.98147464999624,-0.013426879141024032,-81.29656045286589,-333.30200568369077,-79.96104159642525,-332.98147464999624,-79.30364518015217,-332.8985897785953,650.4360983277163,16.925757947223413,-3.9571031010436197,-3.819297454279327,-0.013331752170482745,-0.018984520427213162,-0.04074270245541414,-0.013426879141024032,1.4240079011704079,1.424220572319147,7.752154795397597,30.5060917320398,-34.77237329286341
631.0,-79.9036036282103,-332.4585639555853,-0.012865818680973123,-81.24498856652154,-332.84526777549155,-79.9036036282103,-332.4585639555853,-79.25284446137955,-332.372245050202,650.9650431767245,17.015282364377132,-3.861838824571387,-3.701150796841983,-0.012783755594497929,-0.018204168973196457,-0.04031150630974995,-0.012865818680973123,1.4240079011704079,1.4234826303454216,7.731516244156428,30.51964049443665,-34.76223094852085
631.5,-79.8326769185875,-331.938548910466,-0.012116513135284,-81.1934166801772,-332.38852986729233,-79.8326769185875,-331.938548910466,-79.1868015678514,-331.8491849903726,651.4922816709964,17.104806781530847,-3.766574548099154,-3.5247766650401697,-0.012047453515839844,-0.017155668995539147,-0.038463210661941645,-0.012116513135284,1.4240079011704079,1.4227802565439318,7.709793159973559,30.53285898352284,-34.752123054015314
632.0,-79.75299534079564,-331.42128890534656,-0.011164675720697596,-81.14184479383286,-331.9317919590931,-79.75299534079564,-331.42128890534656,-79.1110395719401,-331.32924686837345,652.017844235162,17.194331198684562,-3.671310271626921,-3.2841898089893213,-0.011108557652470284,-0.015818673867724682,-0.03497376891749776,-0.011164675720697596,1.4240079011704079,1.4221439536003095,7.691204748450286,30.545751760260195,-34.74205117787791
632.5,-79.66325511654324,-330.90693560421977,-0.010002825086822898,-81.09027290748851,-331.4750540508939,-79.66325511654324,-330.90693560421977,-79.02396618195138,-330.81261521349234,652.5417798486725,17.283855615838277,-3.576045995154688,-2.975243631013088,-0.009959585742340333,-0.014182528789476777,-0.031146117487389113,-0.010002825086822898,1.4240079011704079,1.421607353451846,7.673232309050693,30.558323409368448,-34.732016529901884
633.0,-79.56552592668645,-330.3954295173707,-0.008644280629997596,-81.01988490575042,-331.0164486559453,-79.56552592668645,-330.3954295173707,-78.92794544217983,-330.2992297629461,653.0641482217784,17.37190360882287,-2.9922196481024415,-2.5995153033998135,-0.008613854995028097,-0.012266197572456195,-0.026097996458667196,-0.008644280629997596,1.4240079011704079,1.421190916898548,7.658731618397739,30.570578503717552,-34.722020272122656
633.5,-79.46142595229077,-329.8864088049374,-0.0071266677408353424,-80.94828021332101,-330.55772250526695,-79.46142595229077,-329.8864088049374,-78.82479871401912,-329.78867812062083,653.5850240675531,17.45985613302948,-2.3768018215673368,-2.1671511302226967,-0.007108989568903031,-0.010123257315455927,-0.021574300193179276,-0.0071266677408353424,1.4240079011704079,1.42074573118383,7.646087883813589,30.582521697941605,-34.712063586550144
634.0,-79.35131305549456,-329.37992105537296,-0.005517541622330016,-80.8766755208916,-330.0989963545886,-79.35131305549456,-329.37992105537296,-78.7148555146526,-329.28103269004646,654.1044729673641,17.54780865723609,-1.761383995032232,-1.6974527805808517,-0.005512542130412697,-0.007849903549242433,-0.016673845370323286,-0.005517541622330016,1.4240079011704079,1.4203015452543306,7.636347850660582,30.594157566343853,-34.70214754190065
634.5,-79.23783753003754,-328.87531956490164,-0.003905195979240814,-80.80507082846219,-329.6402702039103,-79.23783753003754,-328.87531956490164,-78.6011372277259,-328.7755512132803,654.6225915864431,17.635761181442696,-1.1459661684971274,-1.2169606396804826,-0.0039128041804456235,-0.00557186406868717,-0.012669961380658665,-0.003905195979240814,1.4240079011704079,1.4198610906435698,7.628827662912944,30.605490626667372,-34.692273145445775
635.0,-79.12061845275025,-328.3726855992329,-0.0023852495561610164,-80.73346613603277,-329.18154405323196,-79.12061845275025,-328.3726855992329,-78.483099166718,-328.2723486814874,655.1394636745027,17.723713705649306,-0.5305483419620232,-0.7556058476095351,-0.002405391975976756,-0.0034252971792028,-0.008987596346919776,-0.0023852495561610164,1.4240079011704079,1.419418060712072,7.623260579465626,30.616525336882386,-34.68244134348571
635.5,-79.00201012152426,-327.8713888853991,-0.0010450151008736884,-80.66186144360337,-328.72281790255363,-79.00201012152426,-327.8713888853991,-78.36342020778713,-327.7707023014787,655.6551895364718,17.811666229855916,0.08486948457308152,-0.3418791280927909,-0.0010776146600714415,-0.001534531790358796,-0.006130983655593473,-0.0010450151008736884,1.4240079011704079,1.4189673109206273,7.6195633723641345,30.62726615408736,-34.67265301948758
636.0,-78.88152457717761,-327.3714914548727,5.082088045685646e-05,-80.59025675117395,-328.2640917518753,-78.88152457717761,-327.3714914548727,-78.24144614126965,-327.27070169459836,656.1698551819309,17.899618754062523,0.7002873111081862,0.001872143293018838,5.8432103986693255e-06,8.320777775906209e-06,-0.0038769550982994433,5.082088045685646e-05,1.4240079011704079,1.4184748597633257,7.616952081874156,30.63771755354225,-34.66290900509547
636.5,-78.76071325265579,-326.87252219608683,0.000868882483547602,-80.51315184569349,-327.7927219022402,-78.76071325265579,-326.87252219608683,-78.11893656978766,-326.77180616198683,656.6835725746823,17.993277254204685,0.8316679184046745,0.2627656542864102,0.0008116112432840231,0.001155740823115187,-0.0021853239841779647,0.000868882483547602,1.4240079011704079,1.4179003732872564,7.6155817554504734,30.647883930176622,-34.65321013365001
637.0,-78.63923164446616,-326.3744890738502,0.0014085916165444655,-80.43411435546739,-327.31690949383415,-78.63923164446616,-326.3744890738502,-77.99543712028253,-326.27403502138856,657.1964357251256,18.088940637057664,0.7929745781054862,0.4381707859739077,0.0013391127699511043,0.0019069071649685633,-0.0010721120032870395,0.0014085916165444655,1.4240079011704079,1.4172284096265066,7.614710801586079,30.65776960913064,-34.64355715077644
637.5,-78.51788640655442,-325.8771017700608,0.001695360777395496,-80.35507686524129,-326.8410970854281,-78.51788640655442,-325.8771017700608,-77.87186440753013,-325.77705303645183,657.7085503070447,18.184604019910648,0.7542812378062981,0.5336389799935376,0.00161376335141878,0.0022980117630395803,-0.00027339186948404623,0.001695360777395496,1.4240079011704079,1.4164435277331442,7.614484181221641,30.667378876794984,-34.63395075449753
638.0,-78.39647530552668,-325.3803362447154,0.0017660236036199574,-80.27603937501519,-326.3652846770221,-78.39647530552668,-325.3803362447154,-77.74796348931558,-325.2808349610899,658.2200030032509,18.280267402763627,0.7155878975071098,0.5588622748783469,0.0016723982547906116,0.002381508328725432,0.00017131656618214996,0.0017660236036199574,1.4240079011704079,1.4155379708355194,7.614431242986054,30.67671602371269,-34.62439158848766
638.5,-78.27533455027687,-324.88401449070125,0.001655942609551011,-80.1970018847891,-325.88947226861603,-78.27533455027687,-324.88401449070125,-77.62412620350118,-324.7851716637582,658.7309019968126,18.37593078561661,0.6768945572079216,0.5235245160551611,0.0015503806208646417,0.002207754253932732,0.0004737434794535218,0.001655942609551011,1.4240079011704079,1.4145072794856763,7.614659575621758,30.685785321904035,-34.614880244408056
639.0,-78.15436777789658,-324.38808528752486,0.0013921771469669016,-80.117964394563,-325.41365986021,-78.15436777789658,-324.38808528752486,-77.5002467325486,-324.290000950267,659.2413333453773,18.47159416846959,0.6382012169087334,0.43495179734460787,0.001274771581515185,0.0018152848042651201,0.0005861804139564053,0.0013921771469669016,1.4240079011704079,1.413388114774371,7.614915092061483,30.694590939686506,-34.6054172768553
639.5,-78.03366155297805,-323.89244427844585,0.0009946456814267513,-80.0389269043369,-324.9378474518039,-78.03366155297805,-323.89244427844585,-77.37644406299691,-323.7951963192685,659.751390914686,18.56725755132257,0.5995078766095452,0.2983715481602016,0.0008654896613101074,0.001232464116086893,0.0006348807117533708,0.0009946456814267513,1.4240079011704079,1.4121806530314445,7.6152578468218755,30.70313699858561,-34.596003193394026
640.0,-77.91318169994133,-323.397036494519,0.00048331240042216326,-79.95852918511325,-324.45033936432384,-77.91318169994133,-323.397036494519,-77.25270340377307,-323.30068790907177,660.2611460699875,18.66222423664294,0.4029070213844784,0.11928584553106283,0.0003425012071411424,0.0004877244251293893,0.0006502820361023278,0.00048331240042216326,1.4240079011704079,1.4108791881013132,7.615562589592311,30.711427576733183,-34.58663845349166
640.5,-77.79289148652686,-322.90179102676643,-0.0001133660948285338,-79.8768794943588,-323.9520664297038,-77.79289148652686,-322.90179102676643,-77.12901388198128,-322.80638594947493,660.7706885362246,18.756549672969225,0.06096614360462427,-0.09348837006158195,-0.0002657367902485248,-0.00037841128894556273,0.0006505936190488497,-0.0001133660948285338,1.4240079011704079,1.4094790238163537,7.615920782049944,30.71946677401302,-34.5773234294288
641.0,-77.67284844911491,-322.4066347996951,-0.0007522375908865188,-79.79522980360437,-323.45379349508374,-77.67284844911491,-322.4066347996951,-77.00548058656587,-322.3121973184435,661.2800831586275,18.85087510929551,-0.2809747341752299,-0.32553040753048595,-0.0009160697231510567,-0.0013044905237900928,0.0007579278323956555,-0.0007522375908865188,1.4240079011704079,1.4079764519368845,7.616225586297282,30.727258614974776,-34.568058444340025
641.5,-77.5529151761591,-321.9115432865598,-0.001374634122231912,-79.71358011284993,-322.9555205604637,-77.5529151761591,-321.9115432865598,-76.88198163205111,-321.8180856811379,661.7893947639046,18.9452005456218,-0.622915611955084,-0.5562651960747926,-0.001549827898767693,-0.002206967173299526,0.000910630869395988,-0.001374634122231912,1.4240079011704079,1.4063941932794146,7.616693030005758,30.734807050077247,-34.5588438146858
642.0,-77.43336425773812,-321.4163957627333,-0.0019114353220114828,-79.63193042209548,-322.45724762584365,-77.43336425773812,-321.4163957627333,-76.75887631594622,-321.3239018279304,662.2986811442166,19.039525981948085,-0.9648564897349381,-0.7604920138413207,-0.0020978884610764023,-0.0029874097443470245,0.0013743304916635838,-0.0019114353220114828,1.4240079011704079,1.4047952423651913,7.617153278493013,30.742115985419865,-34.54967980784593
642.5,-77.31389231970236,-320.9212171418789,-0.0022933686815768094,-79.55028073134103,-321.95897469122366,-77.31389231970236,-320.9212171418789,-76.63584103901383,-320.82966890993475,662.8079982991223,19.133851418274375,-1.3067973675147924,-0.9119561654999151,-0.0024909738563259213,-0.0035471664530170323,0.0019719929556032923,-0.0022933686815768094,1.4240079011704079,1.4032323556133912,7.618093084268234,30.749189275873388,-34.540566635543854
643.0,-77.19525902597567,-320.4257905245076,-0.002464548328726145,-79.4686310405866,-321.4607017566036,-77.19525902597567,-320.4257905245076,-76.51379347174739,-320.335127355142,663.3173774141138,19.22817685460066,-1.6487382452946466,-0.9883414872996867,-0.0026731960457722233,-0.003806652290557137,0.0030542765337399328,-0.002464548328726145,1.4240079011704079,1.4017156012033976,7.619162302554443,30.756030744796494,-34.53150438905105
643.5,-77.0768169297926,-319.93023470931905,-0.002395903234789487,-79.38404239869436,-320.95638300326095,-77.0768169297926,-319.93023470931905,-76.39198325136842,-319.840414871539,663.8268663124776,19.32261479426433,-1.7383657282972516,-0.976522665072943,-0.002615474773231386,-0.0037244567423933743,0.00437335177243018,-0.002395903234789487,1.4240079011704079,1.400256343092628,7.621204979852794,30.762644177503645,-34.522493193759935
644.0,-76.96016445839263,-319.4341405982007,-0.0020942151061470213,-79.29373928367193,-320.4403088082588,-76.96016445839263,-319.4341405982007,-76.27228795622248,-319.34505080122466,664.3364867947437,19.417271484519073,-1.337397060752287,-0.8764411944634446,-0.0023245900603793353,-0.003310234612962369,0.006249906554446606,-0.0020942151061470213,1.4240079011704079,1.3988683204052883,7.623619186173214,30.769033304168275,-34.513533126140224
644.5,-76.84406466971637,-318.93779657976313,-0.0016035574372625205,-79.20343616864949,-319.92423461325666,-76.84406466971637,-318.93779657976313,-76.15323561943974,-318.84937769299466,664.8462600595856,19.511928174773818,-0.9364283932073221,-0.7022701175228205,-0.0018446068275008434,-0.0026267346969140806,0.00839151513848755,-0.0016035574372625205,1.4240079011704079,1.3975431109681478,7.627575475403745,30.775201806547404,-34.504624214972836
645.0,-76.73128236134605,-318.4405375289201,-0.0009981127713672286,-79.11313305362704,-319.4081604182545,-76.73128236134605,-318.4405375289201,-76.03805099643351,-318.3526184677171,665.3562002227089,19.60658486502856,-0.5354597256623572,-0.48041058473364096,-0.0012497083180191576,-0.0017795945190176613,0.010765425380559053,-0.0009981127713672286,1.4240079011704079,1.3962827295618179,7.632175134343674,30.781153309960303,-34.49576643067987
645.5,-76.61969301105205,-317.9428754260359,-0.0003689229273753566,-79.0228299386046,-318.89208622325236,-76.61969301105205,-317.9428754260359,-75.92419986826968,-317.8553821708825,665.8663145938503,19.701241555283303,-0.1344910581173926,-0.24489080235513766,-0.0006309359625669099,-0.0008984577958278363,0.013231066621148119,-0.0003689229273753566,1.4240079011704079,1.3950984597753293,7.638554784479397,30.78689139917111,-34.48695974091546
646.0,-76.51320230447271,-317.4439302471386,0.00019228626992652108,-78.93252682358215,-318.3760120282502,-76.51320230447271,-317.4439302471386,-75.81624090523556,-317.35664044274057,666.3766107049715,19.795898245538048,0.26647760942757204,-0.03135732409854795,-8.001816156616768e-05,-0.00011394649430735303,0.015145738056261387,0.00019228626992652108,1.4240079011704079,1.394002936692575,7.645673126367013,30.79241960910448,-34.47820404655597
646.5,-76.40865166607112,-316.9444527130383,0.0006087876122327764,-78.84222370855971,-317.85993783324807,-76.40865166607112,-316.9444527130383,-75.71042582177371,-316.85728262601094,666.887076885941,19.89055493579279,0.6674462769725369,0.1290988655930669,0.0003263086799307195,0.0004646661384418303,0.01672740781396426,0.0006087876122327764,1.4240079011704079,1.3930124560227537,7.654010979011616,30.797741422676122,-34.4694992033784
647.0,-76.31044446950837,-316.44354367551006,0.0008311400118620348,-78.75284016141573,-317.35275254686405,-76.31044446950837,-316.44354367551006,-75.61191122860141,-316.3562553538458,667.3977025287103,19.98350528451988,0.9673108650437655,0.21508543805125935,0.000538601636852889,0.0007669729864618287,0.016855185925566143,0.0008311400118620348,1.4240079011704079,1.3921269138020902,7.662747273409517,30.80286027029406,-34.46084502239848
647.5,-76.21459288238202,-315.9420837801293,0.0008436993144360312,-78.66869022963726,-316.8961574668331,-76.21459288238202,-315.9420837801293,-75.51599316653791,-315.85459693596545,667.9084718842015,20.066744185677777,0.691753152873397,0.21792927688358898,0.0005412049365506145,0.0007706801058005044,0.01615661515086901,0.0008436993144360312,1.4240079011704079,1.3912267304196002,7.671220692535774,30.80777948980033,-34.452241213516665
648.0,-76.12485327561438,-315.43938911575015,0.0006616853592768667,-78.58454029785878,-316.4395623868021,-76.12485327561438,-315.43938911575015,-75.42709097981809,-315.3515026908631,668.4193645810434,20.149983086835675,0.4161954407030284,0.1418386126966486,0.0003493374155499106,0.0004974592399175228,0.013652948681640431,0.0006616853592768667,1.4240079011704079,1.390296894131688,7.679246039317426,30.81250241054362,-34.44368746605955
648.5,-76.0370346708899,-314.9362931603363,0.00032529989366584806,-78.50039036608031,-315.9829673067711,-76.0370346708899,-314.9362931603363,-75.340285829779,-314.84795098769786,668.9303561692858,20.233221987993574,0.14063772853265988,0.0013072477282598666,3.1932123699734514e-06,4.5471596449572785e-06,0.010265805398660864,0.00032529989366584806,1.4240079011704079,1.3893212663858523,7.685165985895306,30.81703235064635,-34.435183489757165
649.0,-75.9532349716247,-314.43246292601447,-0.0001119423761619877,-78.41624043430184,-315.52637222674014,-75.9532349716247,-314.43246292601447,-75.25806689367339,-314.34354626463465,669.4414186819904,20.316460889151475,-0.13491998363770863,-0.18314676876217473,-0.0004437140165668338,-0.0006318522654512286,0.005918336940625569,-0.0001119423761619877,1.4240079011704079,1.388282435715238,7.68973231366315,30.821372534448553,-34.426728927712595
649.5,-75.87000335309914,-313.928516926999,-0.0005943475178179971,-78.33209050252337,-315.06977714670916,-75.87000335309914,-313.928516926999,-75.17640164058565,-313.83901134772145,669.9525212078187,20.399699790309374,-0.41047769580807736,-0.38938694228850296,-0.0009356939713177549,-0.001332435608234,0.0013302523390773088,-0.0005943475178179971,1.4240079011704079,1.3871615859262942,7.691212057051441,30.82552613189193,-34.418323381091156
650.0,-75.78769284320595,-313.42442697326703,-0.001072345470105445,-78.2479405707449,-314.6131820666782,-75.78769284320595,-313.42442697326703,-75.0957355405077,-313.3343078128077,670.4636304680289,20.48293869146727,-0.6860354079784459,-0.5970950783465647,-0.0014231771467381501,-0.0020266155017202828,-0.0026715896246367592,-0.001072345470105445,1.4240079011704079,1.3859383808376753,7.691091233155146,30.829496195896205,-34.409966346242
650.5,-75.70434618945559,-312.9205421059063,-0.0015073883739173551,-78.16379063896643,-314.1565869866472,-75.70434618945559,-312.9205421059063,-75.01379598945381,-312.8298411089105,670.9747113916292,20.56617759262517,-0.9615931201488144,-0.7899411812570056,-0.0018676160248666082,-0.002659499975762519,-0.005926059247349498,-0.0015073883739173551,1.4240079011704079,1.3845978835406194,7.688482794505826,30.83328575857702,-34.40165731581337
651.0,-75.61942277947207,-312.4169821264851,-0.001874269795987457,-78.07964070718796,-313.6999919066162,-75.61942277947207,-312.4169821264851,-74.92997458198121,-312.32574744414404,671.4857276828121,20.649416493783068,-1.237150832319183,-0.9567541055977763,-0.0022438032182025306,-0.0031951935113919924,-0.007486122283855148,-0.001874269795987457,1.4240079011704079,1.383270013674078,7.685038043990296,30.836897910874097,-34.393395821606056
651.5,-75.5326337201672,-311.913841091157,-0.002162759664546229,-77.98848521564123,-313.23217646768813,-75.5326337201672,-311.913841091157,-74.84395504437236,-311.82213345824283,671.9966423751943,20.728230946573248,-1.3108505942618094,-1.091983281699569,-0.002541508179962645,-0.0036191277291560296,-0.007683234337483383,-0.002162759664546229,1.4240079011704079,1.381954632877378,7.680837274889273,30.840335614420077,-34.385181319318775
652.0,-75.44352106350425,-311.41122941418837,-0.002373689596188517,-77.89534015414607,-312.76117446128916,-75.44352106350425,-311.41122941418837,-74.75521752159268,-311.31912585790985,672.5074183678254,20.805788861727315,-1.3272229584070274,-1.1954266259282873,-0.002761560428209787,-0.003932483869330272,-0.00620433188069365,-0.002373689596188517,1.4240079011704079,1.3806463224029613,7.677193205286582,30.843601767495677,-34.377013225335105
652.5,-75.35311744704556,-310.9090120047897,-0.0025179050896433682,-77.80219509265089,-312.29017245489024,-75.35311744704556,-310.9090120047897,-74.66499111996846,-310.8165633431063,673.0180189383789,20.88334677688138,-1.3435953225522457,-1.271186648218871,-0.0029148024257735898,-0.004150701684652263,-0.003480107730256428,-0.0025179050896433682,1.4240079011704079,1.3793406334701128,7.674504343413914,30.846699149079928,-34.36889085336707
653.0,-75.26136587338996,-310.40722991364925,-0.0026122881088183683,-77.70905003115573,-311.81917044849126,-75.26136587338996,-310.40722991364925,-74.57321898370645,-310.31449253344414,673.5284082293957,20.960904692035445,-1.3599676866974637,-1.3260370939606305,-0.0030181139066591017,-0.004297818049714848,9.562374412352464e-05,-0.0026122881088183683,1.4240079011704079,1.3780339518803721,7.673642710513311,30.84963053518517,-34.36081354351372
653.5,-75.1701703174418,-309.9055706171516,-0.002675280142600253,-77.61590496966056,-311.34816844209234,-75.1701703174418,-309.9055706171516,-74.48214821575603,-309.81254461173603,674.0385517039373,21.03846260718951,-1.376340050842682,-1.3676566002591746,-0.0030899330162015176,-0.004400089029158271,0.004279770912075063,-0.002675280142600253,1.4240079011704079,1.3767233711645173,7.674602662852079,30.852398673263117,-34.35278062375871
654.0,-75.07946563074213,-309.4040741179822,-0.002723612743334411,-77.52275990816538,-310.87716643569337,-75.07946563074213,-309.4040741179822,-74.39170732504068,-309.31076584222285,674.5484165674712,21.116020522343575,-1.3927124149879,-1.4031994166656396,-0.003146989143261131,-0.0044813374049013435,0.008417537308352582,-0.002723612743334411,1.4240079011704079,1.3754065714444261,7.678007364177436,30.85500627442271,-34.34479140140275
654.5,-74.99178095745896,-308.90233215296246,-0.002770505209016106,-77.42961484667022,-310.40616442929445,-74.99178095745896,-308.90233215296246,-74.3048759458984,-308.8086752901487,675.0579721533,21.19357843749764,-1.4090847791331182,-1.4384591005427485,-0.0032024985011589557,-0.004560383169136741,0.012077695055548255,-0.002770505209016106,1.4240079011704079,1.374114090266203,7.683181101604667,30.857455943929214,-34.33684512938116
655.0,-74.90636788134802,-308.4004986941743,-0.0028249631684288973,-77.33646978517505,-309.93516242289553,-74.90636788134802,-308.4004986941743,-74.22077758076637,-308.3064534974716,675.5671902693202,21.271136352651705,-1.4254571432783365,-1.4774960941785564,-0.003265464437393968,-0.004650047159839991,0.014930698081443056,-0.0028249631684288973,1.4240079011704079,1.372864812888667,7.69030899610244,30.85975017432959,-34.32894102855908
655.5,-74.82594911465068,-307.89820351365466,-0.002892454914613474,-77.24119112790537,-309.4597165358333,-74.82594911465068,-307.89820351365466,-74.14261982067757,-307.8036642184854,676.0760455043687,21.346630845565183,-1.4635303122625927,-1.5225830925013766,-0.003341352722269598,-0.004758112677109159,0.01567395166770815,-0.002892454914613474,1.4240079011704079,1.3716569656017417,7.698377480005638,30.86189145825242,-34.32107829023792
656.0,-74.74874988168231,-307.3957451520607,-0.0029744536616462865,-77.14230454017543,-308.97675600490174,-74.74874988168231,-307.3957451520607,-74.06831982188264,-307.30065784849654,676.5845154928854,21.418636072122254,-1.5382997457061585,-1.5742897156164954,-0.0034316345752702523,-0.004886674749114396,0.01495394437323855,-0.0029744536616462865,1.4240079011704079,1.370489545319607,7.706250535352354,30.863882228254543,-34.31325607644631
656.5,-74.67635625053911,-306.89297836618965,-0.003067509665550819,-77.0434179524455,-308.4937954739702,-74.67635625053911,-306.89297836618965,-73.9997494797481,-306.79726252069685,677.0925811370685,21.490641298679325,-1.6130691791497243,-1.631642289039546,-0.0035328581656712014,-0.005030817941630184,0.010816285493982222,-0.003067509665550819,1.4240079011704079,1.3693621489924346,7.713575016852723,30.86572486815951,-34.305473517506
657.0,-74.60663152406681,-306.39021405362837,-0.003166446932759107,-76.94453136471556,-308.0108349430386,-74.60663152406681,-306.39021405362837,-73.93440160346177,-306.29384286606194,677.6002267861485,21.562646525236396,-1.6878386125932898,-1.6923382354503544,-0.003639846253303526,-0.005183169823749727,0.005103818183407664,-0.003166446932759107,1.4240079011704079,1.3682748072180924,7.717232008358046,30.86742169621607,-34.29772971870559
657.5,-74.53802017227895,-305.88769089596235,-0.003263941203539545,-76.84564477698564,-307.5278744121071,-74.53802017227895,-305.88769089596235,-73.8704530336986,-305.7906784800126,678.10744037283,21.634651751793466,-1.7626080460368556,-1.753005510134377,-0.0037452728599738226,-0.005333298144641814,-0.0026307716617357106,-0.003263941203539545,1.4240079011704079,1.3672278223864534,7.718752601050008,30.868974935015768,-34.29002373045942
658.0,-74.46992973115725,-305.385492739649,-0.003351286192094575,-76.7467581892557,-307.04491388117555,-74.46992973115725,-305.385492739649,-73.80721350610304,-305.28786679448626,678.6142135073593,21.706656978350537,-1.8373774794804214,-1.809529596789426,-0.0038404295633991527,-0.005468802042168814,-0.010760090509735287,-0.003351286192094575,1.4240079011704079,1.366214511275162,7.714560096749313,30.870386777350262,-34.28235460668647
658.5,-74.39721420020345,-304.8843133374877,-0.003419396657344322,-76.64787160152576,-306.561953350244,-74.39721420020345,-304.8843133374877,-73.73863500462056,-304.78622287777915,679.120541530069,21.778662204907608,-1.9121469129239872,-1.8575065736369774,-0.00391622794073628,-0.005576739530392779,-0.01722875830568501,-0.003419396657344322,1.4240079011704079,1.36520197284223,7.707848694695604,30.87165936247078,-34.27472138283304
659.0,-74.32249852416625,-304.38380034783853,-0.003460161681024871,-76.54898501379583,-306.0789928193124,-74.32249852416625,-304.38380034783853,-73.66781061061934,-304.2853313071087,679.6264235236104,21.850667431464682,-1.9869163463675528,-1.8928834458177048,-0.003964555107570553,-0.0056455577978059635,-0.02252438911334018,-0.003460161681024871,1.4240079011704079,1.3641922328800427,7.697112595266571,30.872794764800876,-34.26712306955346
659.5,-74.23915842610364,-303.88502647896155,-0.003467934370093682,-76.45009842606589,-305.59603228838085,-74.23915842610364,-303.88502647896155,-73.58695029079014,-303.78645350160707,680.1318622864288,21.922672658021753,-2.0616857798111186,-1.9126871280075375,-0.0039797604962763895,-0.005667210391463442,-0.024265634652126233,-0.003467934370093682,1.4240079011704079,1.3631917035819878,7.685060256512943,30.873794935899,-34.25955862800178
660.0,-74.1525240095905,-303.3871548993042,-0.003437801452221379,-76.34196297056273,-305.09866067594743,-74.1525240095905,-303.3871548993042,-73.50232595827495,-303.2886047494922,680.6368642693458,22.002541771161344,-2.0128199579539894,-1.9155956805699912,-0.003956927934653182,-0.005634696643308034,-0.024531570302762443,-0.003437801452221379,1.4240079011704079,1.3622041217620888,7.672577221414688,30.87466181618293,-34.25202702717137
660.5,-74.05689309106393,-302.8913261051822,-0.003374238083614166,-76.2335903679225,-304.6009195537747,-74.05689309106393,-302.8913261051822,-73.4072281615867,-302.7931270440218,681.1414340072664,22.082612519596736,-1.9607840457080092,-1.9020597055151247,-0.0039005265757250268,-0.005554380662557593,-0.022412701102689437,-0.003374238083614166,1.4240079011704079,1.3612306653273976,7.66027715104923,30.87539730375821,-34.24452722010657
661.0,-73.95817887570914,-302.3964275464107,-0.003281643964274862,-76.12521776528229,-304.1031784316019,-73.95817887570914,-302.3964275464107,-73.30861054170269,-302.2987121595979,681.6455968774958,22.162683268032133,-1.908748133462029,-1.8738459063107906,-0.003814953023230523,-0.005432523247674199,-0.019587577302463164,-0.003281643964274862,1.4240079011704079,1.360270115409495,7.6499495069103265,30.876003255350295,-34.23705814477561
661.5,-73.85247114909062,-301.9033571678002,-0.0031651324235825815,-76.01684516264206,-303.60543730942913,-73.85247114909062,-301.9033571678002,-73.20186798759796,-301.8064175380132,682.1493574468083,22.242754016467526,-1.8567122212160492,-1.8331662501330455,-0.0037053115909195804,-0.005276392981767777,-0.016187191442379234,-0.0031651324235825815,1.4240079011704079,1.3593292515182103,7.640516103702509,30.876481473703215,-34.229618722489064
662.0,-73.7445867049469,-301.41107884628383,-0.0030287581310054347,-75.90847256000183,-303.10769618725635,-73.7445867049469,-301.41107884628383,-73.09266095650165,-301.3150255788094,682.6527419911572,22.32282476490292,-1.804676308970069,-1.781778644177212,-0.0035756536855508464,-0.005091759100073494,-0.012765938150823263,-0.0030287581310054347,1.4240079011704079,1.3584238856019402,7.633630553409297,30.87683369866581,-34.222207848657
662.5,-73.63224352263619,-300.9201458311964,-0.002874505125777389,-75.8000999573616,-302.60995506508357,-73.63224352263619,-300.9201458311964,-72.97829708026788,-300.8251888279255,683.1557620514163,22.402895513338315,-1.7526403967240891,-1.720454500579556,-0.0034279532070828913,-0.0048814324517284765,-0.009820346105670754,-0.002874505125777389,1.4240079011704079,1.3575517424718428,7.62765427547579,30.87706152842571,-34.214824359344874
663.0,-73.51862405917757,-300.4297959620336,-0.002702404624795653,-75.69172735472138,-302.11221394291084,-73.51862405917757,-300.4297959620336,-72.86251165984075,-300.33601254710885,683.6584557235074,22.482966261773708,-1.700604484478109,-1.6490084867562944,-0.003262238232627173,-0.0046454530187612815,-0.007126827928385307,-0.002702404624795653,1.4240079011704079,1.3567089733070148,7.623743232668815,30.877166569207645,-34.207467137332
663.5,-73.40257219944114,-299.9402978287983,-0.002511600050885148,-75.58335475208115,-301.61447282073806,-73.40257219944114,-299.9402978287983,-72.7439346797593,-299.8478149156696,684.1608501965414,22.563037010209104,-1.648568572232129,-1.5668009743465778,-0.0030776464030892294,-0.004382592795007748,-0.0051515429991003964,-0.002511600050885148,1.4240079011704079,1.355890279330734,7.620482309092798,30.877150411070495,-34.200135032257116
664.0,-73.2858762422517,-299.4511960967431,-0.002302499772778008,-75.47277606586026,-301.1069017542664,-73.2858762422517,-299.4511960967431,-72.62465900106899,-299.3600627094194,684.6629748531332,22.639946696951895,-1.5513196520182109,-1.4734177255359278,-0.0028745845705947016,-0.004093431141109399,-0.003431163562527321,-0.002302499772778008,1.4240079011704079,1.3550889869421117,7.618562076050828,30.877014591148974,-34.19282687629737
664.5,-73.16805232878838,-298.9625913424276,-0.0020758176453879104,-75.36039843366163,-300.59131488145243,-73.16805232878838,-298.9625913424276,-72.50410322851286,-298.87287698810024,685.1648555105198,22.71427870292725,-1.417201884432527,-1.3691805704576152,-0.0026537672311425756,-0.0037789855050141437,-0.0023320544358291493,-0.0020758176453879104,1.4240079011704079,1.3542970707991873,7.61703274936648,30.876760593749708,-34.18554148404454
665.0,-73.04995435417781,-298.4742342807757,-0.001833497963225791,-75.248020801463,-300.0757280086384,-73.04995435417781,-298.4742342807757,-72.38325871591915,-298.38596746586,685.6665370135598,22.7886107089026,-1.2830841168468432,-1.2552705453467863,-0.0024171390755435623,-0.0034420251418017683,-0.001417290666656642,-0.001833497963225791,1.4240079011704079,1.353511231484683,7.616218588286752,30.876389809630503,-34.17827765578545
665.5,-72.93141423701194,-297.98614841208,-0.0015792562754366863,-75.13564316926437,-299.5601411358244,-72.93141423701194,-297.98614841208,-72.26191352780175,-297.89936501357835,686.1680414418953,22.862942714877953,-1.1489663492611593,-1.133463489876201,-0.002168419375635263,-0.003087846323955617,-0.0008811821617327725,-0.0015792562754366863,1.4240079011704079,1.3527568390865117,7.6156088867868075,30.87590346744315,-34.17103413956879
666.0,-72.81278760079186,-297.4982100290076,-0.0013169820971111299,-75.02326553706575,-299.0445542630104,-72.81278760079186,-297.4982100290076,-72.14047113703893,-297.4129274904686,686.669409295584,22.937274720853303,-1.0148485816754755,-1.0056747965974826,-0.0019114983785899328,-0.002721988794186488,-0.0004464636656001053,-0.0013169820971111299,1.4240079011704079,1.35204904666626,7.615333618152004,30.87530289464283,-34.16380969235903
666.5,-72.69402988476565,-297.0103993639982,-0.0010499619963488483,-74.91088790486712,-298.5289673901964,-72.69402988476565,-297.0103993639982,-72.01886369558977,-296.92663516136344,687.1706762999958,23.011606726828656,-0.8807308140897918,-0.8735546134236409,-0.001649666575877071,-0.0023491382383456815,-0.00020246168218819116,-0.0010499619963488483,1.4240079011704079,1.3513957316819873,7.615160576063093,30.874589366552208,-34.156603054099136
667.0,-72.57527105147815,-296.5226525860376,-0.0007805863895936937,-74.7985102726685,-298.0133805173824,-72.57527105147815,-296.5226525860376,-71.89722835699254,-296.4404165254263,687.6718785727361,23.085938732804006,-0.746613046504108,-0.7383179442139135,-0.0013853143922593204,-0.001972698640182354,-6.055042859669724e-06,-0.0007805863895936937,1.4240079011704079,1.3507829314869724,7.615130359382528,30.87376410707523,-34.149412948072225
667.5,-72.45650589049151,-296.03493958337015,-0.0005106695976799654,-74.68613264046988,-297.4977936445684,-72.45650589049151,-296.03493958337015,-71.77554307578782,-295.9542397859221,688.173052325649,23.16027073877936,-0.6124952789184241,-0.600905386169627,-0.001120260009463605,-0.0015952591048414093,0.00010820715135852682,-0.0005106695976799654,1.4240079011704079,1.3501977666086689,7.615154500603014,30.872828277346034,-34.142238072275305
668.0,-72.33777817265128,-295.54721814918406,-0.0002425467489650102,-74.57036381941188,-296.9711477564955,-72.33777817265128,-295.54721814918406,-71.65384336467409,-295.4680589307233,688.6742335739826,23.231497878152226,-0.47572561903355026,-0.4624368786911508,-0.0008568366537514183,-0.0012201421649544327,0.0002024376157427953,-0.0002425467489650102,1.4240079011704079,1.3496279711651153,7.615238988598017,30.871782855064332,-34.13507700985438
668.5,-72.2190886580798,-295.0594572812321,1.976526216353842e-05,-74.43933129305519,-296.39472535735064,-72.2190886580798,-295.0594572812321,-71.53211426832945,-294.98184107174006,689.1754578544985,23.288750045685536,-0.3270198198720187,-0.3249137222468015,-0.0005990674100504429,-0.0008530767252455234,0.0002788273927572828,1.976526216353842e-05,1.4240079011704079,1.3490615098782954,7.615357731570402,30.870628863286324,-34.12792839342964
669.0,-72.10045597862906,-294.57162217736385,0.00027078673735975514,-74.3082987666985,-295.8183029582058,-72.10045597862906,-294.57162217736385,-71.41036222457873,-294.4955487369078,689.6767599541093,23.34600221321885,-0.1783140207104872,-0.19208576249357168,-0.0003524277775473696,-0.0005018599398193812,0.0003483171085725643,0.00027078673735975514,1.4240079011704079,1.3484862600625847,7.615518932154465,30.869367331235193,-34.120790883947215
669.5,-71.98189061611824,-294.0836868282447,0.000499091655828659,-74.17726624034181,-295.24188055906086,-71.98189061611824,-294.0836868282447,-71.2885848435597,-294.0091546005545,690.1781669608496,23.403254380752163,-0.02960822154895565,-0.0702995593769873,-0.00012835124822538994,-0.00018277319159803958,0.0003955089444105544,0.000499091655828659,1.4240079011704079,1.3479167880438458,7.615707491824214,30.867999230215084,-34.113663130686
670.0,-71.86339459973925,-293.59561214383257,0.0006879310212475064,-74.04623371398512,-294.665458159916,-71.86339459973925,-293.59561214383257,-71.16677122185772,-293.52261559087754,690.6797233050138,23.460506548285473,0.11909757761257589,0.03105086091087196,5.64155564240844e-05,8.033619809682114e-05,0.0004303237780061435,0.0006879310212475064,1.4240079011704079,1.3473729879422685,7.615916160221488,30.866525347962195,-34.106543833824176
670.5,-71.74497193681799,-293.10737610755416,0.0008161422129948612,-73.91520118762843,-294.08903576077114,-71.74497193681799,-293.10737610755416,-71.04491528126148,-293.03590818218623,691.18145328412,23.517758715818786,0.26780337677410737,0.09994730796988638,0.00018070877439238108,0.00025733072254557134,0.0004525835791725483,0.0008161422129948612,1.4240079011704079,1.3468518192731858,7.616139800860733,30.86494657565068,-34.099431601678276
671.0,-71.62662270046363,-292.61895324983755,0.0008613197173776112,-73.78416866127174,-293.5126133616263,-71.62662270046363,-292.61895324983755,-70.9230100406026,-292.5490039859573,691.6833861322237,23.575010883352096,0.41650917593563896,0.12345142164918502,0.00022212236647697992,0.00031630400488988835,0.00045776240279373073,0.0008613197173776112,1.4240079011704079,1.3463444920157799,7.616370970555631,30.863263749762517,-34.09232502160431
671.5,-71.50834301825523,-292.13032062068794,0.0008049507023601957,-73.65313613491504,-292.93619096248136,-71.50834301825523,-292.13032062068794,-70.80104890033354,-292.06187653497625,692.1855491269127,23.63226305088541,0.5652149750971704,0.09055585076150308,0.00016214586982539274,0.00023089699977350768,0.0004424008200945182,0.0008049507023601957,1.4240079011704079,1.345842439745168,7.616599980535967,30.86147761662525,-34.08522264192422
672.0,-71.3901242770777,-291.64145810923316,0.0006380381483330594,-73.51808119531684,-292.3509484820685,-71.3901242770777,-291.64145810923316,-70.67902575925358,-291.5745014480714,692.6879674011569,23.684446101147323,0.47073481751295265,-0.004610031150413446,-8.218213034388287e-06,-1.1702800294470553e-05,0.0004051258064937417,0.0006380381483330594,1.4240079011704079,1.3453371796577662,7.616815888392454,30.859588794200636,-34.07812312040238
672.5,-71.27195271830553,-291.152348604603,0.0003647388466129586,-73.37890082292566,-291.75666002594016,-71.27195271830553,-291.152348604603,-70.55693507953629,-291.0868565916147,693.1906637708498,23.73143020705241,0.1268403753912013,-0.16039815366032714,-0.0002848075776905725,-0.00040556824094458,0.00034699453164995804,0.0003647388466129586,1.4240079011704079,1.3448201993189777,7.617007595506083,30.85759798117953,-34.07102499675851
673.0,-71.15380971271244,-290.66297807106366,3.55952117168381e-06,-73.23972045053448,-291.1623715698119,-71.15380971271244,-290.66297807106366,-70.43477191823212,-290.5989222329188,693.6936585783536,23.77841431295749,-0.21705406673055017,-0.36701807466820213,-0.0006491150414860973,-0.0009243449478447597,0.00027177100693086444,3.55952117168381e-06,1.4240079011704079,1.3442828690888446,7.617165187169141,30.85550582724698,-34.06392679636108
673.5,-71.03567134910342,-290.1733299472107,-0.00041518532297401287,-73.1005400781433,-290.56808311368366,-71.03567134910342,-290.1733299472107,-70.31253034445409,-290.11067468501466,694.1969762418566,23.825398418862576,-0.5609485088523015,-0.607850867558258,-0.0010708205502927071,-0.0015248569243524592,0.00018559954517313867,-0.00041518532297401287,1.4240079011704079,1.3437241142318985,7.617281320750438,30.853312928407167,-34.05682703973931
674.0,-70.91751270047753,-289.68339578747214,-0.0008544153115625337,-72.96135970575212,-289.9737946575554,-70.91751270047753,-289.68339578747214,-70.19020665618051,-289.6220991618842,694.7006320037765,23.872382524767662,-0.9048429509740529,-0.8621549359787863,-0.0015128427530769549,-0.002154300033609976,9.56360720643974e-05,-0.0008544153115625337,1.4240079011704079,1.3431513841616631,7.617352235650025,30.851019761178147,-34.04972435209878
674.5,-70.79931082028301,-289.1931794443946,-0.0012761876976347185,-72.82217933336094,-289.37950620142715,-70.79931082028301,-289.1931794443946,-70.06780073288668,-289.13319518242815,695.2046263600796,23.919366630672748,-1.2487373930958046,-1.1083623354509204,-0.0019372354504926812,-0.0027586385879289927,9.139047027222167e-06,-0.0012761876976347185,1.4240079011704079,1.34256096209577,7.617377770494082,30.84862682452917,-34.042617098468014
675.0,-70.68103925002006,-288.7026671293859,-0.00164735869458228,-72.68299896096974,-288.78521774529884,-70.68103925002006,-288.7026671293859,-69.94530730697976,-288.6439417070432,695.7089809997595,23.966350736577834,-1.5926318352175555,-1.3273223450156268,-0.002310854407699821,-0.0032906749350190083,-6.74818589912855e-05,-0.00164735869458228,1.4240079011704079,1.341949089572425,7.617361480101391,30.846134577481177,-34.03550373860427
675.5,-70.56267965898502,-288.21186686416746,-0.0019442275574605818,-72.54381858857856,-288.1909292891706,-70.56267965898502,-288.21186686416746,-69.8227276803741,-288.1543439357085,696.2136905623346,24.01333484248292,-1.9365262773393073,-1.5050299306066603,-0.0026099980532669335,-0.0037166578498914965,-0.00013011242780500585,-0.0019442275574605818,1.4240079011704079,1.3413119387725723,7.617309673444113,30.843543429522153,-34.02838272966158
676.0,-70.44421297098292,-287.72076861639397,-0.0021664794289113732,-72.45951539656404,-287.8371104970959,-70.44421297098292,-287.72076861639397,-69.70005803418022,-287.66438661531265,696.718770771714,24.01310615637348,-1.9556172871383903,-1.6343694426396747,-0.002834350483729119,-0.004036137483516433,-0.00017677113908385388,-0.0021664794289113732,1.4240079011704079,1.3406455865732019,7.617230077166065,30.840853726262722,-34.02125267302623
676.5,-70.32562833658135,-287.2293784066415,-0.002307512414896986,-72.38633030514028,-287.53201078817426,-70.32562833658135,-287.2293784066415,-69.57729951223682,-287.1740743144796,697.2242169182598,24.003312172499374,-1.908903217157516,-1.7154050118231177,-0.0029773118635029383,-0.004239715617876575,-0.00020730829185661335,-0.002307512414896986,1.4240079011704079,1.3399459913172196,7.617131025733636,30.838065778453185,-34.01411198744105
677.0,-70.2069184917405,-286.7376994499585,-0.002375351265408061,-72.31314521371651,-287.22691107925255,-70.2069184917405,-286.7376994499585,-69.4544526637991,-286.6834092270047,697.7300267404636,23.99351818862527,-1.8621891471766419,-1.7540690054081136,-0.0030469042559231043,-0.004338815734544243,-0.00022322023262805936,-0.002375351265408061,1.4240079011704079,1.3392089733280326,7.617020432164803,30.835179785754317,-34.006959096337894
677.5,-70.08808053409957,-286.24573671274186,-0.0023860465283355144,-72.23996012229274,-286.9218113703309,-70.08808053409957,-286.24573671274186,-69.3315187693761,-286.19239646739527,698.2361949659552,23.983724204751166,-1.8154750771957677,-1.7596996543123824,-0.0030591819333884557,-0.004356299244262925,-0.00022722703994472676,-0.0023860465283355144,1.4240079011704079,1.3384302001944937,7.616905146559058,30.83219593584427,-33.999792421632165
678.0,-69.96911519372385,-285.7534970464677,-0.0023569331039125637,-72.16677503086898,-286.61671166140917,-69.96911519372385,-285.7534970464677,-69.20849983353952,-285.70104404215203,698.7427133411073,23.973930220877065,-1.7687610072148936,-1.7423394087561586,-0.0030314770580807783,-0.004316847282923851,-0.00022264872813790133,-0.0023569331039125637,1.4240079011704079,1.3376641445611153,7.616790357207613,30.829114195500928,-33.99261050808089
678.5,-69.8500259036551,-285.26098927496474,-0.002303076607025844,-72.09358993944521,-286.3116119524875,-69.8500259036551,-285.26098927496474,-69.08539857321036,-285.2093628029844,699.2495706792648,23.96413623700296,-1.7220469372340192,-1.710699920382658,-0.0029788612522442734,-0.00424192195968622,-0.0002124929789403133,-0.002303076607025844,1.4240079011704079,1.3369397615901546,7.616679573633023,30.82593468689809,-33.98541177786054
679.0,-69.73081804443319,-284.76822431698264,-0.0022357118234278116,-72.02040484802144,-286.0065122435658,-69.73081804443319,-284.76822431698264,-68.96221840138973,-284.7173663818292,699.7567529277311,23.954342253128857,-1.6753328672531451,-1.6712622825138992,-0.0029125682525697532,-0.004147520204357416,-0.0001991022620440045,-0.0022357118234278116,1.4240079011704079,1.3362515009273621,7.616574951097687,30.822657500896796,-33.97819472360585
679.5,-69.61149834066876,-284.2752152459601,-0.0021624482909501828,-71.94721975659766,-285.70141253464413,-69.61149834066876,-284.2752152459601,-68.83896340630979,-284.22507110757726,700.2642432536122,23.944548269254753,-1.628618797272271,-1.6284091614381662,-0.002840208616846521,-0.004044479511361721,-0.00018419999663326695,-0.0021624482909501828,1.4240079011704079,1.3355941911547051,7.6164776329242585,30.819282657786616,-33.97095800327351
680.0,-69.49207441489425,-283.78197723378156,-0.0020885844245174525,-71.8740346651739,-285.3963128257224,-69.49207441489425,-283.78197723378156,-68.71563832599303,-283.73249590446045,700.7720221485663,23.934754285380652,-1.5819047272913966,-1.5851908606999308,-0.0027670920910118457,-0.003940361000867014,-0.00016908138982780612,-0.0020885844245174525,1.4240079011704079,1.3349630391067886,7.61638803039965,30.81581016393073,-33.96370008606543
680.5,-69.3725544580906,-283.28852754927186,-0.002018880689248187,-71.80084957375013,-285.09121311680076,-69.3725544580906,-283.28852754927186,-68.59224851822255,-283.2396621721085,701.2800675524483,23.924960301506548,-1.5351906573105225,-1.544319398259105,-0.0026979548344179417,-0.0038419090012120484,-0.00015488342043315674,-0.002018880689248187,1.4240079011704079,1.3343536188160714,7.616305973463575,30.812240033914442,-33.95641951255179
681.0,-69.25294693554403,-282.7948854897335,-0.001959053972283055,-71.72766448232636,-284.7861134078791,-69.25294693554403,-282.7948854897335,-68.46879992594441,-282.746593647363,701.7883549957618,23.915166317632444,-1.4884765873296484,-1.5090659819626033,-0.0026385262434154635,-0.003757282218069095,-0.0001428821891521532,-0.001959053972283055,1.4240079011704079,1.3337618510385458,7.616230717901969,30.80857226680572,-33.9491148477659
681.5,-69.13326024290343,-282.30107229601936,-0.0019168204091906055,-71.6544793909026,-284.4810136989574,-69.13326024290343,-282.30107229601936,-68.34529903814712,-282.25331624802436,702.2968577607346,23.90537233375834,-1.4417625173487743,-1.483820022181062,-0.0025965112121869756,-0.003697452481631807,-0.0001346736576452409,-0.0019168204091906055,1.4240079011704079,1.3331839745682763,7.616160794690737,30.804806835175103,-33.941784559393184
682.0,-69.0135022641339,-281.8071111295755,-0.0019018803023637472,-71.58129429947883,-284.1759139900357,-69.0135022641339,-281.8071111295755,-68.22175284628761,-281.7598578988125,702.8055470607301,23.89557834988424,-1.3950484473679,-1.4740926629114504,-0.0025816043961316326,-0.0036762250577877043,-0.00013213016917262125,-0.0019018803023637472,1.4240079011704079,1.3326152527250525,7.6160938337303925,30.80094370066173,-33.93442727792433
682.5,-68.8936798411612,-281.31302698377357,-0.001924749853103118,-71.50810920805506,-283.870814281114,-68.8936798411612,-281.31302698377357,-68.09816879636425,-281.2662483399405,703.3143922375818,23.885784366010135,-1.3483343773870258,-1.4858519431878392,-0.0026043330477810763,-0.003708590837319462,-0.00013727732873432288,-0.001924749853103118,1.4240079011704079,1.3320928976119801,7.616026457574291,30.79698280432958,-33.92704158636937
683.0,-68.77379820759175,-280.8188466099807,-0.0019946785159500728,-71.4349241166313,-283.56571457219235,-68.77379820759175,-280.8188466099807,-67.97455473676972,-280.7725189188326,703.8233609763046,23.87599038213603,-1.3016203074061514,-1.5242961026698223,-0.002673908542269766,-0.0038076668911991942,-0.00015235416055321083,-0.0019946785159500728,1.4240079011704079,1.3316320351151174,7.615954230571822,30.792924071153987,-33.91962595160634
683.5,-68.65386175563177,-280.32460399467703,-0.002126255798864756,-71.32388554620321,-283.1078489644289,-68.65386175563177,-280.32460399467703,-67.85092048680325,-280.27870885495076,704.332412846899,23.827691258349947,-1.3710494841703689,-1.5925315453252888,-0.0028049434848155205,-0.0039942616847137595,-0.00017905051585711095,-0.002126255798864756,1.4240079011704079,1.331211402735442,7.61587149567359,30.788767399584092,-33.91217890289832
684.0,-68.5338682347427,-279.8303194060315,-0.0023215138295848868,-71.17606830207998,-282.50155506703317,-68.5338682347427,-279.8303194060315,-67.72727163502317,-279.7848404696693,704.8415248390256,23.74198030311115,-1.5533241558875086,-1.690733968697212,-0.0029994484165761248,-0.004271238244357471,-0.00021761379711111522,-0.0023215138295848868,1.4240079011704079,1.3308114092485235,7.6157720916824605,30.784512684384552,-33.90469890968676
684.5,-68.41381744146787,-279.3360344279951,-0.002568493931578127,-71.02825105795677,-281.89526116963737,-68.41381744146787,-279.3360344279951,-67.60361984938442,-279.2909603662033,705.350648911027,23.65626934787235,-1.7355988276046481,-1.816228640062066,-0.003245473048948923,-0.004621579264738881,-0.00026701695392036297,-0.002568493931578127,1.4240079011704079,1.3304141432299843,7.615650112266025,30.780159743931215,-33.8971843898016
685.0,-68.29370159090904,-278.8417719391717,-0.002860090984848006,-70.88043381383353,-281.28896727224156,-68.29370159090904,-278.8417719391717,-67.47997110987903,-278.7970924293605,705.8597604408735,23.57055839263355,-1.9178734993217876,-1.9644638314898202,-0.00353593517873772,-0.0050351996325489114,-0.00032566780823653214,-0.002860090984848006,1.4240079011704079,1.3300033341211628,7.61550044558204,30.775708373254222,-33.889633673758475
685.5,-68.17351564519478,-278.34757555843134,-0.0031881557827759975,-70.73261656971032,-280.6826733748458,-68.17351564519478,-278.34757555843134,-67.35633734119813,-278.30328428779114,706.3688103298219,23.48484743739475,-2.1001481710389274,-2.130383041547937,-0.00386262200073989,-0.005500404248288252,-0.0003919952664259095,-0.0031881557827759975,1.4240079011704079,1.329564274512297,7.615318814185621,30.77115842029061,-33.88204521017088
686.0,-68.0532477223687,-277.85346959269594,-0.0035453840100966253,-70.58479932558708,-280.07637947745,-68.0532477223687,-277.85346959269594,-67.23272464009605,-277.8095602926655,706.8777734750855,23.39913648215595,-2.282422842756067,-2.309581931667425,-0.004218263568683588,-0.006006840651024711,-0.0004645762005337821,-0.0035453840100966253,1.4240079011704079,1.3290879434296787,7.615101716982213,30.766509723561697,-33.87441744712063
686.5,-67.93288935884283,-277.35949845159786,-0.003926254433608263,-70.43698208146387,-279.4700855800543,-67.93288935884283,-277.35949845159786,-67.10914490360142,-277.3159679621467,707.3866008918184,23.31342552691715,-2.4646975144732064,-2.4987193884275003,-0.004597326045310526,-0.006546628612778694,-0.0005423453367657104,-0.003926254433608263,1.4240079011704079,1.3285816369037509,7.614846337562264,30.761762083677826,-33.866748796026734
687.0,-67.81242717796832,-276.8656921502289,-0.004326254109484376,-70.28916483734064,-278.8637916826585,-67.81242717796832,-276.8656921502289,-66.9856056775539,-276.8225374352259,707.8952615107676,23.227714571678348,-2.646972186190346,-2.6950914566270128,-0.004995288158351303,-0.007113329806115231,-0.0006243326486196103,-0.004326254109484376,1.4240079011704079,1.3280895973220395,7.6145502830565,30.75691530594402,-33.8590376867901
687.5,-67.6918477981241,-276.3720848718442,-0.004743191259995225,-70.13743235615418,-278.2569075442936,-67.6918477981241,-276.3720848718442,-66.86211564067126,-276.3293033757455,708.4037195981659,23.134776403800895,-2.865041080214057,-2.8955301259260304,-0.005410002614192627,-0.007703886467962863,-0.0007093789046600216,-0.004743191259995225,1.4240079011704079,1.3276055916105935,7.614211726575395,30.751969049594926,-33.85128234911065
688.0,-67.5711380009746,-275.8787147313966,-0.005165944959151228,-69.98463980976763,-277.64986359596037,-67.5711380009746,-275.8787147313966,-66.7386845292317,-275.83630467156996,708.9119350658467,23.03988144084612,-3.09280139491512,-3.0949257391669107,-0.005830284572892396,-0.008302371297870708,-0.0007953102012287242,-0.005165944959151228,1.4240079011704079,1.327107398214197,7.613829487863135,30.74692305873516,-33.843481155551366
688.5,-67.45028050012542,-275.38560453776205,-0.005577482451677866,-69.83184726338108,-277.04281964762714,-67.45028050012542,-275.38560453776205,-66.61531750298197,-275.3435619313462,709.419886669062,22.944986477891348,-3.3205617096161832,-3.284731944370785,-0.006239134124558111,-0.008884576289832665,-0.0008784172734533297,-0.005577482451677866,1.4240079011704079,1.3265751566288586,7.6134039471715615,30.74177709053009,-33.83563253898983
689.0,-67.32926336651319,-274.8927955624037,-0.005952532960990636,-69.67905471699453,-276.4357756992939,-67.32926336651319,-274.8927955624037,-66.49202514840437,-274.8511174387617,709.9275308190076,22.850091514936576,-3.548322024317246,-3.451941229214622,-0.00661130975800515,-0.009414557332484351,-0.0009534354089355799,-0.005952532960990636,1.4240079011704079,1.3259909809171795,7.612937715102051,30.736530908203193,-33.827734989169436
689.5,-67.20807134835079,-274.40030724317063,-0.006256666981363563,-69.52626217060798,-275.82873175096074,-67.20807134835079,-274.40030724317063,-66.3688117053538,-274.3589881283069,710.434850058498,22.755196551981804,-3.776082339018309,-3.579200461921802,-0.006912336000005929,-0.009843221079553096,-0.0010134901926180137,-0.006256666981363563,1.4240079011704079,1.3253385432238813,7.612436519782651,30.73118428467099,-33.81978691336712
690.0,-67.086697507948,-273.9081762556947,-0.006449405207297761,-69.37346962422143,-275.2216878026275,-67.086697507948,-273.9081762556947,-66.2456866987466,-273.8672120437547,710.9418051695183,22.66030158902703,-4.0038426537193725,-3.6466804570007305,-0.007101765671664147,-0.010112970428710514,-0.0010508486396617574,-0.006449405207297761,1.4240079011704079,1.3246130780074974,7.61190993660094,30.72573697547313,-33.81178673895784
690.5,-66.96513660668771,-273.4164215512829,-0.006491358426705652,-69.22067707783488,-274.6146438542943,-66.96513660668771,-273.4164215512829,-66.12265479513115,-273.3758078239399,711.4483769379372,22.565406626072257,-4.231602968420436,-3.6357693246905507,-0.007140193698138528,-0.010167692242036418,-0.001058047756928858,-0.006491358426705652,1.4240079011704079,1.3238124600127554,7.611371527477428,30.72018865663825,-33.803732988783494
691.0,-66.84339168939778,-272.9250624363702,-0.00635334982671218,-69.07139007246025,-274.0230239044657,-66.84339168939778,-272.9250624363702,-65.9997212995308,-272.8847966576056,711.954543520996,22.470580228382836,-4.3407951455658695,-3.533699883512084,-0.006998437502595315,-0.009965830299543026,-0.0010296743117008552,-0.00635334982671218,1.4240079011704079,1.322926170677158,7.610838358102353,30.714538870512975,-33.795624143248304
691.5,-66.72147428787186,-272.4341133891813,-0.006024442430511186,-68.94003356597987,-273.51029619614576,-66.72147428787186,-272.4341133891813,-65.87689076914927,-272.394196746789,712.4602861548397,22.37610453530945,-3.843522913336301,-3.337394576026914,-0.0066655899157521395,-0.009491852705992839,-0.0009637418045490199,-0.006024442430511186,1.4240079011704079,1.3220113305630687,7.610329418707343,30.708787001147495,-33.78745860812605
692.0,-66.59940478144983,-271.9435836436467,-0.005516308320354445,-68.8086770594995,-272.9975684878259,-66.59940478144983,-271.9435836436467,-65.75416696270904,-271.90402309758156,712.9655893697953,22.281628842236067,-3.3462506811067327,-3.0549286868084153,-0.0061532874752059895,-0.008762329982866239,-0.000862171493720428,-0.005516308320354445,1.4240079011704079,1.321042203841184,7.609863696995948,30.702932749937474,-33.77923489081634
692.5,-66.47721181928709,-271.45347703344925,-0.004860548104986357,-68.67732055301914,-272.48484077950604,-66.47721181928709,-271.45347703344925,-65.63155279176311,-271.4142873364932,713.4704411803353,22.187153149162683,-2.8489784488771646,-2.704108433012803,-0.005493143446983132,-0.00782227967076643,-0.0007307558198300006,-0.004860548104986357,1.4240079011704079,1.319992059765586,7.609458143751201,30.69697570209383,-33.770951454985756
693.0,-66.3549320833486,-270.96379768568556,-0.004102798643219348,-68.54596404653877,-271.9721130711862,-66.3549320833486,-270.96379768568556,-65.50905190526522,-270.9250040432828,713.9748265570144,22.092677456089298,-2.351706216647596,-2.309048791103657,-0.004730819798400987,-0.0067367247719364014,-0.0005782725537693074,-0.004102798643219348,1.4240079011704079,1.3188342014703096,7.60912581524511,30.690915342895973,-33.76260667673153
693.5,-66.2326027417523,-270.4745296416427,-0.00329536740632068,-68.4146075400584,-271.4593853628663,-66.2326027417523,-270.4745296416427,-65.38666251978684,-270.43616609364176,714.4787528439721,21.998201763015913,-1.8544339844180273,-1.8962869961773616,-0.003918588908619901,-0.005580101567313465,-0.0004149072078841028,-0.00329536740632068,1.4240079011704079,1.3175409213813074,7.608874702633951,30.68475124967268,-33.75419898837708
694.0,-66.11026753732807,-269.985672733652,-0.0024906308348502373,-68.28325103357803,-270.94665765454647,-66.11026753732807,-269.985672733652,-65.26438767789529,-269.94778602355325,714.9822071416197,21.90372606994253,-1.3571617521884587,-1.491536977263884,-0.0031088375263744845,-0.004427009201012333,-0.00025079662804054575,-0.0024906308348502373,1.4240079011704079,1.3161263847150217,7.608707546548713,30.67848321813289,-33.74572694544007
694.5,-65.98796441177838,-269.4972034974536,-0.0017359195544726517,-68.15189452709765,-270.4339299462266,-65.98796441177838,-269.4972034974536,-65.1422236966961,-269.4598491986991,715.4852045405717,21.80925037686914,-0.8598895199588905,-1.1172409394926532,-0.00234890452551759,-0.0033448586034319763,-9.542817936749964e-05,-0.0017359195544726517,1.4240079011704079,1.314584677999498,7.608622094947144,30.67211081915089,-33.73718898084191
695.0,-65.86573164541987,-269.0091101006126,-0.0010690992595597491,-68.0205380206173,-269.92120223790675,-65.86573164541987,-269.0091101006126,-65.02017020965884,-268.9723540560118,715.9877466461146,21.714774683795756,-0.36261728772932234,-0.7905857479463761,-0.0016766342211892668,-0.002387540378346209,3.3327668350853144e-05,-0.0010690992595597491,1.4240079011704079,1.3129049222113054,7.608611534835926,30.665633595521538,-33.72858349906071
695.5,-65.74359979032991,-268.5213685725797,-0.0005151584700183087,-67.88811821982213,-269.4167088576571,-65.74359979032991,-268.5213685725797,-64.89822291256436,-268.4852834540207,716.4898511318496,21.61600713280249,-0.045775397573372734,-0.521932568468122,-0.0011170264261645378,-0.0015906544566744452,0.00012924445456088094,-0.0005151584700183087,1.4240079011704079,1.3111005730809797,7.608655661005666,30.659051132215907,-33.71990888255166
696.0,-65.62158563484225,-268.03396556185487,-8.304438075817683e-05,-67.75400684035274,-268.9253153440828,-65.62158563484225,-268.03396556185487,-64.77636793458656,-267.9986309640142,716.991527603176,21.510411730640367,-0.01597738096190155,-0.31418477415638274,-0.0006790280080218865,-0.0009669412485391694,0.00019047309646461083,-8.304438075817683e-05,1.4240079011704079,1.3093050265177852,7.608741483797625,30.652363171242865,-33.71116363322205
696.5,-65.49970401592589,-267.54686852714326,0.00023243171705090532,-67.61989546088334,-268.4339218305084,-65.49970401592589,-267.54686852714326,-64.65459628244149,-267.5123656146877,717.4928082883172,21.40481632847824,0.013820635649569646,-0.16377016464249533,-0.00035744709715711845,-0.0005090074906021631,0.0002170573790020268,0.00023243171705090532,1.4240079011704079,1.307475018535986,7.608847011551432,30.645569527662193,-33.70234634924671
697.0,-65.3779497924016,-267.0600677430455,0.00044396788501071345,-67.48578408141395,-267.942528316934,-65.3779497924016,-267.0600677430455,-64.53288236685587,-267.0264814129299,717.9937052204416,21.299220926316114,0.043618652261040836,-0.06332728387880865,-0.0001395929305902569,-0.00019878143610805817,0.00017051799353841326,0.00044396788501071345,1.4240079011704079,1.3055723468103675,7.608959390427484,30.638669817695586,-33.69345540107125
697.5,-65.25632625322334,-266.57353775549416,0.000565280666038072,-67.35167270194457,-267.4511348033596,-65.25632625322334,-266.57353775549416,-64.41121678805472,-266.5409521460629,718.494246110691,21.19362552415399,0.07341666887251203,-0.00527971022471229,-1.1754375875876959e-05,-1.6738324120575622e-05,4.980808397131659e-05,0.000565280666038072,1.4240079011704079,1.3035637976875207,7.609018056105658,30.631663653862212,-33.68448913597546
698.0,-65.13476574204138,-266.08726917344075,0.0006041972079474348,-67.21756132247518,-266.9597412897852,-65.13476574204138,-266.08726917344075,-64.28951224080818,-266.0557689832148,718.9944607821376,21.088030121991864,0.10321468548398322,0.015075912746728554,3.390092816062905e-05,4.827518955774614e-05,-0.00021515989426698263,0.0006041972079474348,1.4240079011704079,1.301421406098875,7.609009297280527,30.62455070962945,-33.675445933533226
698.5,-65.01325729120418,-265.60123576484483,0.0005592477470483886,-67.08344994300579,-266.4683477762108,-65.01325729120418,-265.60123576484483,-64.16775325619106,-265.5709019001373,719.4943821206865,20.982434719829737,0.1330127020954544,-0.0018041837263938348,-4.097972125185277e-06,-5.835544685039922e-06,-0.0006328899874384073,0.0005592477470483886,1.4240079011704079,1.299123032996382,7.6088023288091495,30.61733073257951,-33.66632418955512
699.0,-64.89160516741305,-265.1154556097896,0.00042087995606025124,-66.9493385635364,-265.97695426263647,-64.89160516741305,-265.1154556097896,-64.04571217873014,-265.0863716423848,719.9940457668621,20.876839317667613,0.1628107187069256,-0.058976053238072736,-0.00013531508303433253,-0.00019268974738841934,-0.0013105486735436993,0.00042087995606025124,1.4240079011704079,1.2967047607984037,7.60837521270152,30.61000334138229,-33.65712223362197
699.5,-64.76977628004431,-264.629903614414,0.00017653306649626958,-66.815227184067,-265.4855607490621,-64.76977628004431,-264.629903614414,-63.923358415685094,-264.6021466794179,720.4934897703693,20.771243915505487,0.19260873531839678,-0.16062570396399872,-0.000372297425252629,-0.0005301544751451431,-0.002270577053526243,0.00017653306649626958,1.4240079011704079,1.2941700973456065,7.607489845673472,30.602568161875933,-33.6478383980949
700.0,-64.64734347613022,-264.1446542240025,-0.00018325931489739274,-66.67694367460368,-265.00821772958403,-64.64734347613022,-264.1446542240025,-63.800204218659424,-264.1183109254481,720.9927542105833,20.66001894469305,0.018021179859160102,-0.30925023611137586,-0.0007245170481632701,-0.0010317180011171576,-0.003627902979888714,-0.00018325931489739274,1.4240079011704079,1.2915072847546607,7.606102155041072,30.595025124779035,-33.63847114973783
700.5,-64.52423183516788,-263.6596957252122,-0.0006598830912440596,-66.53567967666675,-264.5409121096509,-64.52423183516788,-263.6596957252122,-63.67618309473164,-263.63484519172056,721.491874097269,20.544772319594216,-0.3025754507270538,-0.5037020871154152,-0.0011933589235535499,-0.0016993525360724678,-0.005425318313054093,-0.0006598830912440596,1.4240079011704079,1.2887146798404985,7.603858980332557,30.587373976901667,-33.62901888999752
701.0,-64.39967077976416,-263.175185405353,-0.001244880339495024,-66.39441567872983,-264.07360648971775,-64.39967077976416,-263.175185405353,-63.55041706394291,-263.1519273590891,721.9909042227612,20.429525694495382,-0.6231720813132677,-0.7388864109806748,-0.0017703580564106373,-0.002521003860229434,-0.007659995566363734,-0.001244880339495024,1.4240079011704079,1.2858018996553648,7.60067359286661,30.579614342096374,-33.61947996464998
701.5,-64.2735022622844,-262.6911366289028,-0.001923035632384901,-66.2531516807929,-263.6063008697846,-64.2735022622844,-262.6911366289028,-63.42275525771085,-262.6695643228788,722.489875993423,20.314279069396548,-0.9437687118994815,-1.00704285339659,-0.002440310694235865,-0.0034750217099025153,-0.010395516112873477,-0.001923035632384901,1.4240079011704079,1.2827411844174081,7.596195319131757,30.571745877598037,-33.609852736504145
702.0,-64.1446235969884,-262.20782459947037,-0.002676958233062834,-66.11188768285598,-263.13899524985146,-64.1446235969884,-262.20782459947037,-63.2919410981251,-262.18806952631616,722.9888384455272,20.199032444297714,-1.2643653424856955,-1.299816128929863,-0.0031858167266323985,-0.004536628190405381,-0.013399411264740695,-0.002676958233062834,1.4240079011704079,1.2795013314366264,7.590274070869942,30.56376831923697,-33.60013566027638
702.5,-64.0127279140008,-261.7252893159202,-0.0034915593471406352,-65.97062368491905,-262.6716896299183,-64.0127279140008,-261.7252893159202,-63.15765885669187,-261.70747842509434,723.487840341057,20.08378581919888,-1.5849619730719093,-1.610117045450147,-0.003991777125649936,-0.005684322166636809,-0.016733424166842523,-0.0034915593471406352,1.4240079011704079,1.2760982415249909,7.582790305831858,30.555681326907592,-33.59032710637754
703.0,-63.87661500151525,-261.24390754071163,-0.004356548794209195,-65.82935968698213,-262.2043840099852,-63.87661500151525,-261.24390754071163,-63.01854551694624,-261.22822151901437,723.9869122617969,19.968539194100043,-1.9055586036581234,-1.9330724235671028,-0.004847921013152948,-0.006903477826979847,-0.019944326139787177,-0.004356548794209195,1.4240079011704079,1.2725286338957276,7.573533054993737,30.54748453842289,-33.58042544325335
703.5,-63.73577614250317,-260.7637849606254,-0.005266624877134335,-65.6880956890452,-261.73707839005203,-63.73577614250317,-260.7637849606254,-62.87405466237664,-260.7504092980985,724.4861009309325,19.85329256900121,-2.2261552342443376,-2.2659603872143794,-0.005748932746752747,-0.008186525654673208,-0.023042046822519067,-0.005266624877134335,1.4240079011704079,1.268792527956898,7.562834212525321,30.539177707969223,-33.57042907991506
704.0,-63.58935157857809,-260.2852853531664,-0.006219686851137921,-65.54683169110828,-261.2697727701189,-63.58935157857809,-260.2852853531664,-62.723229586242745,-260.27445475479504,724.9854391658583,19.738045943902375,-2.546751864830551,-2.6074184926124957,-0.006692716521127078,-0.009530481206378684,-0.0255819784684244,-0.006219686851137921,1.4240079011704079,1.26489271005559,7.550474496825681,30.5307607355224,-33.56033651684683
704.5,-63.43662540552801,-259.8085907947443,-0.007208099411275634,-65.39963515053596,-260.82080096130954,-63.43662540552801,-259.8085907947443,-62.56528518084926,-259.80055594903814,725.484976187655,19.630742831689858,-2.910600190192466,-2.9563877641119376,-0.007671634944900322,-0.010924468776433065,-0.02748244608270608,-0.007208099411275634,1.4240079011704079,1.2608341165358279,7.537228020661417,30.522233426993328,-33.55014616655896
705.0,-63.277500462399466,-259.3339116969759,-0.0082310559898705,-65.25077150189797,-260.37698114992827,-63.277500462399466,-259.3339116969759,-62.400166309256576,-259.32894302544014,725.984734488669,19.52567193173715,-3.2866027053590168,-3.311123406260431,-0.008684871381794908,-0.012367325468324707,-0.028543741550704094,-0.0082310559898705,1.4240079011704079,1.2566231505823813,7.522959472308766,30.51359548417325,-33.53985642227176
705.5,-63.111143090757906,-258.8615054461751,-0.009282465451396039,-65.10190785325999,-259.93316133854694,-63.111143090757906,-258.8615054461751,-62.22695316852412,-258.8599000405463,726.4847509354315,19.420601031784443,-3.6626052205255673,-3.6683892164396372,-0.009726354072934698,-0.013850405049439986,-0.02860456827890522,-0.009282465451396039,1.4240079011704079,1.2522588302427986,7.508642714591856,30.5048467654099,-33.52946570101193
706.0,-62.93837938178353,-258.39126790327873,-0.010348700449154691,-64.95304420462199,-259.4893415271656,-62.93837938178353,-258.39126790327873,-62.04667994021536,-258.39328431406966,726.9850535333833,19.315530131831736,-4.038607735692118,-4.022818112573709,-0.010782442041398596,-0.015354282660863583,-0.02767490138035154,-0.010348700449154691,1.4240079011704079,1.2477668862336277,7.494303148047585,30.49598724913552,-33.518972489709746
706.5,-62.75841300219705,-257.92348289544157,-0.01140856434396635,-64.804180555984,-259.0455217157843,-62.75841300219705,-257.92348289544157,-61.858472497639625,-257.9294082836432,727.4856666010236,19.210459231879028,-4.414610250858669,-4.366481380276108,-0.011831944359831053,-0.016848782254608063,-0.025572442036280646,-0.01140856434396635,1.4240079011704079,1.243170267372074,7.4809082255370125,30.487016867747116,-33.50837519166673
707.0,-62.57295349277198,-257.4576374981377,-0.012433035938779743,-64.655316907346,-258.601701904403,-62.57295349277198,-257.4576374981377,-61.66440389233629,-257.4676459382208,727.9866038413749,19.10538833192632,-4.79061276602522,-4.688933808599164,-0.01284583570158249,-0.018292571536190374,-0.022323720607193124,-0.012433035938779743,1.4240079011704079,1.2384891230068504,7.46866341402094,30.47793553065604,-33.49767220333027
707.5,-62.38140363017652,-256.9939555246037,-0.013387325485547278,-64.50645325870802,-258.15788209302167,-62.38140363017652,-256.9939555246037,-61.46383067142694,-257.0082373392117,728.4878934533212,19.000317431973613,-5.1666152811917705,-4.978112612718934,-0.013789324871940003,-0.019636107569448186,-0.0178045828027984,-0.013387325485547278,1.4240079011704079,1.2337400717295104,7.458515576235659,30.468743175031005,-33.48686191923425
708.0,-62.186303035897936,-256.5314376729936,-0.014236049689854707,-64.35758961007002,-257.71406228164034,-62.186303035897936,-256.5314376729936,-61.259795096480374,-256.54998349505274,728.9895353102198,18.895246532020906,-5.542617796358321,-5.222292795615926,-0.014627027981963227,-0.02082900341695628,-0.01199095573903448,-0.014236049689854707,1.4240079011704079,1.2289355556757313,7.450792103316529,30.459439853341404,-33.47594278605974
708.5,-61.98736803912941,-256.070199297115,-0.014950588259035554,-64.20872596143204,-257.27024247025906,-61.98736803912941,-256.070199297115,-61.052011182313116,-256.0929974053852,729.4915424087827,18.7901756320682,-5.918620311524872,-5.412686807725121,-0.015330319970962692,-0.021830496766121373,-0.004923204288977113,-0.014950588259035554,1.4240079011704079,1.224001295512389,7.446471488319994,30.450025609551922,-33.4649131807223
709.0,-61.78799299555965,-255.60872781364256,-0.015499977786978283,-64.05225209670498,-256.8553547447779,-61.78799299555965,-255.60872781364256,-60.844511497848835,-255.63547824575002,729.9939180096296,18.694463280554636,-5.874038086204187,-5.545681305235536,-0.01586824532823584,-0.02259650672511825,0.0030568741863227816,-0.015499977786978283,1.4240079011704079,1.2188969187957064,7.445841593057654,30.440500511451052,-33.45377147631143
709.5,-61.588170639113144,-255.1470323441551,-0.015900247346011517,-63.89560677143649,-256.4411188682134,-61.588170639113144,-255.1470323441551,-60.63731712003849,-255.1774174691996,730.4966612111522,18.598961780055493,-5.819979955537874,-5.623583862647752,-0.016256826548544434,-0.023149849453084126,0.01164544677607007,-0.015900247346011517,1.4240079011704079,1.2137380405757143,7.449542702692746,30.43086462791989,-33.44251605320681
710.0,-61.391909510524684,-254.68337586281876,-0.016167385840555847,-63.738961446168005,-256.02688299164885,-61.391909510524684,-254.68337586281876,-60.435164367342956,-254.71675450654706,730.9997671273436,18.503460279556354,-5.76592182487156,-5.653366520650431,-0.016512059250032546,-0.023513302836640264,0.019738769864129927,-0.016167385840555847,1.4240079011704079,1.2085801239742895,7.45755982117276,30.421118045620453,-33.431145327288405
710.5,-61.19920164165863,-254.21777783252412,-0.01632332010424209,-63.58231612089952,-255.61264711508437,-61.19920164165863,-254.21777783252412,-60.238056157250355,-254.25349748984144,731.5032271379637,18.40795877905721,-5.711863694205246,-5.6438900320082395,-0.016655868251341275,-0.02371808799076332,0.026887185963825184,-0.01632332010424209,1.4240079011704079,1.2034709225946503,7.469425923291572,30.411260903587127,-33.4196576645257
711.0,-61.01373692548912,-253.74893545948504,-0.01638746144471397,-63.425670795631035,-255.19841123851984,-61.01373692548912,-253.74893545948504,-60.05033899634247,-253.7861010589767,732.0070292077447,18.312457278558067,-5.657805563538933,-5.602850477924243,-0.016707665956512567,-0.023791848332189735,0.03181818785142101,-0.01638746144471397,1.4240079011704079,1.1984504983371087,7.484662534128179,30.401293362832146,-33.40805143176907
711.5,-60.83506557673746,-253.2770523185722,-0.016370326525550663,-63.26902547036256,-254.78417536195533,-60.83506557673746,-253.2770523185722,-59.8714834903152,-253.31479402008665,732.5111582697899,18.216955778058924,-5.603747432872619,-5.534709841791593,-0.016677972357753302,-0.023749564412942358,0.034319249810221976,-0.016370326525550663,1.4240079011704079,1.193521375224961,7.501525850338001,30.39121564328198,-33.39632499140889
712.0,-60.66534997119946,-252.80175305056545,-0.01627179290445643,-63.11238014509407,-254.36993948539083,-60.66534997119946,-252.80175305056545,-59.70402834742353,-252.8391260612011,733.0155966667937,18.121454277559785,-5.549689302206305,-5.440278577253191,-0.016566663222170055,-0.023591059324399366,0.0342125035569893,-0.01627179290445643,1.4240079011704079,1.1884497653892454,7.519301337785871,30.381027948903608,-33.38447660990048
712.5,-60.503444933959805,-252.3234692099697,-0.016083835074253844,-62.95573481982559,-253.9557036088263,-60.503444933959805,-252.3234692099697,-59.54661613963109,-252.35959832502277,733.5203246422535,18.025952777060642,-5.4956311715399915,-5.317794393340703,-0.016365718764342136,-0.023304912828756005,0.031746844306837,-0.016083835074253844,1.4240079011704079,1.1833215905200711,7.536071366489724,30.370730510745783,-33.37250466328119
713.0,-60.34969465152039,-251.84252367621374,-0.015811448281833056,-62.789662340456886,-253.52440452075277,-60.34969465152039,-251.84252367621374,-59.39963665870643,-251.87658654185202,734.0253208724813,17.921642094719196,-5.412402069763102,-5.164701700215323,-0.01608013323726894,-0.02289823678174386,0.028011164801318794,-0.015811448281833056,1.4240079011704079,1.178210712956628,7.551364129410113,30.360323582951324,-33.36040752804104
713.5,-60.202468020535356,-251.3594378259214,-0.015528820414918813,-62.56333413619706,-252.98404217058373,-60.202468020535356,-251.3594378259214,-59.26115204513716,-251.39070211086968,734.5305697185802,17.76102559283104,-5.142720302488156,-4.979158672380982,-0.01578410226890229,-0.022476686343798624,0.023441652281232152,-0.015528820414918813,1.4240079011704079,1.1732064869747705,7.564362643884273,30.349807476998535,-33.3481835888882
714.0,-60.061269916930605,-250.87464860187183,-0.01512632072316567,-62.33700593193723,-252.4436798204147,-60.061269916930605,-250.87464860187183,-59.1305578093469,-250.90245910820605,735.0360365202887,17.600409090942883,-4.87303853521321,-4.760610725425817,-0.015367992716104433,-0.02188414305286199,0.019373784664966084,-0.01512632072316567,1.4240079011704079,1.1683265718142983,7.575040379154213,30.339182561652567,-33.335831239093935
714.5,-59.92441858993325,-250.38862326145522,-0.014598588944698026,-62.11067772767739,-251.90331747024564,-59.92441858993325,-250.38862326145522,-59.00584826659475,-250.41241043574152,735.541710896859,17.439792589054726,-4.603356767938265,-4.5094120087006875,-0.01482645370612036,-0.02111298722385267,0.015965263055805607,-0.014598588944698026,1.4240079011704079,1.1634258155073385,7.583927717317905,30.328449110284165,-33.323348841544686
715.0,-59.791893149559726,-249.9015235327094,-0.013940820057831298,-61.88434952341756,-251.3629551200766,-59.791893149559726,-249.9015235327094,-58.88696489299501,-249.92075375095166,736.0475658428446,17.279176087166565,-4.333675000663319,-4.2261635242473945,-0.014154685896563463,-0.020156384555291708,0.014028038196862918,-0.013940820057831298,1.4240079011704079,1.1586282642621395,7.591161170485366,30.317607487953147,-33.31073476821106
715.5,-59.66213385982907,-249.41374610716838,-0.013148464983405547,-61.65802131915773,-250.82259276990757,-59.66213385982907,-249.41374610716838,-58.7720318117281,-249.42796771294894,736.5535811866998,17.11855958527841,-4.0639932333883735,-3.911603840876867,-0.013348129955000478,-0.019007842521770082,0.013257015505406849,-0.013148464983405547,1.4240079011704079,1.154041021415949,7.598090114447343,30.306658087927882,-33.297987387748904
716.0,-59.536429557419275,-248.92508187478305,-0.012220433338943643,-61.431693114897904,-250.2822304197385,-59.536429557419275,-248.92508187478305,-58.662517400890955,-248.9338231598588,737.0597386584432,16.95794308339025,-3.7943114661134274,-3.567532797344805,-0.012405710087953667,-0.017665829184875456,0.013610017651246621,-0.012220433338943643,1.4240079011704079,1.1497551021200816,7.604541648031514,30.295601457093223,-33.28510508544809
716.5,-59.41303731323805,-248.43592091933607,-0.01120711565750584,-61.20171142235,-249.7647846837948,-59.41303731323805,-248.43592091933607,-58.55631692013359,-248.43880061495616,737.5660290719909,16.766858111047185,-3.3687495785433756,-3.1986134763148666,-0.011377802330113054,-0.016202080416036067,0.014653992953053014,-0.01120711565750584,1.4240079011704079,1.145738398131898,7.611824337999693,30.284438024865544,-33.27208620615945
717.0,-59.29454298885666,-247.94580148042934,-0.010101271921978662,-60.97030579072959,-249.25627064814185,-59.29454298885666,-247.94580148042934,-58.456413376399354,-247.9423826068591,738.0724274728552,16.563898118958793,-2.8824337548954446,-2.814188227203165,-0.010257181507824597,-0.014606307510881225,0.015421336049031927,-0.010101271921978662,1.4240079011704079,1.1419479586543058,7.619323528525829,30.273168233362718,-33.25892908761737
717.5,-59.17858161229881,-247.4551901235732,-0.008933881366434415,-60.738900159109185,-248.74775661248893,-59.17858161229881,-247.4551901235732,-58.35996129645403,-247.4451475153336,738.5789362169635,16.360938126870398,-2.396117931247513,-2.4291530919893147,-0.009074829655891079,-0.01292262913176443,0.015982608523028814,-0.008933881366434415,1.4240079011704079,1.1384874629046804,7.62737546548286,30.26179260723273,-33.245632086904784
718.0,-59.06808121560529,-246.96360341396885,-0.0077760953683636965,-60.507494527488774,-248.239242576836,-59.06808121560529,-246.96360341396885,-58.27034003694945,-246.94655879371751,739.0855437708,16.157978134782006,-1.9098021075995821,-2.0630277131950723,-0.007901890911659284,-0.01125235509238946,0.014498761549680396,-0.0077760953683636965,1.4240079011704079,1.1355035766887005,7.635433425890026,30.25031174780535,-33.23219357438548
718.5,-58.960122006278354,-246.47156109477277,-0.0067128614204527365,-60.27608889586837,-247.73072854118305,-58.960122006278354,-246.47156109477277,-58.184050432769425,-246.4472607646243,739.5922478048567,15.95501814269361,-1.4234862839516507,-1.7369661855988363,-0.006823336023272862,-0.009716484409481226,0.012075442395630978,-0.0067128614204527365,1.4240079011704079,1.1331220200705054,7.641983475975404,30.238726293395402,-33.218611919259615
719.0,-58.85613187826599,-245.97885639425962,-0.0058259532043789235,-60.04468326424796,-247.22221450553013,-58.85613187826599,-245.97885639425962,-58.10271383979225,-245.94704104876456,740.0990498324751,15.752058150605217,-0.9371704603037196,-1.4691369354983623,-0.0059208991612939195,-0.008431407187715782,0.006567543150057368,-0.0058259532043789235,1.4240079011704079,1.1314394081930397,7.647596389935104,30.227036802658436,-33.204885447124255
719.5,-58.75374961901862,-245.4858612750156,-0.005178652040940507,-59.81491184613499,-246.72452371052145,-58.75374961901862,-245.4858612750156,-58.023503616713434,-245.44636351977223,740.6059552176201,15.539391250983074,-0.6406852600762252,-1.2696328151488159,-0.005257873531601318,-0.007487253452355034,5.485299483821195e-05,-0.005178652040940507,1.4240079011704079,1.1305243709222137,7.648596206489639,30.21524390430944,-33.19101249517435
720.0,-58.65073965745353,-244.99292454480474,-0.0047885761072179595,-59.58880251873476,-246.2510865940344,-58.65073965745353,-244.99292454480474,-57.94375367558581,-244.9456582204867,741.1129730780056,15.304972251181239,-0.7695893739489001,-1.1365142329127134,-0.00485187703689929,-0.006909111236051856,-0.00890128333263602,-0.0047885761072179595,1.4240079011704079,1.1304212947934253,7.6476517960112425,30.20334829553034,-33.176991414523684
720.5,-58.547396409405565,-244.49998072012127,-0.004595549263351501,-59.36269319133452,-245.77764947754736,-58.547396409405565,-244.49998072012127,-57.863787532146475,-244.44486069550774,741.6201160823836,15.070553251379405,-0.8984934878215751,-1.054459426474135,-0.0046427091969090195,-0.0066112545792349625,-0.01814928372092567,-0.004595549263351501,1.4240079011704079,1.131163666401454,7.639633870535256,30.191350730324412,-33.162820594006
721.0,-58.436390682328025,-244.00828108262513,-0.004497517655945121,-59.13658386393429,-245.3042123610603,-58.436390682328025,-244.00828108262513,-57.774970010926864,-243.94544998079726,742.1274001431832,14.836134251577569,-1.02739760169425,-0.9967351855891207,-0.0045283322101736375,-0.006448380846411716,-0.027742853580445724,-0.004497517655945121,1.4240079011704079,1.1327748390238706,7.629365661779772,30.17925197438822,-33.1484983845462
721.5,-58.322797498745594,-243.5169296805148,-0.004348061965204227,-58.91047453653406,-244.83077524457326,-58.322797498745594,-243.5169296805148,-57.68326373525212,-243.44637642253983,742.6348440081179,14.601715251775733,-1.1563017155669248,-0.9300860511638739,-0.004362298513199899,-0.006211947550060579,-0.03667121510123575,-0.004348061965204227,1.4240079011704079,1.1355132352396857,7.611664744672065,30.167052766972965,-33.134023125224864
722.0,-58.19423191327868,-243.0285703347003,-0.0039809736974508745,-58.68436520913383,-244.3573381280862,-58.19423191327868,-243.0285703347003,-57.5740871646489,-242.95075664286895,743.1424620672427,14.367296251973897,-1.2852058294396,-0.8212193233159539,-0.003978405676324678,-0.005665281117147541,-0.04369852883524811,-0.0039809736974508745,1.4240079011704079,1.139366570768693,7.5923636318612235,30.154753937434077,-33.1193931696723
722.5,-58.061467864337686,-242.54092610947976,-0.003238667943247655,-58.4582558817336,-243.8839010115992,-58.061467864337686,-242.54092610947976,-57.46009284487841,-242.45592502768886,743.6502890505466,14.132877252172062,-1.4141099433122748,-0.6429740198171369,-0.003219083566821766,-0.0045840004336820134,-0.04953894552243697,-0.003238667943247655,1.4240079011704079,1.144356571229118,7.567510512759215,30.14235636152578,-33.104606870033
723.0,-57.9084467433477,-242.05840503405338,-0.0019913474654671276,-58.24806489058914,-243.43999160681875,-57.9084467433477,-242.05840503405338,-57.322345707131966,-241.96709242168473,744.1583366493297,13.911632673734275,-0.9301463823965254,-0.37826749444610064,-0.001954532151919661,-0.0027832692274251973,-0.05256368567533164,-0.0019913474654671276,1.4240079011704079,1.1504584373208913,7.542268594572924,30.12986095320737,-33.089662571526354
723.5,-57.75082628355597,-241.57685147714818,-0.00016446810938439537,-58.0395637797242,-242.99921684481194,-57.75082628355597,-241.57685147714818,-57.17919746604551,-241.47941049885944,744.6666409630019,13.691786683346102,-0.3811211855828125,-0.020661740899416664,-0.00011021651193811877,-0.0001569491838393237,-0.05456192038567888,-0.00016446810938439537,1.4240079011704079,1.1576596090830653,7.514253300884661,30.117268656665843,-33.07455862671887
724.0,-57.57058884605448,-241.1024683411785,0.002287826886070234,-57.83106266885925,-242.55844208280513,-57.57058884605448,-241.1024683411785,-57.00935072383487,-241.00023562656963,745.1752135382357,13.47194069295793,0.16790401123090049,0.42827313244062565,0.002359720173511288,0.00336026017163128,-0.0544019902792189,0.002287826886070234,1.4240079011704079,1.1663398388432473,7.486956397234196,30.10458050813776,-33.059293308367344
724.5,-57.38644385773332,-240.6290368333776,0.005393585039103787,-57.62256155799431,-242.1176673207983,-57.38644385773332,-240.6290368333776,-56.834682436442975,-240.52232963467503,745.6840887347284,13.252094702569758,0.7169292080446135,0.9629713126894383,0.005483328792553196,0.007808303525310943,-0.053711804200539275,0.005393585039103787,1.4240079011704079,1.1763518707392433,7.458985870085604,30.091797505525314,-33.04386498097573
725.0,-57.17951029063723,-240.1644205586053,0.0091767966666241,-57.41406044712936,-241.67689255879148,-57.17951029063723,-240.1644205586053,-56.632809262271174,-240.0550411167184,746.1932747173217,13.032248712181586,1.2659544048583262,1.5768905707249044,0.009284592279244348,0.013221332764789717,-0.051948616413377426,0.0091767966666241,1.4240079011704079,1.1875470748686985,7.432375214313806,30.07892066865179,-33.02827197977281
725.5,-56.969968276883684,-239.7004416995919,0.013658223947606513,-57.205559336264415,-241.23611779678467,-56.969968276883684,-239.7004416995919,-56.427263642116074,-239.58886466137253,746.7028008109847,12.812402721793413,1.814979601672039,2.2627969334442146,0.013784290572395445,0.019628938687119877,-0.05003599848033802,0.013658223947606513,1.4240079011704079,1.1998130254953991,7.406089446257337,30.065951046762347,-33.01251263582518
726.0,-56.738514718968815,-239.2465556801691,0.018702983453643605,-57.01985926662779,-240.81441354476968,-56.738514718968815,-239.2465556801691,-56.19508814832053,-239.1350549055358,747.2126685199154,12.63790669230287,2.5936131135222427,3.0102676436313756,0.018847546410154587,0.02683905500573609,-0.04738363025278641,0.018702983453643605,1.4240079011704079,1.2135903223742652,7.381428244056957,30.05288972858616,-32.99658530905085
726.5,-56.505984248994274,-238.79277331219888,0.024139611439885002,-56.85642220544299,-240.4113297987604,-56.505984248994274,-238.79277331219888,-55.96051112734577,-238.6819987044449,747.7228934778285,12.50769050743186,3.596436907170456,3.801996510144411,0.024302864248481066,0.03460747071090887,-0.044868482149431746,0.024139611439885002,1.4240079011704079,1.2285748990801677,7.357760587076976,30.039737835352454,-32.9804883635983
727.0,-56.25309929879762,-238.3499723529677,0.02991569051864798,-56.69298514425818,-240.0082460527511,-56.25309929879762,-238.3499723529677,-55.70054027837931,-238.24263206885067,748.2334794596046,12.37747432256085,4.59926070081867,4.611045582295867,0.030097841260469042,0.04285956376308062,-0.040271055395034824,0.02991569051864798,1.4240079011704079,1.2445713066385151,7.3356857266104,30.026496533310226,-32.964220199428624
727.5,-56.00063909542815,-237.90667124747995,0.03580551571273183,-56.52954808307338,-239.60516230674182,-56.00063909542815,-237.90667124747995,-55.43928408928725,-237.8035770823845,748.7444244499864,12.24725813768984,5.602084494466883,5.400844654752537,0.03600675158790749,0.0512738987566604,-0.03646018362250627,0.03580551571273183,1.4240079011704079,1.2613113612305955,7.31665949545335,30.013166985606087,-32.9477791496983
728.0,-55.73119182904913,-237.47398794653338,0.041520155932820144,-56.36611102188858,-239.20207856073253,-55.73119182904913,-237.47398794653338,-55.15590513843891,-237.37802393141652,749.2557201197131,12.11704195281883,6.604908288115096,6.128476067927717,0.04174065611499337,0.05943902410778746,-0.02752014766895093,0.041520155932820144,1.4240079011704079,1.2788379570007837,7.2985079516970615,29.99975039600467,-32.931163562231674
728.5,-55.463082760075736,-237.04056950147287,0.04674118335403105,-56.20267396070377,-238.79899481472324,-55.463082760075736,-237.04056950147287,-54.87160966400844,-236.95269509727407,749.7673514140838,11.986825767947819,7.607732081763309,6.750435706303117,0.046981125821723216,0.06690149437601493,-0.018555860724417172,0.04674118335403105,1.4240079011704079,1.296752072384705,7.288602168975416,29.98624800835532,-32.91437179915067
729.0,-55.18556420239329,-236.61401259898716,0.05110707131028691,-56.041442266814016,-238.3860559295117,-55.18556420239329,-236.61401259898716,-54.573419853072984,-236.53656510147454,750.2792962673561,11.86307107254377,8.502937973864524,7.2289510720651755,0.05136662369800844,0.07314647800241114,-0.005970394590143107,0.05110707131028691,1.4240079011704079,1.3146522526030167,7.279608220598375,29.972661098167823,-32.89740222525431
729.5,-54.91034146621786,-236.1864613940022,0.05387959927519417,-55.899745558624005,-237.88582092640806,-54.91034146621786,-236.1864613940022,-54.27482126982711,-236.12037865284947,750.7915254540246,11.796551788501514,8.444872194406058,7.536683276731026,0.05415893397875849,0.07712274990471857,0.00805207632587244,0.05387959927519417,1.4240079011704079,1.3321342087024006,7.28254090657649,29.958990975981372,-32.88025321303816
730.0,-54.635922927968615,-235.75920909781823,0.055361725229945424,-55.758048850434,-237.3855859233044,-54.635922927968615,-235.75920909781823,-53.97384883807005,-235.70559210640505,751.304002585333,11.730032504459258,8.386806414947593,7.658596199296065,0.05566096618873982,0.07926165563954443,0.023428630656960187,0.055361725229945424,1.4240079011704079,1.3487523044089724,7.287795028451318,29.945239004672608,-32.86292313730051
730.5,-54.36591482509884,-235.32990804008338,0.05548435612400706,-55.61635214224399,-236.88535092020072,-54.36591482509884,-235.32990804008338,-53.674618209237394,-235.28933621959933,751.8166842564416,11.663513220417004,8.328740635489126,7.591391114041698,0.055803648597061925,0.07946483651635312,0.039957842804923455,0.05548435612400706,1.4240079011704079,1.3641368786373291,7.3063289999562535,29.931406545859918,-32.84541035863735
731.0,-54.10790572172268,-234.89343696450084,0.054254525224767085,-55.47465543405398,-236.38511591709707,-54.10790572172268,-234.89343696450084,-53.386015292679666,-234.86544992526117,752.3295203465177,11.596993936374748,8.270674856030661,7.342365578867598,0.054594028760480105,0.07774232831164817,0.05403911979318318,0.054254525224767085,1.4240079011704079,1.3779811701482234,7.328319278225608,29.917494993991667,-32.827713249043754
731.5,-53.85744089093883,-234.4533875165999,0.05166392832684226,-55.35307946299722,-235.8910126110082,-53.85744089093883,-234.4533875165999,-53.10284686477569,-234.43800690588455,752.8424544707507,11.54067827531631,7.9566769352093285,6.928906580166624,0.05202379595058643,0.07408229648251215,0.06823139602336487,0.05166392832684226,1.4240079011704079,1.3902328046556038,7.361089179531625,29.903505772780143,-32.809830184329876
732.0,-53.62856291149942,-234.00098762086964,0.047746215526953496,-55.28611232908528,-235.41355108307513,-53.62856291149942,-234.00098762086964,-52.84177227918147,-233.99653293728764,753.3554245799544,11.512055833552989,6.948064471429157,6.378096041703275,0.04812661095934867,0.06853267426266685,0.07743966765452599,0.047746215526953496,1.4240079011704079,1.4003441099504401,7.397433333956822,29.889440326918926,-32.7917595520031
732.5,-53.4107089043154,-233.54383743050505,0.04300819059316277,-55.21914519517334,-234.93608955514205,-53.4107089043154,-233.54383743050505,-52.59058604918351,-233.54982580480407,753.8683637001158,11.483433391789665,5.939452007648986,5.72435384503031,0.043409317730837615,0.061815211433129444,0.08608171897767442,0.04300819059316277,1.4240079011704079,1.4082517975859337,7.439581075816288,29.875300044719125,-32.77349983711958
733.0,-53.220436430961605,-233.07315985788765,0.03770950600797964,-55.152178061261395,-234.458628027209,-53.220436430961605,-233.07315985788765,-52.36905074846225,-233.08743695770823,754.3812008010206,11.454810950026342,4.930839543868815,5.003352504683253,0.03813161940310634,0.05429972731444626,0.0902021385630726,0.03770950600797964,1.4240079011704079,1.4139152872022958,7.484674807988223,29.861086481106696,-32.755049494073084
733.5,-53.04439536723516,-232.59745203201817,0.0320514724269234,-55.08521092734946,-233.98116649927593,-53.04439536723516,-232.59745203201817,-52.161784342480125,-232.61926679557214,754.8938617800587,11.426188508263019,3.9222270800886436,4.2424438436976235,0.03249475993970572,0.04627279490077659,0.09385512330273843,0.0320514724269234,1.4240079011704079,1.4172403563055604,7.5311729241532115,29.846801165871604,-32.73640691955422
734.0,-52.89829763430755,-232.11014141168747,0.026075965027719892,-55.04286937317938,-233.5065657418589,-52.89829763430755,-232.11014141168747,-51.987623635120514,-232.13751392439642,755.4062705445065,11.402633242314858,3.154262710629362,3.450799707415486,0.026540520818651443,0.03779391134693736,0.09494930445771504,0.026075965027719892,1.4240079011704079,1.4175229203778035,7.579975613271492,29.832445656411263,-32.71757051633006
734.5,-52.76920994718522,-231.6184086133845,0.019678843227666356,-55.03052595339878,-233.0354498883222,-52.76920994718522,-231.6184086133845,-51.831729095311374,-231.65058280764708,755.9183501731147,11.385250656265882,2.679448551223368,2.6138338681613007,0.020164747493988104,0.028714759756545243,0.09547271273446647,0.019678843227666356,1.4240079011704079,1.415015316351811,7.6278093514260235,29.81802153741933,-32.69853869363195
735.0,-52.67007100268427,-231.1183234399895,0.012615565523213926,-55.01818253361818,-232.5643340347855,-52.67007100268427,-231.1183234399895,-51.70972809818772,-231.15382940919466,756.4300241357332,11.367868070216906,2.2046343918173745,1.6958513675827835,0.013122897494454324,0.018687109718352305,0.0943366202393051,0.012615565523213926,1.4240079011704079,1.4099507656037815,7.677149324855092,29.803530417497683,-32.6793098643094
735.5,-52.58993706041604,-230.61519613724553,0.004532448172972008,-55.005839113837574,-232.0932181812488,-52.58993706041604,-230.61519613724553,-51.60919449080975,-230.65350084454505,756.9412175480466,11.35048548416793,1.7298202324113803,0.6520619200080814,0.005061275329060653,0.007207296058581227,0.09091467604958588,0.004532448172972008,1.4240079011704079,1.4025472488378055,7.724026206173789,29.78897388881511,-32.65988240313012
736.0,-52.5379338648291,-230.10726573332605,-0.004856485451201515,-54.993495694056975,-231.6221023277121,-52.5379338648291,-230.10726573332605,-51.54137590088873,-230.14754126194146,757.451858437314,11.333102898118954,1.2550060730053865,-0.5530680699902023,-0.004306068383123961,-0.006131875400548604,0.0844431168165263,-0.004856485451201515,1.4240079011704079,1.3926040301023144,7.769868836552866,29.77435365777251,-32.64025479055342
736.5,-52.50419594099901,-229.59824245685087,-0.015665626995552715,-54.980086532104615,-231.15808811201964,-52.50419594099901,-229.59824245685087,-51.495256376937704,-229.64034106361098,757.9618789943487,11.300980475216079,-0.46641213729526365,-1.9276210285195414,-0.015093480785457287,-0.021493235894654912,0.07307351172854003,-0.015665626995552715,1.4240079011704079,1.3802563216981858,7.810274746975152,29.759671409432137,-32.620425460232404
737.0,-52.49334402500462,-229.0877137573591,-0.027732109487557836,-54.966149508815874,-230.6975913324785,-52.49334402500462,-229.0877137573591,-51.47694756610953,-229.13143828632843,758.4712167868431,11.261557421648584,-2.8052724435167278,-3.4417235491645926,-0.027138077113873643,-0.03864483623272789,0.05715082655783743,-0.027732109487557836,1.4240079011704079,1.3658483577659044,7.844455541867484,29.744928853842485,-32.600392854188264
737.5,-52.49447360134443,-228.57767227398955,-0.04055469738715413,-54.95221248552713,-230.2370945529374,-52.49447360134443,-228.57767227398955,-51.47437031296152,-228.62318071735942,758.9798159095684,11.22213436808109,-5.144132749738192,-5.029723145624447,-0.03993862893065768,-0.05687292315916957,0.03633966020630577,-0.04055469738715413,1.4240079011704079,1.3497141701892896,7.86863900255555,29.73012772544863,-32.580155423186035
738.0,-52.5082887164731,-228.06818415086548,-0.05345240464417445,-54.93827546223839,-229.77659777339628,-52.5082887164731,-228.06818415086548,-51.48914731554073,-228.11560704869737,759.4876280479411,11.182711314513597,-7.482993055959657,-6.604567039273807,-0.052814129457644236,-0.07520773764112218,0.012760914404057633,-0.05345240464417445,1.4240079011704079,1.3320800664464052,7.881502878128204,29.715269775673374,-32.559711625195554
738.5,-52.52250024947182,-227.55956525663422,-0.06571715276036261,-54.92433843894964,-229.31610099385514,-52.52250024947182,-227.55956525663422,-51.50761705985776,-227.60898399093756,759.994613432935,11.143288260946102,-9.82185336218112,-8.078251590593013,-0.06505649243738532,-0.09264095925326958,-0.012358855190743517,-0.06571715276036261,1.4240079011704079,1.3130225287491497,7.881622000651443,29.700356724380278,-32.539059908042745
739.0,-52.53638361783476,-227.0519984184013,-0.07667798964476479,-54.86262195288576,-228.86662287150662,-52.53638361783476,-227.0519984184013,-51.52967656785844,-227.1033385142535,760.5007416673037,11.109813361928982,-10.748728256441153,-9.37987853394263,-0.07599476707466925,-0.10821714876193378,-0.03650390597920262,-0.07667798964476479,1.4240079011704079,1.2929279091045913,7.868909379921663,29.68539042653533,-32.51819872746919
739.5,-52.53763994149585,-226.5454424616268,-0.08598948671756455,-54.79367242264451,-228.41881279709375,-52.53763994149585,-226.5454424616268,-51.54151380267452,-226.59834414481685,761.0059924055089,11.077238918089419,-11.461851210655652,-10.464734462231462,-0.08528352980854204,-0.12144442028706585,-0.0585767984385474,-0.08598948671756455,1.4240079011704079,1.272164134620914,7.844566695641582,29.67037270170844,-32.49712657301276
740.0,-52.526857661826284,-226.04023666209773,-0.09347055715092649,-54.72472289240327,-227.97100272268088,-52.526857661826284,-226.04023666209773,-51.544352801374615,-226.09403776720447,761.5103558725893,11.044664474249855,-12.174974164870154,-11.313061412788263,-0.09274170817301328,-0.1320649252064111,-0.07744154427412073,-0.09347055715092649,1.4240079011704079,1.2510795792403806,7.809588282313433,29.655305390493123,-32.47584194465233
740.5,-52.49286767047015,-225.53756958107272,-0.099064618392486,-54.65577336216202,-227.523192648268,-52.49286767047015,-225.53756958107272,-51.52543944481102,-225.59138782904606,762.0138332103729,11.01209003041029,-12.888097119084655,-11.922001962995838,-0.09831271331800753,-0.1399980805503439,-0.09213663041832505,-0.099064618392486,1.4240079011704079,1.2300694447699165,7.766413689001981,29.640190353689796,-32.45434335312082
741.0,-52.43884314494902,-225.03770734094618,-0.10274698123114266,-54.57823882461409,-227.0724214005445,-52.43884314494902,-225.03770734094618,-51.488736734196095,-225.09023503152835,762.5164433324503,10.98111341688699,-13.536297836099132,-12.296264619440256,-0.10197188476239215,-0.14520876959888473,-0.10321236367400646,-0.10274698123114266,1.4240079011704079,1.2093932507361587,7.716790668194271,29.625029464447643,-32.43262931900674
741.5,-52.3556365477553,-224.5435603847174,-0.10418440558071386,-54.39380391844926,-226.58477767186255,-52.3556365477553,-224.5435603847174,-51.42354942545331,-224.5935216203835,763.018197616744,10.970032959964827,-13.376087932110359,-12.441638044512437,-0.10338599164278962,-0.14722246896967017,-0.109506703728918,-0.10418440558071386,1.4240079011704079,1.189317392646914,7.662821901294688,29.60982455276889,-32.41069836365522
742.0,-52.24862999277285,-224.05480911376173,-0.10376026950585035,-54.209369012284434,-226.0971339431806,-52.24862999277285,-224.05480911376173,-51.33611415340408,-224.10041752191407,763.519142412336,10.958952503042667,-13.215878028121583,-12.362764784626865,-0.10293842451786545,-0.14658512984747402,-0.11253492342841562,-0.10376026950585035,1.4240079011704079,1.1700977576089933,7.607083108053018,29.594577537454917,-32.38854903942343
742.5,-52.11160141894216,-223.57532391781703,-0.10149858911688785,-54.0249341061196,-225.6094902144987,-52.11160141894216,-223.57532391781703,-51.2188727448739,-223.6150825689404,764.0193104747096,10.947872046120507,-13.05566812413281,-12.063884640924597,-0.10065323780952375,-0.14333100591914585,-0.11141401052120592,-0.10149858911688785,1.4240079011704079,1.1521388929908774,7.550423468742266,29.57929036106907,-32.36617992031201
743.0,-51.95077445738249,-223.10392068266356,-0.09748288489408412,-53.833291160225066,-225.12421631239832,-51.95077445738249,-223.10392068266356,-51.07879092871111,-223.1358187358764,764.5187685838222,10.934071132158095,-12.83422454751676,-11.55057323867067,-0.09661392999625582,-0.13757899967779297,-0.1076683363575507,-0.09748288489408412,1.4240079011704079,1.1358045901995144,7.496006368652238,29.563964966237876,-32.34358957382184
743.5,-51.763231700006926,-222.6440856744983,-0.0923889931324331,-53.534647614254226,-224.6741215818638,-51.763231700006926,-222.6440856744983,-50.91199385407258,-222.666528759823,765.0175686372635,10.879886071228688,-11.70379046007027,-10.83060189451529,-0.09149637692851327,-0.1302915636746687,-0.10094052691148439,-0.0923889931324331,1.4240079011704079,1.1212245325505947,7.4433427999229025,29.548603309648154,-32.32077658031319
744.0,-51.55460487842455,-222.19400374753604,-0.08549569882841955,-53.236004068283385,-224.2240268513293,-51.55460487842455,-222.19400374753604,-50.724608106162144,-222.20499573630138,765.515794949855,10.82570101029928,-10.573356372623778,-9.912347549301593,-0.0845793735724536,-0.12044169624321752,-0.09211981623951004,-0.08549569882841955,1.4240079011704079,1.1084516216824092,7.395802400235592,29.533207355090944,-32.29773953392263
744.5,-51.325045403099566,-221.75559964276098,-0.07679540117492269,-52.937360522312545,-223.7739321207948,-51.325045403099566,-221.75559964276098,-50.51626850564573,-221.75354004787258,766.0135150582212,10.771515949369872,-9.442922285177286,-8.80115304251014,-0.0758552973801378,-0.10801854281494716,-0.08122921191545897,-0.07679540117492269,1.4240079011704079,1.0975752201059765,7.352065454384491,29.517779025576395,-32.27447704672142
745.0,-51.07875366222153,-221.32691710401195,-0.06627759043491818,-52.634404406863865,-223.32617990510013,-51.07875366222153,-221.32691710401195,-50.291341766069394,-221.3100700452109,766.5108267672844,10.712654719209313,-8.286613029010462,-7.495459120851946,-0.06531366061869054,-0.09300716877537783,-0.06850978851693157,-0.06627759043491818,1.4240079011704079,1.08924924765395,7.31546017057545,29.50232031081885,-32.25098774065818
745.5,-50.81844944254094,-220.90762903383904,-0.05434317303992872,-52.274653558029414,-222.90927762851126,-50.81844944254094,-220.90762903383904,-50.052442911011454,-220.87456351170036,767.0078087420184,10.592210299232491,-6.789538640517679,-5.986192014962974,-0.05335528620263899,-0.07597834912176638,-0.054582362350139975,-0.05434317303992872,1.4240079011704079,1.083472235385725,7.284391906963852,29.48683322147778,-32.22727026572204
746.0,-50.54669037551764,-220.49607434980686,-0.03988288784561164,-51.91490270919497,-222.4923753519224,-50.54669037551764,-220.49607434980686,-49.80199501867747,-220.4455834220028,767.5045673853164,10.47176587925567,-5.292464252024896,-4.262504819239642,-0.03887093927726083,-0.05535252465673457,-0.03907760072956656,-0.03988288784561164,1.4240079011704079,1.0802461112049195,7.261621463362623,29.471319777173886,-32.20332328763175
746.5,-50.26802282211611,-220.08973372363232,-0.022732595460780956,-51.555151860360525,-222.07547307533352,-50.26802282211611,-220.08973372363232,-49.54474573738812,-220.02085660636976,768.0011927783606,10.351321459278848,-3.7953898635321126,-2.3247769226203876,-0.021696500680626517,-0.030895988396961293,-0.023170583569609604,-0.022732595460780956,1.4240079011704079,1.0795787834512,7.2458739963916825,29.45578199240405,-32.179145473071074
747.0,-49.983717501998576,-219.68732824237114,-0.002978729394260876,-51.196356679695946,-221.65921763783635,-49.983717501998576,-219.68732824237114,-49.28155656081877,-219.59975001030833,768.497782597156,10.234267390248416,-2.1442899183548385,-0.20092985903392607,-0.0019183637550091162,-0.002731765144451914,-0.006273358719159238,-0.002978729394260876,1.4240079011704079,1.08144143993058,7.238796613350081,29.4402218864235,-32.15473550525353
747.5,-49.699284396964956,-219.28491311845002,0.018703747283826053,-50.84885256657115,-221.25060450140353,-49.699284396964956,-219.28491311845002,-49.01822930431327,-219.17864902671636,768.994440742368,10.157269778810965,1.3265974993073657,2.0415800008311993,0.0197884796064985,0.028178951311803344,0.010022001216173545,0.018703747283826053,1.4240079011704079,1.085458508060553,7.2396902938481045,29.424641469409114,-32.130092085288226
748.0,-49.415325509743404,-218.88147078845267,0.0411694293776336,-50.50134845344636,-220.84199136497068,-49.415325509743404,-218.88147078845267,-48.75472844118607,-218.75747741088705,769.4912507071316,10.080272167373513,4.7974849169695695,4.296013399937312,0.042278649950438216,0.06020513158024189,0.026172015381955415,0.0411694293776336,1.4240079011704079,1.0916981812492699,7.248669154761114,29.40904277098115,-32.105213930864984
748.5,-49.137445921688034,-218.4729658952364,0.06314376649869453,-50.15384434032157,-220.43337822853786,-49.137445921688034,-218.4729658952364,-48.49682719258583,-218.3326126765218,769.9883169945115,10.003274555936061,8.268372334631774,6.4319700072007455,0.06427759706229969,0.09153180608496254,0.04063190146644614,0.06314376649869453,1.4240079011704079,1.100156966565338,7.265511735317957,29.393427823933187,-32.080099777791126
749.0,-48.86618416005549,-218.05859216578176,0.08313738388563424,-49.81088113388879,-220.02314808085202,-48.86618416005549,-218.05859216578176,-48.24425736781427,-217.90412836033528,770.485715718249,9.935729488143446,11.542609416500794,8.321586171239357,0.08429592819205371,0.12003806778197783,0.05351198222801001,0.08313738388563424,1.4240079011704079,1.1107762827528083,7.288846563176474,29.377798696184353,-32.05474837954012
749.5,-48.60641720132413,-217.63554784595289,0.09757426275843646,-49.52884204728737,-219.5912229294967,-48.60641720132413,-217.63554784595289,-48.001818771532825,-217.46951372280552,770.9835416552055,9.99500664789015,12.178442004435546,9.865901861756814,0.09875762030811824,0.1406316316195475,0.06384893822724198,0.09757426275843646,1.4240079011704079,1.123409935164852,7.318552561830407,29.36215743627662,-32.02915850945842
750.0,-48.35886198493311,-217.20341050127422,0.10771854305485869,-49.24680296068594,-219.15929777814134,-48.35886198493311,-217.20341050127422,-47.76946383032032,-217.02871548687736,771.4818645201495,10.054283807636853,12.8142745923703,11.011254974783354,0.10892674823915105,0.15511255014135092,0.07170793251904996,0.10771854305485869,1.4240079011704079,1.1377159462022,7.352332769951864,29.346506078617278,-32.00332896565613
750.5,-48.126934816733275,-216.76129053811053,0.11365891586594055,-48.96476387408452,-218.727372626786,-48.126934816733275,-216.76129053811053,-47.550423227561836,-216.58079012761502,771.9807533675812,10.113560967383558,13.450107180305052,11.751627918573659,0.11489201297687418,0.16360713426044188,0.0771434262505772,0.11365891586594055,1.4240079011704079,1.1535743922344386,7.390055694416954,29.330846655952655,-31.977258605210142
751.0,-47.91142880108659,-216.3091664588088,0.11563280429253744,-48.696034372266475,-218.29655875723407,-47.91142880108659,-216.3091664588088,-47.34498683042122,-216.12552839044727,772.4802691562132,10.182385364247907,13.961883283384264,12.119356610608973,0.11689084709746973,0.16645348984129893,0.0800307701748277,0.11563280429253744,1.4240079011704079,1.1708854499457437,7.429493565287838,29.31518120051936,-31.950946264932266
751.5,-47.714028997134314,-215.84771438655994,0.11245085325978393,-48.557176636951006,-217.87658851152432,-47.714028997134314,-215.84771438655994,-47.15470966056105,-215.6633034750589,772.9804641528337,10.344369432872687,13.263145677996247,12.170205334974543,0.1137338815347627,0.16195794593628124,0.08118888588796126,0.11245085325978393,1.4240079011704079,1.1895759764425087,7.470316232568525,29.299511741902936,-31.92439080299666
752.0,-47.53524000722084,-215.37724281569007,0.10710977412249686,-48.41831890163553,-217.4566182658146,-47.53524000722084,-215.37724281569007,-46.9800164877724,-215.19389422757007,773.4813814929058,10.506353501497468,12.564408072608233,11.96753423725082,0.10841781743924092,0.1543878286611299,0.08053048213664077,0.10710977412249686,1.4240079011704079,1.2093588194538165,7.511120514221767,29.28384030602621,-31.897591099409212
752.5,-47.37543730875503,-214.89917009004404,0.10030325963164657,-48.27946116632006,-217.03664802010485,-47.37543730875503,-214.89917009004404,-46.82139717823654,-214.71833086432267,773.9830549016496,10.66833757012225,11.865670467220218,11.567581794661203,0.10163635477257611,0.14473097224230708,0.0792982056474872,0.10030325963164657,1.4240079011704079,1.2298632626327548,7.551455809509723,29.26816896699787,-31.870546037199063
753.0,-47.23459035312243,-214.41394920904526,0.0924821904817481,-48.14060343100459,-216.6166777743951,-47.23459035312243,-214.41394920904526,-46.679022640076326,-214.23653093064937,774.4855085761486,10.830321638747032,11.166932861832203,11.007088026347054,0.09384037414750493,0.1336294342348343,0.0772590930198538,0.0924821904817481,1.4240079011704079,1.2508437025235684,7.59117162466838,29.252499764946904,-31.84325451994171
753.5,-47.11281112335983,-213.92298311520923,0.08367447269967536,-48.073390824804775,-216.17526908797996,-47.11281112335983,-213.92298311520923,-46.553362197923384,-213.74958764944435,774.9887572259317,11.001800913886305,10.592753380969038,10.295361305846718,0.08505777712294639,0.12112294667906723,0.07497599702053899,0.08367447269967536,1.4240079011704079,1.272035446770872,7.629584000807172,29.23683484881748,-31.815715360360407
754.0,-47.009280310158715,-213.42679302976867,0.07394469072134208,-48.03682159306079,-215.72469095523405,-47.009280310158715,-213.42679302976867,-46.44390210786871,-213.2576339473936,775.4928007963821,11.177341388612357,10.071848718623812,9.414092366893033,0.07535315202562427,0.10730348386258388,0.07212907076241028,0.07394469072134208,1.4240079011704079,1.293154744793267,7.6671107062003685,29.221176225868405,-31.787927524239418
754.5,-46.924405279391195,-212.92653260898717,0.06317635488542982,-48.000252361316804,-215.27411282248812,-46.924405279391195,-212.92653260898717,-46.3516723937172,-212.76163382066207,775.9976422256826,11.352881863338407,9.550944056278588,8.327449344412399,0.06461000315466212,0.09200515498688383,0.06787349682294969,0.06317635488542982,1.4240079011704079,1.31386652931473,7.702749933835137,29.205525895822458,-31.759890001280905
755.0,-46.8562645187683,-212.42272135744957,0.05121933851363199,-47.96368312957282,-214.82353468974222,-46.8562645187683,-212.42272135744957,-46.275057468908926,-212.2618962149313,776.5032760027676,11.528422338064459,9.030039393933363,7.001171571640178,0.05267820452685175,0.07501417946570764,0.06215167110462911,0.05121933851363199,1.4240079011704079,1.3338768969825499,7.7360642293002115,29.189885850113086,-31.731601805626237
755.5,-46.804733259240535,-211.9163607416015,0.038182898469441284,-47.9443687500064,-214.36275797068797,-46.804733259240535,-211.9163607416015,-46.21464440245287,-211.75938720955853,777.0096701575011,11.694432620614739,7.802176664329712,5.424849810177864,0.03966700464787225,0.05648612803433337,0.053123411240308574,0.038182898469441284,1.4240079011704079,1.3528700835305727,7.765989082131222,29.17425808048926,-31.703061982924105
756.0,-46.7667338499212,-211.40786864281753,0.024385005638990685,-47.967582531311976,-213.8768447210668,-46.7667338499212,-211.40786864281753,-46.1676207454546,-211.2544700850836,777.5168096686874,11.83695376852501,4.831869194850427,3.6281510226460583,0.025894376219860432,0.036873796332960375,0.04171000846128756,0.024385005638990685,1.4240079011704079,1.3705111677352688,7.790200183149262,29.158644635677003,-31.674269726049545
756.5,-46.73969392557909,-210.898022118637,0.010192455195248137,-47.99079631261755,-213.3909314714456,-46.73969392557909,-210.898022118637,-46.13181960861766,-210.74800073966645,778.0246557640073,11.97947491643528,1.8615617253711392,1.6829323744020812,0.011727112731012183,0.01669950118687743,0.027140655818181102,0.010192455195248137,1.4240079011704079,1.3864477443921297,7.8085659042740865,29.1430474880996,-31.64522447181094
757.0,-46.720340246116436,-210.38703945538765,-0.003673774705409965,-48.014010093923126,-212.90501822182443,-46.720340246116436,-210.38703945538765,-46.104269619444906,-210.24022681876454,778.5331842743245,12.121996064345549,-1.1087457441081465,-0.3106105089181421,-0.0021138193436458595,-0.0030100954469985497,0.01141070631721185,-0.003673774705409965,1.4240079011704079,1.4006624478647582,7.817949232449338,29.12746858512314,-31.61592535418845
757.5,-46.70282960744788,-209.87537691251515,-0.016530889188115325,-48.037223875228705,-212.4191049722033,-46.70282960744788,-209.87537691251515,-46.07895588003544,-209.73169929366742,779.0423481818957,12.264517212255818,-4.079053213587434,-2.2480959054379013,-0.014945619470342189,-0.021282680213653565,-0.004421126009439947,-0.016530889188115325,1.4240079011704079,1.4128996263023523,7.820253087932201,29.111909861806605,-31.58637153502323
758.0,-46.68579130445811,-209.36310443334435,-0.027775598945100406,-48.039978914727584,-211.91233335111815,-46.68579130445811,-209.36310443334435,-46.05506313126129,-209.2225124453204,779.5520960550336,12.433176878098944,-5.460521664162222,-4.044688703698993,-0.02616500836415115,-0.03725917864474105,-0.018683962586674353,-0.027775598945100406,1.4240079011704079,1.4228567860602797,7.813429091495071,29.096373240074872,-31.55656220447978
758.5,-46.661253324347754,-208.85069418715779,-0.03718601102155538,-48.03997786881614,-211.40275180878677,-46.661253324347754,-208.85069418715779,-46.02391469291717,-208.7132116243529,780.0623862212929,12.605357776508718,-6.627950752945322,-5.648732920200398,-0.035550088624835566,-0.05062360708907408,-0.03007597957158066,-0.03718601102155538,1.4240079011704079,1.4302284422511395,7.80109648870458,29.080860639501537,-31.526496577861923
759.0,-46.631531557107714,-208.33806890800847,-0.04478974467019948,-48.03997682290469,-210.89317026645537,-46.631531557107714,-208.33806890800847,-45.98882545127059,-208.20366249353089,780.5731570211451,12.777538674918492,-7.795379841728423,-7.041393775524818,-0.04312848708938159,-0.061415306380805314,-0.03853705575643099,-0.04478974467019948,1.4240079011704079,1.4347595177482362,7.7825565571464,29.065374057278476,-31.496173870737522
759.5,-46.58795129779587,-207.8261614001561,-0.050737236218661004,-48.039975776993245,-210.38358872412397,-46.58795129779587,-207.8261614001561,-45.94006655773111,-207.69488300432408,781.0843705217162,12.949719573328267,-8.962808930511523,-8.225559473992085,-0.04905064460850761,-0.0698485054800165,-0.0433165575811391,-0.050737236218661004,1.4240079011704079,1.4368736993526625,7.761513734564436,29.049915366414776,-31.465593362414367
760.0,-46.53661817042984,-207.31454917930682,-0.054953962528753064,-48.002550934165484,-209.86344783850228,-46.53661817042984,-207.31454917930682,-45.885186320061706,-207.18626443575272,781.5959653161399,13.153176022591918,-9.925427358279496,-9.211194729905916,-0.05324204147741465,-0.07581708773828104,-0.04570398039424031,-0.054953962528753064,1.4240079011704079,1.436420130330147,7.738022914934662,29.034486424171753,-31.434754362173408
760.5,-46.46896635947319,-206.80466725734493,-0.05751949180826296,-47.92302539807566,-209.33142799591886,-46.46896635947319,-206.80466725734493,-45.81436075063787,-206.6793600213772,782.107905642149,13.391816565443012,-10.657639693488777,-10.004031007774593,-0.05578225225620459,-0.07943436795791614,-0.04518164605676093,-0.05751949180826296,1.4240079011704079,1.433244044892194,7.714509397232978,29.01908907148717,-31.403656209721987
761.0,-46.393569342812256,-206.29556451860344,-0.05882364822736068,-47.84349986198584,-208.79940815333543,-46.393569342812256,-206.29556451860344,-45.73782459843864,-206.17290380702048,782.6201340893903,13.630457108294104,-11.38985202869806,-10.601346144176997,-0.057061104512107,-0.08125546367475077,-0.043467393840292565,-0.05882364822736068,1.4240079011704079,1.427199925132414,7.69152169714534,29.003725132462574,-31.37229827569487
761.5,-46.30248267990499,-205.7889312034297,-0.05894706664743026,-47.763974325896015,-208.26738831075204,-46.30248267990499,-205.7889312034297,-45.64628953772886,-205.6687363702838,783.1326206024722,13.869097651145198,-12.122064363907342,-10.994686754564883,-0.05715924037635002,-0.08139520992082103,-0.04033884080459445,-0.05894706664743026,1.4240079011704079,1.4189701207024858,7.669765327849451,28.98839642100421,-31.34067995903703
762.0,-46.20496583280902,-205.28335658304863,-0.05801797887346463,-47.68151198418303,-207.74513975195975,-46.20496583280902,-205.28335658304863,-45.55062874834313,-205.16505961662162,783.6453150527806,14.101431705681554,-12.766270939841444,-11.176363134180562,-0.05620488806996157,-0.08003620469602367,-0.037013196173614156,-0.05801797887346463,1.4240079011704079,1.4086136819449768,7.64997907816741,28.97310486739029,-31.308800602950136
762.5,-46.093872573604486,-204.78057063385705,-0.056760330259658605,-47.55788227993049,-207.35986245852283,-46.093872573604486,-204.78057063385705,-45.44235447561503,-204.66378656648737,784.1581894002205,14.245363079169804,-12.17683611673915,-11.14534149835059,-0.05492199880745836,-0.07820936024989242,-0.03380321532335752,-0.056760330259658605,1.4240079011704079,1.3962093021455078,7.631649617173634,28.957852355996774,-31.276659543129128
763.0,-45.97789427370291,-204.27892332034412,-0.05455133180013793,-47.43425257567794,-206.97458516508587,-45.97789427370291,-204.27892332034412,-45.33156817639088,-204.16287401473548,784.6712153883678,14.389294452658053,-11.587401293636855,-10.909100167406717,-0.05268778363190591,-0.0750278201869909,-0.03083196475117934,-0.05455133180013793,1.4240079011704079,1.381891743398039,7.615163872251462,28.94264064250334,-31.244256274153305
763.5,-45.85030848163244,-203.78015962637556,-0.05150989861269877,-47.310622871425394,-206.58930787164894,-45.85030848163244,-203.78015962637556,-45.210190886923975,-203.66430149033957,785.1843705101091,14.533225826146303,-10.99796647053456,-10.48071653974992,-0.04962116214554942,-0.07066092696052033,-0.02891369529048285,-0.05150989861269877,1.4240079011704079,1.3662387480342975,7.599902658104804,28.927471464955136,-31.211590324171055
764.0,-45.71913127660967,-203.28249833832868,-0.04775085577651319,-47.186993167172844,-206.20403057821198,-45.71913127660967,-203.28249833832868,-45.08743583439405,-203.16593607283033,785.6976371936671,14.677157199634552,-10.408531647432266,-9.874149222291962,-0.04583695873523683,-0.06527219140459918,-0.027206687646295646,-0.04775085577651319,1.4240079011704079,1.3493947787625535,7.585394989368378,28.91234654387784,-31.178661255108455
764.5,-45.57719576451612,-202.7878780666527,-0.04337401341531321,-47.0633634629203,-205.81875328477506,-45.57719576451612,-202.7878780666527,-44.954616641086986,-202.67005963380953,786.2110055168544,14.821088573122802,-9.819096824329973,-9.10180289277739,-0.04143498833069867,-0.05900375076781855,-0.026557238830657064,-0.04337401341531321,1.4240079011704079,1.3316876463178757,7.57190230005237,28.897267587166752,-31.14546865680814
765.0,-45.432718955963644,-202.29421173622768,-0.03847672757887328,-46.93973375866776,-205.4334759913381,-45.432718955963644,-202.29421173622768,-44.821117207469335,-202.17425693774408,786.7244722143018,14.96501994661105,-9.229662001227679,-8.17706523196109,-0.036512608644331666,-0.05199424320187123,-0.026356020314346574,-0.03847672757887328,1.4240079011704079,1.313468606897072,7.558067352598838,28.882236329132088,-31.11201209930929
765.5,-45.27721775799137,-201.80390873332766,-0.03322928273417769,-46.78433826482023,-205.03481288548608,-45.27721775799137,-201.80390873332766,-44.676654537890364,-201.68143967851077,787.2380341288086,15.098174735545932,-7.9661150586103,-7.1213350871445895,-0.03124010802648459,-0.04448616066313114,-0.025260329972670702,-0.03322928273417769,1.4240079011704079,1.2950549583404496,7.544791963279698,28.86725443592365,-31.078291247199083
766.0,-45.11973479789974,-201.31440400277614,-0.027773275744791753,-46.613208624096096,-204.62951955443626,-45.11973479789974,-201.31440400277614,-44.5315537024375,-201.18869951683982,787.7517068688359,15.225991695125623,-6.3686686840887665,-5.971750186750367,-0.02575908633242255,-0.036681142464300376,-0.02451213302284438,-0.027773275744791753,1.4240079011704079,1.2768408138506253,7.532084556075776,28.852323556172177,-31.044305797248523
766.5,-44.95183356529888,-200.82823271008843,-0.02233785948101147,-46.442078983371964,-204.2242262233864,-44.95183356529888,-200.82823271008843,-44.37557518866644,-200.69915342377038,788.2655073667474,15.353808654705313,-4.771222309567233,-4.785203677224601,-0.02029869788889463,-0.02890550617725703,-0.022333525872588227,-0.02233785948101147,1.4240079011704079,1.2592214073328787,7.519583524951726,28.837445320555418,-31.010055478081128
767.0,-44.78212402838068,-200.34271240616727,-0.017231674556851324,-46.27094934264783,-203.81893289233656,-44.78212402838068,-200.34271240616727,-44.21854479871716,-200.20979477044747,788.7794592553546,15.481625614285004,-3.1737759350457004,-3.63537869092064,-0.015167588423687678,-0.021598765757032064,-0.019912175754988506,-0.017231674556851324,1.4240079011704079,1.2424339275542993,7.509110115701652,28.822621402565932,-30.97553995080259
767.5,-44.603998363136625,-199.85994596150408,-0.01276917986027244,-46.0998197019237,-203.41363956128671,-44.603998363136625,-199.85994596150408,-44.05240975122731,-199.72324833481218,789.2935914911183,15.609442573864694,-1.576329560524167,-2.602285266835054,-0.010680217922701261,-0.015208714708148397,-0.016152001516052242,-0.01276917986027244,1.4240079011704079,1.2264881374057444,7.499098276861526,28.80785374580743,-30.94075843125725
768.0,-44.424465792015496,-199.3775618085808,-0.00920651046376595,-45.92869006119957,-203.00834623023687,-44.424465792015496,-199.3775618085808,-43.8851758565544,-199.23686248915303,789.8079338492269,15.737259533444384,0.021116813997366535,-1.7565941706519888,-0.007092726654517408,-0.010100098796874743,-0.012035215529007427,-0.00920651046376595,1.4240079011704079,1.2117647521348844,7.492483550567715,28.793143909589173,-30.905710681693094
768.5,-44.239808751308274,-198.89677223909425,-0.006680008906743994,-45.74982313400143,-202.59479952222694,-44.239808751308274,-198.89677223909425,-43.71227864408536,-198.75217810339777,790.3225340378549,15.866984817825475,1.0005047552079862,-1.1433633378383306,-0.004541459546182953,-0.0064670742766103,-0.007632849649201981,-0.006680008906743994,1.4240079011704079,1.198636967184628,7.486705769469,28.778493466703388,-30.87039653243951
769.0,-44.05450127956829,-198.415946920945,-0.005173363950797942,-45.55282836861667,-202.16191581764483,-44.05450127956829,-198.415946920945,-43.53884554359839,-198.26736107315367,790.8374399655027,16.001181153307428,0.5318316343694542,-0.77070181966422,-0.0030101095415540754,-0.004286419770561437,-0.0031561715754902606,-0.005173363950797942,1.4240079011704079,1.1873859579490338,7.484617060187279,28.76390396877823,-30.83481584832581
769.5,-43.867612199509416,-197.9353527724811,-0.004521385031764505,-45.35583360323192,-201.7290321130627,-43.867612199509416,-197.9353527724811,-43.363697810490756,-197.78277751676893,791.3527048602082,16.135377488789384,0.06315851353092228,-0.6075252475439925,-0.0023334906798538864,-0.003322909165419441,0.0002279036034911742,-0.004521385031764505,1.4240079011704079,1.1775231271870086,7.483451463615999,28.749376889843887,-30.798968636185418
770.0,-43.680925098637765,-197.4542945693414,-0.00444716822728395,-45.15883883784717,-201.29614840848058,-43.680925098637765,-197.4542945693414,-43.18889462309848,-197.29763413503258,791.8683801985366,16.269573824271337,-0.4055146073076099,-0.5915235990501655,-0.00223470253606352,-0.0031822340681200005,0.0031558826719742575,-0.00444716822728395,1.4240079011704079,1.169077845334133,7.484850340347641,28.73491342775005,-30.762855423709834
770.5,-43.4951071442855,-196.972469294605,-0.004632538901489271,-44.96184407246242,-200.86326470389844,-43.4951071442855,-196.972469294605,-43.01521193107512,-196.81158013038709,792.3845338973838,16.40377015975329,-0.8741877281461421,-0.6446105705002747,-0.0023955766525511186,-0.0034113200810921497,0.004171239881400997,-0.004632538901489271,1.4240079011704079,1.1622834952118013,7.486709151148559,28.72051504329348,-30.72647622940668
771.0,-43.30989901874919,-196.4899107153133,-0.0047878758970527025,-44.76484930707767,-200.43038099931633,-43.30989901874919,-196.4899107153133,-42.84234982869786,-196.32465190337038,792.9012379330266,16.537966495235242,-1.342860848984674,-0.6910072606777251,-0.0025264947214192653,-0.0035977484455663625,0.004336517615237898,-0.0047878758970527025,1.4240079011704079,1.1573546426897674,7.489159747847596,28.706183121517444,-30.68983120608858
771.5,-43.12610342063723,-196.00628343480292,-0.004706972679320919,-44.56785454169292,-199.9974972947342,-43.12610342063723,-196.00628343480292,-42.671257354378824,-195.83645185220172,793.4185504739643,16.672162830717195,-1.811533969823206,-0.6730150685443529,-0.0024212570683257227,-0.003447889196060527,0.002945703892577348,-0.004706972679320919,1.4240079011704079,1.1539832923341258,7.491194339489235,28.691919080793106,-30.652920438491304
772.0,-42.9424753012464,-195.52195774424476,-0.004306157025476196,-44.37353764287096,-199.53784694543896,-42.9424753012464,-195.52195774424476,-42.50046355755188,-195.3474195622512,793.9365502228645,16.763983899165506,-1.3344424510387014,-0.5609929293711564,-0.001996194788555217,-0.002842597151177821,0.0009332367810978784,-0.004306157025476196,1.4240079011704079,1.1520441541167188,7.492210479058664,28.677724312619247,-30.615744054047198
772.5,-42.75922280891369,-195.0367931582675,-0.003587598990127111,-44.1794956543676,-199.07544872702718,-42.75922280891369,-195.0367931582675,-42.33019138488297,-194.85740387902229,794.455306366029,16.851454714198233,-0.7602585445981305,-0.35595338057958337,-0.0012534826488159747,-0.0017849691958939597,-0.0013531015227262787,-0.003587598990127111,1.4240079011704079,1.15155081181298,7.492163006512285,28.663600181062122,-30.578302223532596
773.0,-42.57504491691043,-194.55115390875272,-0.0026552528148866042,-43.98545366586425,-198.61305050861537,-42.57504491691043,-194.55115390875272,-42.15887287828565,-194.36685743666456,794.974908849449,16.938925529230964,-0.1860746381575593,-0.08523971116753523,-0.0002970778362472747,-0.00042304118607872776,-0.0033600217182733353,-0.0026552528148866042,1.4240079011704079,1.1523295662778719,7.490807992210199,28.64954797056113,-30.540595161104594
773.5,-42.38990260744493,-194.06497583549756,-0.0016675574988254524,-43.79141167736089,-198.1506522902036,-42.38990260744493,-194.06497583549756,-41.98641423777383,-193.8757357253767,795.4954306456583,17.02639634426369,0.38810926828301184,0.20715490183471003,0.0007145781571104925,0.0010175649417291303,-0.00448912633315389,-0.0016675574988254524,1.4240079011704079,1.1543074813873253,7.488671390000178,28.63556885608981,-30.50262312456477
774.0,-42.20301181739201,-193.57846150747156,-0.0007907959441392116,-43.59736968885754,-197.68825407179182,-42.20301181739201,-193.57846150747156,-41.81184231837875,-193.38430980274958,796.0169458514149,17.11386715929642,0.9622931747235826,0.4730663794015325,0.0016151980099347704,0.002300054728101832,-0.004390871319711656,-0.0007907959441392116,1.4240079011704079,1.1571784108063656,7.486134061790011,28.62166412524579,-30.46438641825363
774.5,-42.014699414755334,-193.09140574554374,-0.0001559801335047047,-43.40332770035419,-197.22585585338004,-42.014699414755334,-193.09140574554374,-41.63549626493293,-192.89236741688003,796.5395410849394,17.201337974329146,1.5364770811641537,0.6727760445167663,0.0022737675341440947,0.0032378629340459463,-0.003286282125957847,-0.0001559801335047047,1.4240079011704079,1.1608784443911642,7.484089456661213,28.60783505264826,-30.425885356467113
775.0,-41.82505879708913,-192.6037003927106,0.0001942320209615202,-43.20824422675138,-196.7528449869562,-41.82505879708913,-192.6037003927106,-41.457452080237516,-192.39980285678854,797.0632975368501,17.222866283635117,1.6435856722852933,0.7853572017553557,0.0026476243768573994,0.0037702380319763144,-0.0008043749059961006,0.0001942320209615202,1.4240079011704079,1.1653246487806037,7.482697205112448,28.5940830009301,-30.38712003772311
775.5,-41.634581448653336,-192.11509596901132,0.00028410934397044485,-43.01211297198372,-196.26915731612874,-41.634581448653336,-192.11509596901132,-41.278268145499005,-191.90633486340283,797.5882904242101,17.178053446534005,1.2807953486588313,0.8147413761875322,0.0027610347522381016,0.003931735302593136,0.0018961281425456966,0.00028410934397044485,1.4240079011704079,1.1703534830243219,7.483242549480814,28.580409107930812,-30.34809089366322
776.0,-41.44463468086829,-191.6250260127436,0.00019195260936349066,-42.815981717216054,-195.78546964530128,-41.44463468086829,-191.6250260127436,-41.09954624695972,-191.4113008276692,798.114599155465,17.133240609432892,0.9180050250323692,0.7903171246167324,0.0026922932634473847,0.0038338468794169383,0.005004813424004887,0.00019195260936349066,1.4240079011704079,1.1753168916634722,7.484686022366874,28.566814472363166,-30.308798403051888
776.5,-41.25469250916205,-191.13360528890948,8.436186693988514e-05,-42.61985046244839,-195.30178197447378,-41.25469250916205,-191.13360528890948,-40.920669253774726,-190.9148341727321,798.6423079586785,17.08842777233178,0.5552147014059072,0.7615723385171256,0.002607996157410814,0.003713807134375062,0.007530896843184516,8.436186693988514e-05,1.4240079011704079,1.1802831469739794,7.488504148330575,28.553300250806736,-30.26924308652443
777.0,-41.0676058388021,-190.63976595172704,0.00016377429848102006,-42.423719207680726,-194.81809430364632,-41.0676058388021,-190.63976595172704,-40.74499319444468,-190.41567679455488,799.1714811922914,17.04361493523067,0.1924243777794452,0.7873806694538857,0.002710574330169341,0.0038598792628708276,0.00880658985938974,0.00016377429848102006,1.4240079011704079,1.1852779413938113,7.4926294226427945,28.539867563861016,-30.229425508786957
777.5,-40.880805320462095,-190.14434816249036,0.0006201824403948611,-42.22758795291306,-194.33440663281883,-40.880805320462095,-190.14434816249036,-40.569487511865816,-189.9148214095835,799.702197535198,16.99880209812956,-0.1703659458470168,0.921785538799778,0.003190018890755929,0.0045426121053193024,0.009645731845403328,0.0006201824403948611,1.4240079011704079,1.1902759950186428,7.497814533685378,28.526517433008227,-30.189346248474987
778.0,-40.69790616453372,-189.64603829159137,0.0015864326463208228,-42.031755024991035,-193.8458380793744,-40.69790616453372,-189.64603829159137,-40.39837818101316,-189.410738769542,800.2345319204219,16.94038310729531,-0.39147927188047066,1.1993239606353063,0.00417917016566113,0.005951171336237092,0.007643140049920779,0.0015864326463208228,1.4240079011704079,1.1950785534265875,7.502856162713363,28.5132508392585,-30.14900595256673
778.5,-40.515131859892875,-189.14607075847482,0.0031673334309226804,-41.8386626505968,-193.3124317237998,-40.515131859892875,-189.14607075847482,-40.22716797108028,-188.90491360169673,800.7685483731243,16.75697237281204,0.6889107741215268,1.6237977407339494,0.005782835328311289,0.008234803198682646,0.005347657327801428,0.0031673334309226804,1.4240079011704079,1.1999535675716457,7.505945091710316,28.500068777983067,-30.108405321780683
779.0,-40.334278759372864,-188.6437715097189,0.005240474736919062,-41.64557027620257,-192.77902536822518,-40.334278759372864,-188.6437715097189,-40.057885659002075,-188.39660296563915,801.3043059457426,16.57356163832877,1.7693008201235243,2.164117165962481,0.0078786004095474,0.01121918923335991,0.002217221500441255,0.005240474736919062,1.4240079011704079,1.2049666543225075,7.50855877705573,28.48697225332608,-30.067545109335192
779.5,-40.15304145512764,-188.13984504848744,0.007610833448324792,-41.45247790180834,-192.24561901265054,-40.15304145512764,-188.13984504848744,-39.88770813308582,-187.88669983539438,801.8418579323525,16.390150903845495,2.8496908661255222,2.759289094001546,0.010271439209157374,0.014626610590231626,-0.001296980299098707,0.007610833448324792,1.4240079011704079,1.2101379087524549,7.508324740197247,28.473962071594155,-30.026426288229747
780.0,-39.97080318914736,-187.6344380250781,0.010002614503371834,-41.25938552741411,-191.71221265707592,-39.97080318914736,-187.6344380250781,-39.71578275981405,-187.37544771033734,802.3812443627982,16.206740169362224,3.9300809121275195,3.3319677138091635,0.012685554211665501,0.018064329428137217,-0.0033117077221836073,0.010002614503371834,1.4240079011704079,1.2152514331977973,7.507170451158405,28.46103908339704,-29.98504979475522
780.5,-39.78720184657851,-187.12761370900964,0.012123852753189461,-41.06629315301988,-191.1788063015013,-39.78720184657851,-187.12761370900964,-39.541553874953344,-186.86298965145005,802.9225164450218,16.02332943487895,5.010470958129517,3.807296546158573,0.014828976651011554,0.02111657991731195,-0.004787669853042397,0.012123852753189461,1.4240079011704079,1.2208816884701446,7.504764671077281,28.44820410936908,-29.94341651009661
781.0,-39.601281357803785,-186.61966228957678,0.013748232638441245,-40.87463864064601,-190.64511692908692,-39.601281357803785,-186.61966228957678,-39.36377899487862,-186.3497242950497,803.4656984514269,15.836572665973568,5.981639364759332,4.131978529562956,0.016475388352404675,0.023461083188675166,-0.004345441018705252,0.013748232638441245,1.4240079011704079,1.227151351516343,7.502001285268109,28.435458002302536,-29.90152737546922
781.5,-39.41360218456106,-186.11039138181866,0.014866206437936225,-40.703381834309326,-190.10741264131963,-39.41360218456106,-186.11039138181866,-39.18302221927209,-185.83546549362148,804.010805424049,15.602348598005012,5.4033747512170125,4.28813491814195,0.01761523686037649,0.025084236470164334,-0.002182908689537212,0.014866206437936225,1.4240079011704079,1.234144251687514,7.500052920260562,28.422801576465975,-29.859383360338224
782.0,-39.2244159966682,-185.5996933900599,0.01542666843725929,-40.53212502797264,-189.56970835355233,-39.2244159966682,-185.5996933900599,-38.99951140421345,-185.32010836427122,804.5578608640285,15.368124530036456,4.825110137674694,4.297851457817654,0.01819741331736309,0.025913260344788643,0.0006425341638899851,0.01542666843725929,1.4240079011704079,1.2416969621986413,7.499622481663762,28.41023558037746,-29.816985441741696
782.5,-39.03501956335859,-185.08712981423236,0.015619811521692045,-40.36086822163596,-189.03200406578503,-39.03501956335859,-185.08712981423236,-38.814730620346864,-184.80314199007756,805.1068585724552,15.1339004620679,4.246845524132375,4.217015400389689,0.018412104902198204,0.026218982857908642,0.005468642600515213,0.015619811521692045,1.4240079011704079,1.249917578484477,7.500748765985454,28.397760770581563,-29.77433468405894
783.0,-38.84573354325792,-184.57260882594414,0.015746688211623158,-40.189611415299275,-188.49429977801773,-38.84573354325792,-184.57260882594414,-38.62903412396472,-184.28445231027723,805.6577870220451,14.899676394099341,3.6685809105900566,4.120406656446381,0.018560360526642186,0.026430100038509825,0.009956173326058821,0.015746688211623158,1.4240079011704079,1.25889129615847,7.505596979462378,28.3853778404809,-29.73143213812661
783.5,-38.6601180385761,-184.05490908498086,0.016147046277138616,-40.01835460896259,-187.95659549025044,-38.6601180385761,-184.05490908498086,-38.446590331693336,-183.76259406602637,806.210621763168,14.665452326130785,3.090316297047738,4.0825463436127105,0.018981922612275895,0.027030407779286104,0.014387576388804085,0.016147046277138616,1.4240079011704079,1.2688292614014416,7.511679038128677,28.373087481688756,-29.688278960561068
784.0,-38.47595600893994,-183.53486900204774,0.017120704419762076,-39.85077001699446,-187.42120696643863,-38.47595600893994,-183.53486900204774,-38.26475589481468,-183.2385514707761,806.7653233236922,14.430447453486636,2.6380074411175984,4.1598847258369345,0.019976605841978926,0.02844684455754492,0.01920270794032908,0.017120704419762076,1.4240079011704079,1.2796872441178875,7.521436914043033,28.360890268981137,-29.644876355889462
784.5,-38.29939794826186,-183.01046563764896,0.018878679075595383,-39.71959977496888,-186.90878198195094,-38.29939794826186,-183.01046563764896,-38.090699637103924,-182.70995514290846,807.321844234303,14.187699978739161,3.434698936106258,4.379166983114428,0.02175542208343345,0.03097989294010641,0.020615955141530487,0.018878679075595383,1.4240079011704079,1.291592015179089,7.532893715996091,28.348786809254957,-29.601225566544386
785.0,-38.126198921503104,-182.483275505169,0.02145022930408225,-39.5884295329433,-186.39635699746322,-38.126198921503104,-182.483275505169,-37.9193167998622,-182.17868568675823,807.8801041278568,13.944952503991686,4.231390431094917,4.734680936632201,0.02434762695373168,0.0346712131568635,0.02224875331852408,0.02145022930408225,1.4240079011704079,1.3046550366629333,7.544286348644201,28.33677768699955,-29.55732787669222
785.5,-37.960696463352875,-181.95199556860047,0.024747638158723353,-39.457259290917726,-185.88393201297552,-37.960696463352875,-181.95199556860047,-37.75555215500837,-181.6432493353229,808.4400305063363,13.702205029244213,5.028081926083576,5.194209296457332,0.02766549988421748,0.0393958904249547,0.022203052058453337,0.024747638158723353,1.4240079011704079,1.3189685196002041,7.55761617130525,28.324863437450126,-29.51318461386496
786.0,-37.80076007740021,-181.41751519480192,0.028585291345375404,-39.32608904889214,-185.37150702848783,-37.80076007740021,-181.41751519480192,-37.59669703001161,-181.1047391021106,809.0015153910316,13.459457554496739,5.824773421072237,5.710688835303208,0.03152342393077309,0.0448896047493652,0.02121989526130614,0.028585291345375404,1.4240079011704079,1.3345522963451941,7.5690358005388685,28.313044549962186,-29.468797158375672
786.5,-37.64665782143943,-180.8798868508453,0.03273748881583616,-39.19491880686657,-184.85908204400013,-37.64665782143943,-180.8798868508453,-37.44282937552618,-180.563262720352,809.5644333821774,13.216710079749264,6.621464916060896,6.235375132784468,0.03569569644241391,0.05083095377177783,0.020092217705615596,0.03273748881583616,1.4240079011704079,1.351524928619645,7.58132267220014,28.301321477358066,-29.424166934885672
787.0,-37.49921337581982,-180.33911021585715,0.03697470358312075,-39.068615128080324,-184.350380036948,-37.49921337581982,-180.33911021585715,-37.29465750632051,-180.0188562300922,810.1286598338226,12.977279432448874,7.365209487669358,6.728440441631523,0.03995278886408141,0.05689308701624501,0.018276347333686913,0.03697470358312075,1.4240079011704079,1.3700529132765553,7.591542103150176,28.289694665824765,-29.379295398623796
787.5,-37.35553419302008,-179.7961740794201,0.0409321348142184,-38.99056918128608,-183.87859575570405,-37.35553419302008,-179.7961740794201,-37.1485097159441,-179.47270093143078,810.694033319529,12.770739053317893,7.583922674165947,7.164605109643011,0.04392989816391145,0.0625565220830213,0.01786294097961231,0.0409321348142184,1.4240079011704079,1.3902404145531466,7.601834545956789,28.278164526738205,-29.33418404700424
788.0,-37.218754897744596,-179.25050175028818,0.04470528685752874,-38.912523234491836,-183.40681147446008,-37.218754897744596,-179.25050175028818,-37.007810514586,-178.9241116839093,811.2603807746377,12.56419867418691,7.802635860662536,7.533434648976579,0.04772252728011121,0.0679572559106987,0.01660878298467304,0.04470528685752874,1.4240079011704079,1.4123216681409816,7.6116273582433065,28.266731447361767,-29.288834438691435
788.5,-37.085355433895735,-178.70327722227896,0.0482746308853365,-38.83447728769759,-182.93502719321614,-37.085355433895735,-178.70327722227896,-36.868164820733234,-178.37444814689812,811.827510822354,12.357658295055929,8.021349047159125,7.835813090940692,0.05131114472412587,0.07306747550525353,0.01723486392371685,0.0482746308853365,1.4240079011704079,1.4363446817174252,7.620538017538911,28.255395789462103,-29.24324815885463
789.0,-36.95805586931843,-178.15410828465156,0.05166328054449743,-38.75643134090335,-182.4632429119722,-36.95805586931843,-178.15410828465156,-36.732528565559114,-177.82318883306436,812.3952127440205,12.151117915924948,8.240062233655713,8.079221667632257,0.05471886156812339,0.07792009121605747,0.01872481344753862,0.05166328054449743,1.4240079011704079,1.4623407884423356,7.631053645707299,28.24415785475757,-29.197426827997106
789.5,-36.83605155128173,-177.6035487362771,0.054918839621941704,-38.6783853941091,-181.99145863072823,-36.83605155128173,-177.6035487362771,-36.599721177824286,-177.27089833186997,812.9632592529722,11.944577536793966,8.458775420152303,8.274071252785006,0.057993279495402596,0.0825828882162371,0.022399232728575393,0.054918839621941704,1.4240079011704079,1.490349918366582,7.641658430818047,28.233017906276423,-29.151372107390273
790.0,-36.72040700616037,-177.0516996932884,0.058056455310857145,-38.60634753503561,-181.52396386199538,-36.72040700616037,-177.0516996932884,-36.47077114409863,-176.71758195196406,813.5314058442789,11.74307201769196,8.658705128985918,8.432505903827506,0.061149541533516275,0.0870774302966752,0.026222753134620986,0.058056455310857145,1.4240079011704079,1.520718391064958,7.656321553214367,28.221976173090276,-29.10508570281004
790.5,-36.614681298172684,-176.49821794336546,0.06066522880491043,-38.59388697368812,-181.0990046845939,-36.614681298172684,-176.49821794336546,-36.34965900232727,-176.1626953319386,814.0993915648198,11.591493092357737,8.6723744346646,8.569216707737054,0.06377674708374682,0.09081859175820224,0.03389881173525303,0.06066522880491043,1.4240079011704079,1.55334915795317,7.671227798670198,28.211032978690813,-29.05856944434763
791.0,-36.51572652334975,-175.94421712177362,0.06336805977374646,-38.58142641234064,-180.67404550719237,-36.51572652334975,-175.94421712177362,-36.23249707730826,-175.60738214535277,814.6669399884468,11.439914167023517,8.686043740343285,8.702674775103057,0.06649779150926058,0.09469338051956952,0.04351673599929434,0.06336805977374646,1.4240079011704079,1.5881128669709172,7.694521537774259,28.200188518846005,-29.011825131364247
791.5,-36.43610476885594,-175.38784377893523,0.06634145713752165,-38.56896585099315,-180.24908632979088,-36.43610476885594,-175.38784377893523,-36.13388874525041,-175.04927091335014,815.2337537079122,11.288335241689294,8.699713046021968,8.854764030390996,0.0694891812909984,0.09895314320424461,0.05277874715753087,0.06634145713752165,1.4240079011704079,1.6248788729787305,7.720186972301949,28.189442900953196,-28.964854583195557
792.0,-36.36597592873517,-174.83164684293922,0.06977993332403877,-38.55650528964567,-179.8241271523894,-36.36597592873517,-174.83164684293922,-36.042074579666604,-174.49114311597597,815.7995410083242,11.136756316355072,8.71338235170065,9.047227039403193,0.07294542435748892,0.10387486063929255,0.06868735417515373,0.06977993332403877,1.4240079011704079,1.6640274386674396,7.753814989655673,28.178796201898113,-28.917659658898845
792.5,-36.32411684979118,-174.2735693533962,0.07384407099303283,-38.54404472829818,-179.39916797498788,-36.32411684979118,-174.2735693533962,-35.97894652063799,-173.93032965768202,816.363974739507,10.985177391020851,8.727051657379334,9.29517781360041,0.07702710105115065,0.10968720050108996,0.08034726434646508,0.07384407099303283,1.4240079011704079,1.705188619243207,7.797161658525522,28.168248579516753,-28.87024230310563
793.0,-36.302545713412805,-173.7165119200819,0.07854379474331813,-38.53994446822305,-178.96223585479987,-36.302545713412805,-173.7165119200819,-35.93489603101326,-173.369953929129,816.9267355779766,10.836807945397194,8.816057103595481,9.599736858298126,0.08174412985601202,0.11640428678926096,0.1001348657097481,0.07854379474331813,1.4240079011704079,1.7479520491045561,7.843624620438055,28.157800085775698,-28.822604467877714
793.5,-36.31258651270704,-173.1603213342694,0.08330408108101062,-38.61874648606606,-178.40657784208125,-36.31258651270704,-173.1603213342694,-35.9230193312567,-172.8094997818716,817.4874910855194,10.720264288135697,9.65210951099844,9.943400922864411,0.08652148530499128,0.12320727869530691,0.11660954098621891,0.08330408108101062,1.4240079011704079,1.7919192167673872,7.908799524258701,28.147450804916836,-28.77474817126718
794.0,-36.36331437588018,-172.60906725212615,0.08829680194829756,-38.69754850390907,-177.85091982936262,-36.36331437588018,-172.60906725212615,-35.95378057332035,-172.2533694004099,818.0458978195124,10.6037206308742,10.488161918401397,10.291647675450387,0.09153103133621933,0.13034091182505253,0.13841503902838953,0.08829680194829756,1.4240079011704079,1.8371604987194847,7.973024385388394,28.137200695007863,-28.7266754232541
794.5,-36.443848692376115,-172.06288747099512,0.09314433319227357,-38.77635052175208,-177.295261816644,-36.443848692376115,-172.06288747099512,-36.014196937944966,-171.7012891351604,818.6016264766399,10.487176973612705,11.324214325804355,10.60162274840186,0.09639514308279769,0.1372674453843559,0.15586375787423662,0.09314433319227357,1.4240079011704079,1.8830053052442892,8.062207269341842,28.12704978224791,-28.678388319560995
795.0,-36.59055278817298,-171.53357678782103,0.09739414293123504,-38.859996876092396,-176.74232883701168,-36.59055278817298,-171.53357678782103,-36.14691968000534,-171.16665592747967,819.1543227783701,10.374936182236905,12.103670166334458,10.835109819736374,0.10066128022634947,0.1433424583842502,0.1705629760599863,0.09739414293123504,1.4240079011704079,1.928770527898482,8.144317677194323,28.116997980849042,-28.629888951531786
795.5,-36.757610858631836,-171.01273874733312,0.09911106881975533,-39.04259638390257,-176.24505892235197,-36.757610858631836,-171.01273874733312,-36.29802186567417,-170.63909902206527,819.7036459657247,10.350588159785111,11.727052565072302,10.96997732557827,0.1023942743058957,0.14581025564620556,0.19314204209374872,0.09911106881975533,1.4240079011704079,1.9738124160594643,8.250002587263108,28.107045191474214,-28.58117944955581
796.0,-37.010109598393875,-170.5301182389701,0.0999025878960405,-39.22519589171274,-175.74778900769226,-37.010109598393875,-170.5301182389701,-36.544187629958884,-170.1531477191444,820.249271344347,10.326240137333318,11.350434963810144,11.004515373075524,0.10320161193379371,0.1469599108072445,0.18237692878635053,0.0999025878960405,1.4240079011704079,2.017768964524283,8.354258845875224,28.09719134326298,-28.53226193559739
796.5,-37.27781305000238,-170.06114210099832,0.09988775380012906,-39.40779539952291,-175.25051909303255,-37.27781305000238,-170.06114210099832,-36.80300689235104,-169.67947031566132,820.7908568514586,10.301892114881525,10.973817362547987,10.95275896698148,0.10320233784065087,0.1469609445043446,0.18201165276763637,0.09988775380012906,1.4240079011704079,2.060074848998833,8.448685782587036,28.08743631278241,-28.483138635214306
797.0,-37.612131782926355,-169.64006671589965,0.09920466320770033,-39.59579163648434,-174.75783189587094,-37.612131782926355,-169.64006671589965,-37.13525549371583,-169.2579913444446,821.3280883667672,10.27904952987578,10.621088522940607,10.833684723061845,0.10253456076688833,0.14601002467508628,0.17179171866515217,0.09920466320770033,1.4240079011704079,2.1001996443894297,8.549754463799374,28.077779951294,-28.433811839597844
797.5,-37.96328618187461,-169.24030254513264,0.09753256886270195,-39.86864390842912,-174.33720153636767,-37.96328618187461,-169.24030254513264,-37.48272278864111,-168.8571099081422,821.8606570071707,10.27987784793124,10.643977124540788,10.660323119714608,0.1008775347350484,0.1436504065133012,0.15906832948727415,0.09753256886270195,1.4240079011704079,2.1377296675980526,8.63297103132379,28.068222098502982,-28.3842838967116
798.0,-38.356381882051934,-168.88621550451168,0.09536690647434372,-40.141496180373906,-173.9165711768644,-38.356381882051934,-168.88621550451168,-37.87534702692835,-168.50524206161288,822.3882683510878,10.2807061659867,10.666865726140971,10.434713323555478,0.09872670180265625,0.14058760342347726,0.14612684435696668,0.09536690647434372,1.4240079011704079,2.172483134778379,8.718258990766639,28.058762584063544,-28.33455719796902
798.5,-38.76348107504663,-168.55734107013532,0.09264772047154257,-40.414348452318684,-173.49594081736115,-38.76348107504663,-168.55734107013532,-38.28069170394313,-168.17813275424473,822.9106394239848,10.28153448404216,10.689754327741152,10.150492508258877,0.09602210935640863,0.13673624241057483,0.12708861859232007,0.09264772047154257,1.4240079011704079,2.204493914477321,8.786928986109446,28.04940123210101,-28.28463397331024
799.0,-39.193365490816966,-168.2658384606439,0.08924520277489134,-40.692612399436115,-173.08040370832038,-39.193365490816966,-168.2658384606439,-38.709534250639074,-167.88998028737538,823.427517243024,10.285850244854569,10.657529752131808,9.800552652488928,0.09263394766603253,0.13191147339303638,0.10863641245539676,0.08924520277489134,1.4240079011704079,2.233543322023082,8.850632491766426,28.040137869715423,-28.23451671743903
799.5,-39.63079928893601,-167.99633123299864,0.08435848712210448,-41.0489219244898,-172.73831995027277,-39.63079928893601,-167.99633123299864,-39.14440663157107,-167.6226786403279,823.9386648168893,10.340460873116037,9.83047924370223,9.383893482031718,0.08776134654466788,0.12497285089696133,0.08441540493470498,0.08435848712210448,1.4240079011704079,2.259417044059764,8.899156540833875,28.030972255959004,-28.184207996183623
800.0,-40.07770523060857,-167.75287694254374,0.07900321221476475,-41.40523144954348,-172.39623619222513,-40.07770523060857,-167.75287694254374,-39.58802761309934,-167.38108815846746,824.4438686459911,10.395071501377505,9.003428735272653,8.906092977644239,0.08241993409314077,0.11736663736257674,0.05995015601978019,0.07900321221476475,1.4240079011704079,2.282053148931486,8.936835965857231,28.021904026873376,-28.133710437424778
800.5,-40.52479970418947,-167.52184272255147,0.0732350311182138,-41.76154097459717,-172.05415243417752,-40.52479970418947,-167.52184272255147,-40.02990877285182,-167.1493416023655,824.9429405569953,10.449682129638973,8.176378226843074,8.371539811318568,0.07666536140817161,0.10917208039132124,0.03448125688711327,0.0732350311182138,1.4240079011704079,2.301580079462993,8.95972072709802,28.01293299078247,-28.083026678812516
801.0,-40.972147200402986,-167.30407881067552,0.06704216937855964,-42.122128233506146,-171.71570342996574,-40.972147200402986,-167.30407881067552,-40.47051997958717,-166.92867561131234,825.435719317784,10.499813704797416,7.396723821481428,7.770788552675687,0.07048584403533681,0.10037239882698468,0.00889315379282651,0.06704216937855964,1.4240079011704079,2.3181209771263016,8.971220375767285,28.004058845985416,-28.032159421177617
801.5,-41.41366835934572,-167.08856337908273,0.06082932239548183,-42.54241548696922,-171.42798100004413,-41.41366835934572,-167.08856337908273,-40.90305706157001,-166.70641239567522,825.9220720117916,10.48743567676336,7.2785287753864045,7.070588208392051,0.06428607702610542,0.09154388162042355,-0.011734544544624486,0.06082932239548183,1.4240079011704079,2.331676645750442,8.968339943860945,27.99528124128058,-27.98111141462644
802.0,-41.84839422086333,-166.87382380192014,0.05315972066212801,-42.96270274043229,-171.14025857012248,-41.84839422086333,-166.87382380192014,-41.32668181208361,-166.48116519148303,826.4018951539799,10.475057648729305,7.160333729291381,6.213752547691171,0.05662928922934295,0.08064055530024863,-0.03180383582890169,0.05315972066212801,1.4240079011704079,2.3422545245416417,8.959683606878528,27.98659995119904,-27.929885379101798
802.5,-42.27416378945015,-166.6567583897467,0.04340029700876996,-43.38298999389537,-170.85253614020084,-42.27416378945015,-166.6567583897467,-41.73911341293076,-166.249729967028,826.8751210044636,10.46267962069525,7.042138683196357,5.132108258989696,0.04688241286814565,0.06676092635017261,-0.04578180425636871,0.04340029700876996,1.4240079011704079,2.3496373840371594,8.937512994297197,27.97801459301236,-27.878484092063808
803.0,-42.686587730107505,-166.4296817439248,0.031051960390079653,-43.80423809032932,-170.5648059198554,-42.686587730107505,-166.4296817439248,-42.13541016173788,-166.00365502647733,827.3417019300233,10.444647071463503,6.741633782674215,3.768684876052369,0.034546359303043235,0.04919428860420539,-0.06029547558074175,0.031051960390079653,1.4240079011704079,2.35400925344796,8.916269835593804,27.969524814939064,-27.826910341261076
803.5,-43.09052121291176,-166.20171938107703,0.016099652339681008,-44.23847445083116,-170.27697039189454,-43.09052121291176,-166.20171938107703,-42.52146374450824,-165.7544331130327,827.801626881105,10.350179124649882,3.9767422932535346,2.100323727827571,0.019606068101899715,0.027919195887990297,-0.07138957373777635,0.016099652339681008,1.4240079011704079,2.3554340530746605,8.880894145017773,27.96113031979265,-27.775166920320046
804.0,-43.47334387311386,-165.95391354509312,-0.0020734447691440946,-44.672710811333005,-169.98913486393369,-43.47334387311386,-165.95391354509312,-42.882568224169255,-165.48069864588248,828.2549159084313,10.25571117783626,1.2118508038328537,0.15195487288995357,0.0014447179481140238,0.0020572897730770693,-0.08497584240284932,-0.0020734447691440946,1.4240079011704079,2.35389858896987,8.850779945208867,27.952830682916698,-27.723256704772844
804.5,-43.85169948105388,-165.7095235212422,-0.0229145115491955,-45.10694717183485,-169.70129933597286,-43.85169948105388,-165.7095235212422,-43.23842682334002,-165.21094080705345,828.7016198608032,10.161243231022636,-1.5530406855878267,-2.0015050595534962,-0.019384874683018936,-0.02760421471181717,-0.11126478244094018,-0.0229145115491955,1.4240079011704079,2.349405293268743,8.803475634788116,27.944625518672872,-27.671182585481304
805.0,-44.197909850352694,-165.43521348876382,-0.04539703139448873,-45.53837936551988,-169.4106939518846,-44.197909850352694,-165.43521348876382,-43.556615825443934,-164.9072256277746,829.1418198000925,10.06971195374276,-4.322321092007443,-4.244180745447572,-0.04185619787910174,-0.05960355649279295,-0.1118091899737839,-0.04539703139448873,1.4240079011704079,2.3419325992217996,8.75171116259442,27.93651445243157,-27.618947464788846
805.5,-44.53908793417685,-165.16149752735745,-0.06770081273614298,-45.93391855362939,-169.0846347350112,-44.53908793417685,-165.16149752735745,-43.869238321464564,-164.6068196830077,829.5756261434476,10.015769701237204,-7.147779120018319,-6.435154245943933,-0.06414906062717725,-0.09134876918575992,-0.13171150531241416,-0.06770081273614298,1.4240079011704079,2.331322671221483,8.705163973833635,27.92849712685618,-27.566554464289265
806.0,-44.84933068686607,-164.86431792293664,-0.08849061378109457,-46.3294577417389,-168.7585755181378,-44.84933068686607,-164.86431792293664,-44.14614512006141,-164.2827645196554,830.003177546442,9.961827448731649,-9.973237148029195,-8.428107185867592,-0.08492821969659793,-0.12093845588029171,-0.13699126577143433,-0.08849061378109457,1.4240079011704079,2.317509223755614,8.637406717058663,27.920573122663477,-27.514006549617644
806.5,-45.14273927518582,-164.55545936871422,-0.10639120082337424,-46.72499692984841,-168.4325163012644,-45.14273927518582,-164.55545936871422,-44.404407875697345,-163.9501357854116,830.4246462338987,9.907885196226093,-12.79869517604007,-10.093294523815288,-0.10281844105695155,-0.14641427245112287,-0.1502674496281233,-0.10639120082337424,1.4240079011704079,2.3004235833715194,8.588276645017803,27.91274200147126,-27.461306719372008
807.0,-45.41676233293729,-164.23571170951982,-0.12021848196529067,-47.11451675757894,-168.10196945960004,-45.41676233293729,-164.23571170951982,-44.64166769517729,-163.61083524944624,830.8402111320017,9.859959388966663,-15.369762009454488,-11.339176319569553,-0.11663563445000545,-0.16609006501483117,-0.1662035316836533,-0.12021848196529067,1.4240079011704079,2.2800255718272773,8.509578215824611,27.905003295296474,-27.408458049663714
807.5,-45.65261226120651,-163.8924886242332,-0.12763369781523537,-47.42767782911266,-167.71449473428345,-45.65261226120651,-163.8924886242332,-44.836572913696806,-163.25067731165151,831.2500988021384,9.888355357908702,-14.713742577251457,-12.128679914286048,-0.1240410415526064,-0.1766354232403184,-0.15410219159068098,-0.12763369781523537,1.4240079011704079,2.2562934604100753,8.449796835790929,27.897356434708506,-27.355463656237283
808.0,-45.88343624865639,-163.5474131107232,-0.13055230057036618,-47.74083890064638,-167.32702000896685,-45.88343624865639,-163.5474131107232,-45.02888510664357,-162.89531092715652,831.6545333129461,9.916751326850742,-14.057723145048424,-12.484523036763449,-0.12695011806787318,-0.18077797118316757,-0.18102419880926782,-0.13055230057036618,1.4240079011704079,2.2290951315172585,8.380926324748177,27.88980092531443,-27.30232663167613
808.5,-46.06622466758424,-163.18159469440698,-0.1298041670040458,-48.05399997218011,-166.93954528365026,-46.06622466758424,-163.18159469440698,-45.16869901821029,-162.52236382439017,832.0537823254684,9.945147295792781,-13.401703712845393,-12.481213583535448,-0.12619274154902704,-0.17969946103616974,-0.14899431065872953,-0.1298041670040458,1.4240079011704079,2.1980927811791946,8.300966690904083,27.88233625674958,-27.249050098810407
809.0,-46.23641514477384,-162.811030961716,-0.1264694672073427,-48.36007500898147,-166.54779338607437,-46.23641514477384,-162.811030961716,-45.29827522504746,-162.1502502609063,832.448106702002,9.976390820543115,-12.728481367155565,-12.226969549141067,-0.12284908395261072,-0.17493806620006444,-0.13750003565934119,-0.1264694672073427,1.4240079011704079,2.1634189867643085,8.259506972566866,27.874961951558596,-27.195637237539767
809.5,-46.386634498016576,-162.43527802480565,-0.12089619459838048,-48.56353283463562,-166.09410113604142,-46.386634498016576,-162.43527802480565,-45.40934842683616,-161.77786885687382,832.8378063859057,10.048871545881598,-11.806133089643907,-11.841614241530966,-0.11726713632750782,-0.1669893286779985,-0.15295148538574868,-0.12089619459838048,1.4240079011704079,2.12529867105857,8.18885320791276,27.86767740146611,-27.142091098247977
810.0,-46.50109923786025,-162.0503945027966,-0.11526741498210784,-48.766990660289785,-165.6404088860085,-46.50109923786025,-162.0503945027966,-45.48360005472645,-161.3999183879584,833.2231765537992,10.121352271220081,-10.883784812132248,-11.435570953709771,-0.11162996063992625,-0.1589619459585966,-0.12141031916966742,-0.11526741498210784,1.4240079011704079,2.084068569505965,8.136625344960018,27.86048208159825,-27.088414819302912
810.5,-46.61033024389205,-161.66502579500317,-0.11039181330732338,-48.97044848594395,-165.18671663597556,-46.61033024389205,-161.66502579500317,-45.55707739425329,-161.0259091477858,833.6045281210897,10.193832996558564,-9.961436534620589,-11.092454112998334,-0.10674624629358682,-0.15200749814235,-0.13001502133590667,-0.11039181330732338,1.4240079011704079,2.0403118487128875,8.091357629396413,27.853375408061503,-27.03461165347774
811.0,-46.68849986834518,-161.27581115563902,-0.1066182386245623,-49.16547170812334,-164.73036424941083,-46.68849986834518,-161.27581115563902,-45.59948320390696,-160.65128158981474,833.9821798895085,10.268284757304757,-9.174106115084765,-10.856372558414963,-0.10296483569106993,-0.1466227395667964,-0.10795414003262437,-0.1066182386245623,1.4240079011704079,1.9947156623166202,8.032933458688326,27.84635678331236,-26.980684879956797
811.5,-46.751399000089535,-160.8851528808108,-0.10349953383833552,-49.26393797761117,-164.2435593729311,-46.751399000089535,-160.8851528808108,-45.629461216419195,-160.27831695903893,834.3564561939013,10.365300373386303,-9.932421909278478,-10.726601553380888,-0.0998385729880799,-0.14217091677660423,-0.09308561680442014,-0.10349953383833552,1.4240079011704079,1.947727460183559,8.006013982871837,27.83942559633135,-26.926637803633025
812.0,-46.80819326981309,-160.49459724302682,-0.1010796462055539,-49.362404247099,-163.75675449645138,-46.80819326981309,-160.49459724302682,-45.65784732462762,-159.90833802996443,834.7276846048926,10.462315989467847,-10.690737703472193,-10.662657578248789,-0.09741140267229466,-0.13871460706943978,-0.11754472582824273,-0.1010796462055539,1.4240079011704079,1.8999250951906246,7.959174852680798,27.832581222786544,-26.872473754392125
812.5,-46.83394934742422,-160.1032998924547,-0.09874655096679084,-49.46087051658683,-163.26994961997167,-46.83394934742422,-160.1032998924547,-45.655345071456146,-159.5398900044524,835.096200401986,10.55933160554939,-11.449053497665906,-10.600401311197489,-0.09507130378634734,-0.13538228776633074,-0.08450224337037295,-0.09874655096679084,1.4240079011704079,1.8519170572428345,7.913664543623005,27.82582302518294,-26.818196086383878
813.0,-46.85493435257371,-159.71237044088258,-0.09590745728596785,-49.55217503292741,-162.78815639388398,-46.85493435257371,-159.71237044088258,-45.65285909429038,-159.17383856383947,835.4623191733574,10.657312381138382,-12.074264998899107,-10.474814777232115,-0.09222548774024461,-0.1313298232314029,-0.07633573727234493,-0.09590745728596785,1.4240079011704079,1.8042821993531346,7.893039891058743,27.819150352996026,-26.7638081772808
813.5,-46.86447492407091,-159.3221577062218,-0.09204839682403311,-49.56535093954519,-162.3610359929406,-46.86447492407091,-159.3221577062218,-45.642474925285185,-158.81016869820212,835.8263775403382,10.765822222575792,-11.24742235314832,-10.24118175700076,-0.08835999161023134,-0.1258253262003204,-0.08897584010410318,-0.09204839682403311,1.4240079011704079,1.7571185961023528,7.85390654956262,27.812562516029878,-26.70931343018185
814.0,-46.854875838730884,-158.93306297530796,-0.08730322353970837,-49.57852684616297,-161.93391559199725,-46.854875838730884,-158.93306297530796,-45.614989648875536,-158.4489467510616,836.1886831357411,10.874332064013204,-10.420579707397534,-9.88681772651104,-0.08360867600586724,-0.11905941523875166,-0.0701233970949603,-0.08730322353970837,1.4240079011704079,1.710862226311507,7.823756533129272,27.806058837499076,-26.65471526759478
814.5,-46.84096394587232,-158.54453190621217,-0.08187967806708775,-49.591702752780755,-161.5067951910539,-46.84096394587232,-158.54453190621217,-45.587612675690245,-158.0891481660514,836.5495610989967,10.982841905450615,-9.593737061646749,-9.430205594949422,-0.07817928550036923,-0.11132792026038289,-0.07638588185155978,-0.08187967806708775,1.4240079011704079,1.6658840167633793,7.799349760755529,27.79963862971145,-26.600017133096312
815.0,-46.8124753741052,-158.15772304391677,-0.07614151310687851,-49.60487865939853,-161.07967479011054,-46.8124753741052,-158.15772304391677,-45.54796932936018,-157.7318100440911,836.9093043825009,11.091351746888026,-8.766894415895962,-8.910886100331151,-0.07243557891250314,-0.10314883669725705,-0.07169540985436959,-0.07614151310687851,1.4240079011704079,1.6224699609402442,7.764423564397357,27.793301192405398,-26.545222490744866
815.5,-46.77162759527115,-157.77239738410142,-0.07046510780425284,-49.5979583083027,-160.64415746713397,-46.77162759527115,-157.77239738410142,-45.498329553195624,-157.37637892833007,837.2682205964281,11.201768326735293,-8.041202158676006,-8.37625786301706,-0.06675393412238234,-0.09505812962448135,-0.06223312447756374,-0.07046510780425284,1.4240079011704079,1.5802789487470315,7.743805757592065,27.78704581292327,-26.490334824315944
816.0,-46.72727986581837,-157.38758614820904,-0.06517829321301663,-49.54540954336727,-160.18957499088503,-46.72727986581837,-157.38758614820904,-45.44876641576073,-157.021496561804,837.6265826804859,11.316514142925392,-7.545171157481546,-7.871062698825142,-0.06146219000100272,-0.08752264418466471,-0.07813096928780129,-0.06517829321301663,1.4240079011704079,1.5395711092110314,7.716181740921593,27.78087176641355,-26.43535763654006
816.5,-46.66529810450545,-157.00566519462717,-0.060592906903694295,-49.49286077843184,-159.73499251463608,-46.66529810450545,-157.00566519462717,-45.38231743335028,-156.66978739109632,837.9846761239509,11.431259959115494,-7.049140156287087,-7.43169841267695,-0.05687217987098059,-0.08098643349306099,-0.059780477248467905,-0.060592906903694295,1.4240079011704079,1.5006472064792062,7.683341722400814,27.774778316054288,-26.380294448343108
817.0,-46.59584508136763,-156.62483026742112,-0.056865619726115584,-49.44031201349641,-159.28041003838715,-46.59584508136763,-156.62483026742112,-45.31064113959408,-156.31899603378875,838.3427500166716,11.546005775305593,-6.553109155092628,-7.084183294941127,-0.053140574927816445,-0.07567259856994869,-0.056944559767009795,-0.056865619726115584,1.4240079011704079,1.4635371019222847,7.669918324292105,27.7687647054638,-26.325148816068648
817.5,-46.523534059055365,-156.24419099099794,-0.054058366981852186,-49.38776324856098,-158.8258275621382,-46.523534059055365,-156.24419099099794,-45.23891665700263,-155.96796883522825,838.7010646467816,11.660751591495693,-6.057078153898168,-6.84343344195991,-0.05032930814195355,-0.071669332454582,-0.07967097482213585,-0.054058366981852186,1.4240079011704079,1.42780546498442,7.6392294147089554,27.76283017216785,-26.269924300277566
818.0,-46.43073158478526,-155.86783043052367,-0.05216614590392504,-49.30525988482195,-158.36656653691756,-46.43073158478526,-155.86783043052367,-45.14620512518764,-155.62141894340303,839.0598496120733,11.772577883182102,-5.962276849442366,-6.712555361074332,-0.048433375312085754,-0.06896950912476188,-0.054709249328774065,-0.05216614590392504,1.4240079011704079,1.3934370713622477,7.6082160444843225,27.756973945245058,-26.214624470859395
818.5,-46.33474774272566,-155.49156333729792,-0.05107307921377472,-49.19432367593024,-157.90286464238926,-46.33474774272566,-155.49156333729792,-45.052731338040296,-155.2743386373527,839.4193264891928,11.881632968060595,-6.248321969030506,-6.682701661492516,-0.04733689940725826,-0.06740811877284456,-0.05127050544775686,-0.05107307921377472,1.4240079011704079,1.3604063021964654,7.5967470946694915,27.751195242627333,-26.15925291284879
819.0,-46.23298168181467,-155.11610843057713,-0.05057973764940188,-49.08338746703854,-157.43916274786096,-46.23298168181467,-155.11610843057713,-44.955341758539866,-154.9274897233747,839.7797033109551,11.99068805293909,-6.534367088618645,-6.734560913283566,-0.04684045188218886,-0.06670117357462924,-0.06732502890802212,-0.05057973764940188,1.4240079011704079,1.3286940691814741,7.568391271682573,27.745493271235798,-26.103813225622893
819.5,-46.115365403128116,-154.74439091005934,-0.05047658702066394,-48.97245125814684,-156.97546085333266,-46.115365403128116,-154.74439091005934,-44.842132360067325,-154.58422672115947,840.1411746697135,12.099743137817583,-6.820412208206784,-6.8421079224957255,-0.046734501906326005,-0.06655029997187172,-0.04925535194373671,-0.05047658702066394,1.4240079011704079,1.2979590848805045,7.544328026560111,27.739867227079525,-26.048309022085594
820.0,-45.99503859605516,-154.37240988580518,-0.05055669734789005,-48.86151504925513,-156.51175895880436,-45.99503859605516,-154.37240988580518,-44.72852335075004,-154.2397520561306,840.5039219638355,12.208798222696078,-7.106457327794924,-6.977568886844494,-0.04681211902073687,-0.06666082735605884,-0.050250106212913696,-0.05055669734789005,1.4240079011704079,1.2681204642894572,7.52990142738742,27.734316295320895,-25.992743927840905
820.5,-45.86605135231147,-154.00221660704068,-0.05061898031340683,-48.70828134658952,-156.0453363614813,-45.86605135231147,-154.00221660704068,-44.60748471367829,-153.89638616239603,840.868113773076,12.321420947880567,-7.27273481331921,-7.116019154348584,-0.046872219455352054,-0.06674641084981464,-0.0530501633900613,-0.05061898031340683,1.4240079011704079,1.2391003712875361,7.5050197896705635,27.728839648376333,-25.937121596991634
821.0,-45.726521811474676,-153.63442727426627,-0.05055612381494199,-48.53593828985883,-155.57768459267848,-45.726521811474676,-153.63442727426627,-44.47676965689828,-153.55476203638108,841.2339063475243,12.435655477824662,-7.384903132539286,-7.238568807777471,-0.0468074889753572,-0.06665423413485541,-0.04354134876674859,-0.05055612381494199,1.4240079011704079,1.2108183724067085,7.4882208513834865,27.723436448095494,-25.88144569260757
821.5,-45.58418235677826,-153.2662550476594,-0.050316233255073686,-48.36359523312813,-155.11003282387566,-45.58418235677826,-153.2662550476594,-44.3454328862906,-153.21151305973115,841.6014387238532,12.549890007768758,-7.497071451759361,-7.334137889151966,-0.04656603195709687,-0.06631039743305965,-0.05007840140933954,-0.050316233255073686,1.4240079011704079,1.1830903007217624,7.470704642540053,27.71810584735114,-25.82571987196975
822.0,-45.430790129534486,-152.90099757005154,-0.049896916244762196,-48.191252176397434,-154.64238105507286,-45.430790129534486,-152.90099757005154,-44.203722755203664,-152.87043720395005,841.97085628126,12.664124537712853,-7.6092397709794355,-7.400810426724088,-0.04614545520201073,-0.06571149281076838,-0.04158531979454586,-0.049896916244762196,1.4240079011704079,1.1555451178393834,7.448641549586709,27.71284698811219,-25.76994780171083
822.5,-45.27112817052218,-152.5366987583542,-0.049362570795958724,-48.01890911966674,-154.17472928627004,-45.27112817052218,-152.5366987583542,-44.057201048819834,-152.52915915841038,842.3422699796671,12.778359067656949,-7.72140809019951,-7.447520208589568,-0.04561015155524237,-0.0649492161882449,-0.040318738135786986,-0.049362570795958724,1.4240079011704079,1.128182014301151,7.437647136305665,27.707659001333997,-25.71413315693621
823.0,-45.10844693542399,-152.17201648808393,-0.04898320948796504,-47.78644635365334,-153.7112691002065,-45.10844693542399,-152.17201648808393,-43.909621466487245,-152.1860314682568,842.7158053144337,12.873182759984442,-7.556524927210605,-7.495484731675484,-0.04523013186812342,-0.06440806515118722,-0.05224105546557283,-0.04898320948796504,1.4240079011704079,1.1010099682983436,7.416544688470362,27.702541006800907,-25.65827962033423
823.5,-44.93210437515616,-151.81175170185048,-0.048824251892547604,-47.54851804925332,-153.24818997480736,-44.93210437515616,-151.81175170185048,-43.74839786668277,-151.84663418337766,843.0915616320552,12.966241795107571,-7.366454757678443,-7.577459354569121,-0.045070812092152426,-0.06418119253139182,-0.040386619588222386,-0.048824251892547604,1.4240079011704079,1.0741329201327565,7.395843149937464,27.697492112922852,-25.602390881275756
824.0,-44.75289857461992,-151.45101675063327,-0.04909490791841785,-47.3105897448533,-152.78511084940823,-44.75289857461992,-151.45101675063327,-43.58617974223883,-151.50514329084558,843.4696358418263,13.0593008302307,-7.176384588146281,-7.732764013108969,-0.04534139775312132,-0.06456650865055494,-0.0418479335656153,-0.04909490791841785,1.4240079011704079,1.0475502996867605,7.384033494638929,27.692511412314385,-25.54647064350402
824.5,-44.566525610833935,-151.0919677056036,-0.04998546815483669,-47.07266144045328,-152.32203172400907,-44.566525610833935,-151.0919677056036,-43.41786898500067,-151.16400785570957,843.8501177674414,13.152359865353832,-6.986314418614119,-7.997453446231759,-0.046232178077778144,-0.06583498687107339,-0.046802406769617146,-0.04998546815483669,1.4240079011704079,1.0212120396239368,7.36210750290748,27.68759798194494,-25.490522623365077
825.0,-44.3698865284292,-150.7361724841501,-0.05159461196035978,-46.83088430437334,-151.86954849058196,-44.3698865284292,-150.7361724841501,-43.23981111418605,-150.82496203084946,844.2330909529561,13.244047596804858,-6.9578243856614055,-8.39168610050737,-0.047841827909863265,-0.06812714095008023,-0.04413097775220272,-0.05159461196035978,1.4240079011704079,0.9948081389088249,7.346050577492397,27.682750895109198,-25.434550523708307
825.5,-44.1702349758916,-150.38004138397068,-0.053920998830580436,-46.560962050605845,-151.49454919289397,-44.1702349758916,-150.38004138397068,-43.060558683889454,-150.48364160614685,844.6186334393841,13.32570747917167,-8.110911604768992,-8.908734851019219,-0.05016900435257911,-0.07144105859192523,-0.053926324961940296,-0.053920998830580436,1.4240079011704079,0.968636281668655,7.326162086357727,27.677969212670575,-25.37855805044795
826.0,-43.95767748653464,-150.02911437472991,-0.05665814975310074,-46.29103979683835,-151.11954989520598,-43.95767748653464,-150.02911437472991,-42.86851198378621,-150.1463904925431,845.0068184995501,13.407367361538482,-9.263998823876578,-9.510471051252505,-0.052907228205489334,-0.07534031099364268,-0.04755396135390291,-0.05665814975310074,1.4240079011704079,0.9427750816436986,7.301941176252594,27.673251982827598,-25.32254891164689
826.5,-43.73892183466721,-149.6797624427879,-0.059435219697615935,-46.021117543070844,-150.74455059751799,-43.73892183466721,-149.6797624427879,-42.67160718394492,-149.80873965239516,845.3977086305789,13.489027243905294,-10.417086042984165,-10.132219304979262,-0.05568565310159319,-0.07929680999850312,-0.050256504151532974,-0.059435219697615935,1.4240079011704079,0.9172925227410381,7.286997360124987,27.668598240911564,-25.266526816606113
827.0,-43.51397157136473,-149.33225469563828,-0.061827352787264596,-45.75119528930335,-150.36955129983,-43.51397157136473,-149.33225469563828,-42.46987827017225,-149.47079452901667,845.7913814610607,13.570687126272107,-11.570173262091753,-10.696112611689374,-0.05807942269342003,-0.08270555681084601,-0.059012064330710635,-0.061827352787264596,1.4240079011704079,0.8922657398700955,7.260476804920581,27.664007009213755,-25.210495474959366
827.5,-43.27472917209112,-148.99170638410823,-0.06345247375246586,-45.48127303553585,-149.994552002142,-43.27472917209112,-148.99170638410823,-42.253795330310496,-149.13836956090373,846.1878875873426,13.65234700863892,-12.72326048119934,-11.128483684933219,-0.05970646467109625,-0.08502247744259288,-0.05309843152990792,-0.06345247375246586,1.4240079011704079,0.8679501239233268,7.237998357614402,27.659477298142637,-25.154458583128505
828.0,-43.032095267136384,-148.65150614482752,-0.06393011481743918,-45.178929930009616,-149.6387759630245,-43.032095267136384,-148.65150614482752,-42.03613196436989,-148.80351324356346,846.5872937510953,13.747650280135822,-12.976013072916459,-11.37508617655276,-0.06018631363232875,-0.08570578615475637,-0.05948559446700636,-0.06393011481743918,1.4240079011704079,0.8440304012717932,7.216173020816706,27.655008110851302,-25.09841977730369
828.5,-42.775948800193945,-148.31871852336485,-0.06317739759439735,-44.84859161234778,-149.299599093035,-42.775948800193945,-148.31871852336485,-41.804876897626414,-148.47441476385782,846.9896579345391,13.85473453677734,-12.451332083480462,-11.408975304272666,-0.05943608871183446,-0.08463745994031756,-0.05483317954794526,-0.06317739759439735,1.4240079011704079,0.8206183542423104,7.1882089920762855,27.650598429239707,-25.04238276637884
829.0,-42.51210131929758,-147.98942777705884,-0.06134535209840474,-44.51825329468595,-148.96042222304553,-42.51210131929758,-147.98942777705884,-41.56671479530293,-148.14640923647485,847.3950363474524,13.961818793418859,-11.926651094044464,-11.229436396996606,-0.057606828405839736,-0.08203257881128367,-0.05557014094047228,-0.06134535209840474,1.4240079011704079,0.797826762331778,7.169949521547258,27.64624722156151,-24.98635125581779
829.5,-42.24154042038281,-147.66328586028533,-0.05857423286375807,-44.187914977024114,-148.62124535305603,-42.24154042038281,-147.66328586028533,-41.32262002524545,-147.8190952374963,847.8034836375579,14.068903050060378,-11.401970104608466,-10.854461698532749,-0.054838784074985256,-0.07809086181335693,-0.06068628098774575,-0.05857423286375807,1.4240079011704079,0.7760252295648855,7.141269998497581,27.641953442213897,-24.930328946746585
830.0,-41.956355268777564,-147.34639270956086,-0.05504501515162581,-43.85757665936228,-148.28206848306655,-41.956355268777564,-147.34639270956086,-41.0630775886913,-147.49972026053598,848.2150530136497,14.175987306701897,-10.877289115172468,-10.311776213558975,-0.05131293403918076,-0.07307002350402937,-0.055443086317072225,-0.05504501515162581,1.4240079011704079,0.7552678976679398,7.118345392498936,27.63771603148782,-24.87431953503856
830.5,-41.668158498143676,-147.02979816594024,-0.050946747661019934,-43.527238341700446,-147.94289161307705,-41.668158498143676,-147.02979816594024,-40.80153364286619,-147.17788236465657,848.6297962827389,14.283071563343414,-10.35260812573647,-9.632830621315327,-0.04721833832282244,-0.06723928685183662,-0.06126935527728702,-0.050946747661019934,1.4240079011704079,0.7355397010321517,7.093893643115855,27.633533915279244,-24.818326710393436
831.0,-41.36470261464153,-146.72400594518658,-0.04659233530380759,-43.14097438106104,-147.63375755220548,-41.36470261464153,-146.72400594518658,-40.523367667997185,-146.8661119703413,849.0477571143219,14.36923035691756,-9.2818763589495,-8.851135622156654,-0.04286787750609771,-0.06104419627508834,-0.05438870794622721,-0.04659233530380759,1.4240079011704079,0.7166370598972184,7.065772176190575,27.62940600476507,-24.762354155410996
831.5,-41.0555829192205,-146.42065720092722,-0.04202883378259843,-42.75023266154307,-147.3270289076707,-41.0555829192205,-146.42065720092722,-40.23966934316617,-146.55478100116213,849.4689962024158,14.45371372624892,-8.167424331004115,-8.003050476685392,-0.0383086333237515,-0.05455179653606212,-0.053137118997797106,-0.04202883378259843,1.4240079011704079,0.6992237344134177,7.046838223462036,27.625331196051377,-24.70640554466142
832.0,-40.737309731648196,-146.12332210401073,-0.03743930421937407,-42.359490942025104,-147.02030026313594,-40.737309731648196,-146.12332210401073,-39.94615145939056,-146.24831830977098,849.8935483530996,14.53819709558028,-7.052972303058731,-7.127808383702821,-0.03372367625293226,-0.04802278144068839,-0.05229993892220489,-0.03743930421937407,1.4240079011704079,0.6834317343313129,7.019680634709407,27.621308359836537,-24.65048455971267
832.5,-40.40809231893658,-145.83358823787918,-0.033008942064678755,-41.968749222507135,-146.71357161860115,-40.40809231893658,-145.83358823787918,-39.640545418584075,-145.9488324681208,850.3214703926442,14.622680464911639,-5.938520275113346,-6.264613154218333,-0.029298155405348553,-0.04172080478693483,-0.04894837028513041,-0.033008942064678755,1.4240079011704079,0.6693649954040558,7.001071537856762,27.617336358560433,-24.594594860115336
833.0,-40.07487085505105,-145.54479102626152,-0.02888705171415703,-41.57800750298917,-146.40684297406636,-40.07487085505105,-145.54479102626152,-39.33087595343912,-145.6487234235915,850.752792655676,14.707163834242998,-4.824068247167961,-5.4467570062594906,-0.025181415551935725,-0.03585853470861186,-0.05186171986320384,-0.02888705171415703,1.4240079011704079,0.6571004717269712,6.9766672463122275,27.613414041380253,-24.53874008989291
833.5,-39.727396341369385,-145.26778913623926,-0.02523369567253905,-41.17319235444711,-146.10762001811895,-39.727396341369385,-145.26778913623926,-39.00496731786902,-145.36099493661632,851.1875667793151,14.765792647432377,-3.9547115149405467,-4.694920460646674,-0.021533504139630046,-0.03066388003471887,-0.042781446917583475,-0.02523369567253905,1.4240079011704079,0.646698219307107,6.9551567739698905,27.60954024082125,-24.482923881349347
834.0,-39.37733950654937,-144.98992709709228,-0.022084792796680432,-40.73933816975568,-145.82388425877738,-39.37733950654937,-144.98992709709228,-38.67645291382233,-145.07096594655735,851.6258170940771,14.771073311485724,-3.591083069700511,-4.01248463588364,-0.018390319533646046,-0.02618796032096046,-0.0403479080486854,-0.022084792796680432,1.4240079011704079,0.6380930600187995,6.9384917684793335,27.605713772389283,-24.427149854140886
834.5,-39.01617875754733,-144.7211391119825,-0.01919166557292062,-40.305483985064264,-145.5401484994358,-39.01617875754733,-144.7211391119825,-38.33522839054957,-144.79050908463134,852.0675883386417,14.77635397553907,-3.227454624460475,-3.384985904737593,-0.015503233636148786,-0.022076727191566704,-0.035191736277328654,-0.01919166557292062,1.4240079011704079,0.6313468160858204,6.918992273329566,27.60193343418667,-24.371421614350698
835.0,-38.650529095273434,-144.45350711196593,-0.01642459632279429,-39.871629800372844,-145.25641274009422,-38.650529095273434,-144.45350711196593,-37.98900973500902,-144.5104796740036,852.5128969901402,14.781634639592417,-2.86382617922044,-2.784184734984443,-0.012742455363264116,-0.01814535711759934,-0.029685577689059748,-0.01642459632279429,1.4240079011704079,0.6264933677608279,6.906646523489121,27.598198006531472,-24.315742753567154
835.5,-38.27793334536765,-144.1902319524599,-0.013624752814747381,-39.43777561568142,-144.97267698075262,-38.27793334536765,-144.1902319524599,-37.634847593046,-144.23480880477376,852.961773467474,14.786915303645763,-2.500197733980404,-2.1754174411374825,-0.009949183373951006,-0.01416771573469949,-0.026823127818031804,-0.013624752814747381,1.4240079011704079,0.623538840426952,6.8920174231175215,27.594506251578515,-24.260116847965133
836.0,-37.899437105431275,-143.92985937263083,-0.010641067318211597,-39.00392143099,-144.68894122141106,-37.899437105431275,-143.92985937263083,-37.273917527266555,-143.96195420088975,853.4142430182244,14.79219596769911,-2.1365692887403682,-1.525624386839588,-0.006972400393542127,-0.009928753250527651,-0.021513847912760807,-0.010641067318211597,1.4240079011704079,0.6225505479678224,6.882053745271165,27.5908569099061,-24.204547463711773
836.5,-37.5165013271019,-143.67057218077542,-0.007377712767313085,-38.56255195560322,-144.40281074033712,-37.5165013271019,-143.67057218077542,-36.90788448200923,-143.68995793459607,853.8703066096389,14.75787184688154,-1.3522075477689959,-0.8093652197613374,-0.0037161827954584926,-0.005291873662926427,-0.018185095952463298,-0.007377712767313085,1.4240079011704079,0.623545959394222,6.8721844663919445,27.587248701206278,-24.149038153825426
837.0,-37.12766059716221,-143.41423001292594,-0.0037058491235471896,-38.11800653169369,-144.11566825410506,-37.12766059716221,-143.41423001292594,-36.5349684872985,-143.4212059365839,854.3299776738052,14.70681081419941,-0.39004466200935717,-0.011189870888813416,-5.1735430113066804e-05,-7.367166125145658e-05,-0.01269077957887839,-0.0037058491235471896,1.4240079011704079,0.626154379946287,6.865155712190852,27.583680331217508,-24.093592442031394
837.5,-36.73578628395036,-143.15687082802634,0.0004283782853089172,-37.67346110778415,-143.828525767873,-36.73578628395036,-143.15687082802634,-36.158486702117564,-143.15125912110258,854.7932466251145,14.65574978151728,0.5721182237502811,0.8752247518874002,0.004074773827253549,0.005802510125491436,-0.008724719231509468,0.0004283782853089172,1.4240079011704079,0.6303987685190738,6.860309151421943,27.58015048597337,-24.03821383303017
838.0,-36.33911758871799,-142.90083691549435,0.0050319429082138585,-37.22891568387462,-143.54138328164098,-36.33911758871799,-142.90083691549435,-35.776299037642325,-142.88312250821187,855.2601140761313,14.60468874883515,1.5342811095099198,1.8493609819248071,0.008670358978017248,0.012346659690680344,-0.0023595114574101604,0.0050319429082138585,1.4240079011704079,0.6362676900733754,6.856936633442964,27.576657831412533,-23.982905811594147
838.5,-35.940063274000494,-142.6426158494246,0.010085574702634112,-36.78437025996509,-143.25424079540892,-35.940063274000494,-142.6426158494246,-35.39116053060854,-142.61294053447918,855.730571866359,14.553627716153018,2.496443995269558,2.9051003041699452,0.013715719949302624,0.01953129357804752,0.0029061503462965194,0.010085574702634112,1.4240079011704079,0.6438651644911072,6.858043025702039,27.573201012983905,-23.927671841667806
839.0,-35.538556714938416,-142.38219877403913,0.015522562760065523,-36.34472469573808,-142.96492805355277,-35.538556714938416,-142.38219877403913,-35.00290094180189,-142.3410043699264,856.2045920031587,14.508083940760384,3.5022309974006367,4.029549760138849,0.019144163903665315,0.027261440660120727,0.010097292903092952,0.015522562760065523,1.4240079011704079,0.653212970745299,6.85970481023453,27.569778655247706,-23.872515365471713
839.5,-35.13487450316956,-142.11907787448692,0.021058766537883702,-35.954162415209325,-142.6538752457767,-35.13487450316956,-142.11907787448692,-34.61173871469014,-142.06703520387015,856.6821559262451,14.517808095945876,4.945013141980412,5.199942772056178,0.024671551489577736,0.035132484255291245,0.017360431031862116,0.021058766537883702,1.4240079011704079,0.6641423497850664,6.86769864756464,27.566389361472666,-23.817439802610558
840.0,-34.732216570231,-141.8486932544234,0.02663033332578769,-35.56360013468057,-142.3428224380006,-34.732216570231,-141.8486932544234,-34.221315309479664,-141.78599202619645,857.1632194522575,14.527532251131367,6.387795286560188,6.380863376366554,0.030234009788725882,0.04305346882320911,0.02462103058388652,0.02663033332578769,1.4240079011704079,0.6765575923685994,6.876483943857079,27.563031713231318,-23.762448549185862
840.5,-34.32784348184291,-141.57486161442333,0.032010938860100514,-35.173037854151815,-142.03176963022455,-34.32784348184291,-141.57486161442333,-33.82826752264948,-141.50268226508248,857.6477354779457,14.53725640631686,7.830577431139963,7.524523475074526,0.03560525499167903,0.05070216443133805,0.032606171593901355,0.032010938860100514,1.4240079011704079,0.690334110679772,6.891626149961312,27.559704256839606,-23.707544997411365
841.0,-33.92836426823279,-141.2887292581247,0.03694112920118153,-34.78247557362306,-141.72071682244848,-33.92836426823279,-141.2887292581247,-33.44021399869728,-141.20698723656764,858.1356483945085,14.546980561502352,9.273359575719738,8.57585863218467,0.04052582794885049,0.05770909920063565,0.040035938446912674,0.03694112920118153,1.4240079011704079,0.7055852739202914,6.908415275475449,27.556405529501042,-23.652732493371918
841.5,-33.52829326185913,-140.9977189410337,0.041173290859580866,-34.3919132930943,-141.40966401467242,-33.52829326185913,-140.9977189410337,-33.05053191770779,-140.9079009826311,858.6268940446362,14.556704716687845,10.716141720299513,9.482019002437076,0.04474810788885846,0.06372165919616031,0.04758552503204142,0.041173290859580866,1.4240079011704079,0.7222039130048716,6.93107974677321,27.553134045845223,-23.598014356508642
842.0,-33.13732408784607,-140.6900009780482,0.044482712387387886,-34.00772855648487,-141.0922385587738,-33.13732408784607,-140.6900009780482,-32.670450784472614,-140.5917163129115,859.1213997536315,14.572546695336305,11.96252940801266,10.203303492363972,0.048047400212832554,0.0684198775337703,0.05339745728081739,0.044482712387387886,1.4240079011704079,0.7400001714320946,6.955610498253111,27.5498882971853,-23.543393879304162
842.5,-32.74728641864748,-140.3758741195405,0.04653092911254074,-33.66775685385206,-140.73063400955542,-32.74728641864748,-140.3758741195405,-32.2901885431543,-140.27069348337412,859.6190844351556,14.630801166952692,11.847390635994534,10.721260702206347,0.050085226262013866,0.07132175792901536,0.05848568964048247,0.04653092911254074,1.4240079011704079,0.7587615851826274,6.984386057038799,27.546666751136026,-23.48887432642634
843.0,-32.370237346556465,-140.04231659548705,0.04762457980178674,-33.327785151219246,-140.36902946033706,-32.370237346556465,-140.04231659548705,-31.923775720649644,-139.92958409330083,860.1198642413415,14.689055638569078,11.732251863976408,11.040487193857892,0.05116824089224289,0.07286397931954464,0.0610555238699656,0.04762457980178674,1.4240079011704079,0.7783250929605173,7.014318464390313,27.543467851239683,-23.434458933879288
843.5,-31.995474385688073,-139.7015285888297,0.04789016418820087,-32.98781344858643,-140.00742491111868,-31.995474385688073,-139.7015285888297,-31.558487725256626,-139.58274842471903,860.6236299269077,14.747310110185465,11.617113091958283,11.183622712185588,0.05142293750150512,0.07322666930353536,0.06242301883771194,0.04789016418820087,1.4240079011704079,0.7989399722050906,7.0460702244242235,27.540290016599705,-23.380150908163106
844.0,-31.63642182769287,-139.34082007041286,0.047491490734712864,-32.64784174595362,-139.64582036190032,-31.63642182769287,-139.34082007041286,-31.21000733354533,-139.21521331740215,861.1302886656056,14.805564581801852,11.501974319940157,11.182317214041529,0.05101311715306171,0.07264308188929154,0.06214585868922009,0.047491490734712864,1.4240079011704079,0.8204239219493302,7.077688019901362,27.537131641521977,-23.32595342544145
844.5,-31.280255457815613,-138.97316613993897,0.04658882798669085,-32.307870043320804,-139.28421581268194,-31.280255457815613,-138.97316613993897,-30.86316081193604,-138.84216068336477,861.6397217349762,14.863819053418238,11.386835547922033,11.068539934750062,0.05009905301850557,0.0713414473395071,0.06095470078517392,0.04658882798669085,1.4240079011704079,0.8427322031055187,7.109543329804657,27.533991092026085,-23.27186964469968
845.0,-30.941485054516892,-138.5864882396244,0.04532111334655453,-31.97547970078567,-138.9162410096659,-30.941485054516892,-138.5864882396244,-30.534955473411987,-138.44926968029273,862.1518102650518,14.921288228187043,11.233497370010253,10.869449258302929,0.04881967685256315,0.069519605570636,0.06045299784337832,0.04532111334655453,1.4240079011704079,0.8657294976217306,7.140211456526049,27.530866709357493,-23.21790268975761
845.5,-30.605379333621194,-138.1939584315842,0.04381962640134285,-31.693690816023636,-138.5057482251274,-30.605379333621194,-138.1939584315842,-30.208018816370632,-138.0519081795767,862.6664290693051,14.973515973349512,10.825198921199613,10.606359538125721,0.04730627634593075,0.06736451129155616,0.059642488721033726,0.04381962640134285,1.4240079011704079,0.8890692103279988,7.171892726043967,27.527756811604384,-23.164055639781104
846.0,-30.288918724316087,-137.78295599028763,0.04212947933851145,-31.411901931261607,-138.09525544058894,-30.288918724316087,-137.78295599028763,-29.90230535539206,-137.63508939311117,863.1834526898247,15.02574371851198,10.416900472388972,10.296142273734805,0.04560396259079661,0.06494040305397408,0.061342931223748294,0.04212947933851145,1.4240079011704079,0.912647361619728,7.201954787780421,27.524659690702478,-23.110331540405088
846.5,-29.97441409338457,-137.36744674204587,0.04031699871927413,-31.130113046499574,-137.68476265605048,-29.97441409338457,-137.36744674204587,-29.596999145104853,-137.21509974630996,863.702738602893,15.07797146367445,10.00860202357833,9.952960637698741,0.043779062019646965,0.06234173022180659,0.06526976085420717,0.04031699871927413,1.4240079011704079,0.9363767071105603,7.235709807222317,27.5215736121275,-23.056733402947042
847.0,-29.684145212607937,-136.9327229737072,0.0384384714687564,-30.848324161737544,-137.274269871512,-29.684145212607937,-136.9327229737072,-29.31832168920414,-136.7744909813858,864.2241464906555,15.130199208836917,9.60030357476769,9.589092668853016,0.04188786483065767,0.05964865048201457,0.06589672019966387,0.0384384714687564,1.4240079011704079,0.9597260644950748,7.270052269476153,27.518496814601168,-23.003264203631154
847.5,-29.396978513349115,-136.4936022299197,0.036540353240566835,-30.56653527697551,-136.86377708697353,-29.396978513349115,-136.4936022299197,-29.041432669452025,-136.33055275090248,864.7475322620978,15.182426953999386,9.19200512595705,9.214901873602393,0.03997682640410894,0.056927316663168914,0.06887740153937841,0.036540353240566835,1.4240079011704079,0.9818971658251932,7.304780458749651,27.515427509810877,-22.94992688282384
848.0,-29.135910673107784,-136.03692463591426,0.03468513633480962,-30.290299370931546,-136.44878369868653,-29.135910673107784,-136.03692463591426,-28.793419589297805,-135.86766522316591,865.2727542643335,15.229335181707704,8.789408837646857,8.838591736852155,0.03810844110963,0.054266721241400306,0.06879269595681398,0.03468513633480962,1.4240079011704079,1.0028626340613462,7.342382546959933,27.512363882143696,-22.89672434428048
848.5,-28.881193640717434,-135.57495288067233,0.03304643554328286,-30.052772809491664,-136.0024169826285,-28.881193640717434,-135.57495288067233,-28.551087169737677,-135.4001263349763,865.7996566293093,15.239161503521045,8.42656182751803,8.466326834289431,0.03645632494497903,0.051914094769285976,0.06816475517514754,0.03304643554328286,1.4240079011704079,1.02258855375095,7.377313822410692,27.50930408361107,-22.84365947013396
849.0,-28.651468609424946,-135.09877945983334,0.03144981038273579,-29.81524624805178,-135.55605026657045,-28.651468609424946,-135.09877945983334,-28.33640527264519,-134.91733887769172,866.328094130991,15.248987825334384,8.063714817389203,8.102805960113038,0.034846037808553394,0.0496210331638628,0.06413326878376148,0.03144981038273579,1.4240079011704079,1.0414406282327489,7.414353419341472,27.506246221759817,-22.790735158819235
849.5,-28.43070920934292,-134.61714057993953,0.029912337833240273,-29.577719686611896,-135.1096835505124,-28.43070920934292,-134.61714057993953,-28.1305605585601,-134.42947181749523,866.8579034066873,15.258814147147724,7.7008678072603765,7.75204276485282,0.033294660682799695,0.04741185987909449,0.058765032023639155,0.029912337833240273,1.4240079011704079,1.0594103425090873,7.445244638373909,27.503188398778573,-22.737954196110543
850.0,-28.23000831123099,-134.12572316344378,0.028451214632376872,-29.340193125172014,-134.66331683445435,-28.23000831123099,-134.12572316344378,-27.94664749571568,-133.93134926048594,867.3889385640815,15.268640468961065,7.338020797131549,7.418098326914817,0.03181938986755841,0.045311062581824796,0.052582688436917296,0.028451214632376872,1.4240079011704079,1.0757115995269928,7.476674505927363,27.50012868860037,-22.68531932843427
850.5,-28.039280438115924,-133.62941640339523,0.027085564318263877,-29.10266656373213,-134.2169501183963,-28.039280438115924,-133.62941640339523,-27.772846089963558,-133.42862909698565,867.9210545636247,15.278466790774406,6.975173787002722,7.105505182315695,0.030439352603023797,0.04334587861321791,0.04555633313082542,0.027085564318263877,1.4240079011704079,1.0906089855671766,7.501140896904347,27.497065136725034,-22.632833262173516
851.0,-27.862278016319884,-133.12713742569102,0.025886307934937847,-28.86925263770115,-133.7674369985838,-27.862278016319884,-133.12713742569102,-27.613615159816888,-132.91995155677782,868.4540960620483,15.275583532806198,6.631538767996713,6.81957253902452,0.029225472035957087,0.0416173030946377,0.04008015161663854,0.025886307934937847,1.4240079011704079,1.104329120587686,7.525161450586919,27.493995760066294,-22.58049866298759
851.5,-27.69514015768005,-132.62082010793813,0.02515028917367397,-28.663810385566443,-133.29652393177494,-27.69514015768005,-132.62082010793813,-27.46444886330713,-132.40751763635257,868.9879101036931,15.186257353046594,6.418572164047033,6.56687874019013,0.028474590444404445,0.04054804177542332,0.034881093393884635,0.02515028917367397,1.4240079011704079,1.1171647733336516,7.543868405987215,27.490918546825295,-22.528318155147193
852.0,-27.536649082998938,-132.11098345665064,0.024577962342245747,-28.458368133431737,-132.82561086496608,-27.536649082998938,-132.11098345665064,-27.32393731921829,-131.89187749150264,869.5223654798305,15.096931173286992,6.205605560097354,6.355968052425553,0.0278871643007338,0.03971154230548227,0.03169264173244967,0.024577962342245747,1.4240079011704079,1.1294297603720251,7.5623881602099186,27.4878314563915,-22.47629432088506
852.5,-27.388065181434037,-131.5977449351928,0.024223739723415766,-28.252925881297028,-132.35469779815722,-27.388065181434037,-131.5977449351928,-27.193574880007034,-131.37311927194827,870.0573162201576,15.007604993527387,5.9926389561476725,6.1977407379175595,0.0275176044901791,0.03918528621529733,0.029499154701692117,0.024223739723415766,1.4240079011704079,1.1413130412856414,7.577728285433087,27.4847324135479,-22.424429712307912
853.0,-27.24503679568805,-131.08237674026822,0.024151580625140764,-28.047483629162322,-131.88378473134836,-27.24503679568805,-131.08237674026822,-27.068243167155476,-130.8526979412794,870.5926263618389,14.918278813767785,5.779672352197993,6.104656516524143,0.0274298728111121,0.03906035561112298,0.02855299382567145,0.024151580625140764,1.4240079011704079,1.1530230456793926,7.593932597678028,27.48161931424312,-22.372726838005843
853.5,-27.112992609660708,-130.56392531644659,0.024423587660340747,-27.842041377027616,-131.4128716645395,-27.112992609660708,-130.56392531644659,-26.95431577895361,-130.32945914086525,871.1281663212524,14.82895263400818,5.566705748248312,6.088107867734535,0.027686074462313904,0.03942518878672725,0.028164161388355518,0.024423587660340747,1.4240079011704079,1.164748340359687,7.608277277489901,27.478490031565155,-22.321188149268185
854.0,-26.984683211759535,-130.04416503533557,0.025138313086928238,-27.637206330163114,-130.93404340018583,-26.984683211759535,-130.04416503533557,-26.843231903769148,-129.80546790492468,871.6638122932959,14.724887181951033,5.415694454714337,6.154450401052155,0.02838476637084324,0.04042013158495686,0.028810669819441814,0.025138313086928238,1.4240079011704079,1.1767926220146656,7.62408397571041,27.47534240958033,-22.269816052942275
854.5,-26.869032778984806,-129.5215196904764,0.02682414399172038,-27.43818538170648,-130.37942571221973,-26.869032778984806,-129.5215196904764,-26.74542753868816,-129.27886128478644,872.1994456022738,14.47969057737708,5.857916272489528,6.301236491914335,0.03005434149197597,0.0427976197490474,0.027113350575696502,0.02682414399172038,1.4240079011704079,1.1896425713763639,7.6391228966186215,27.472174263311743,-22.21861291085262
855.0,-26.756386307597342,-128.99802191129447,0.028942649794712533,-27.239164433249844,-129.82480802425366,-26.756386307597342,-128.99802191129447,-26.649439931901345,-128.75203742868248,872.7349610883807,14.234493972803126,6.30013809026472,6.515551257349927,0.03215637613342302,0.04579093368700191,0.026241398056169433,0.028942649794712533,1.4240079011704079,1.2033723686088813,7.653120050459867,27.46898337872094,-22.16758103923271
855.5,-26.65540653156117,-128.4723118586368,0.03142435271331247,-27.04014348479321,-129.27019033628756,-26.65540653156117,-128.4723118586368,-26.565323125239832,-128.22341123080346,873.2702434597733,13.989297368229174,6.74235990803991,6.775422751975147,0.03462139749053954,0.04930114357608963,0.022668369188953305,0.03142435271331247,1.4240079011704079,1.2180414308430283,7.667221852422786,27.46576751269309,-22.11672270816961
856.0,-26.557588188128726,-127.94596767368357,0.03416040943274108,-26.841122536336574,-128.71557264832146,-26.557588188128726,-127.94596767368357,-26.482910270747553,-127.69485373621643,873.8052024950639,13.744100763655219,7.184581725815102,7.053644678452002,0.037340567811805496,0.05317326359820043,0.018549529786798132,0.03416040943274108,1.4240079011704079,1.2337077401169187,7.6773913853870885,27.462524393029764,-22.06604014106282
856.5,-26.46733827017053,-127.41840728311836,0.03701983862531068,-26.64210158787994,-128.16095496035538,-26.46733827017053,-127.41840728311836,-26.407207665509326,-127.1656891744052,874.3397559590417,13.498904159081267,7.626803543590293,7.322145791887998,0.04018290624747296,0.057220775988391245,0.014479017354957074,0.03701983862531068,1.4240079011704079,1.2513038125159677,7.687081057910963,27.459251796510564,-22.015535172063394
857.0,-26.379772614405073,-126.89048039826447,0.04029373477483206,-26.48323112783226,-127.61301422143977,-26.379772614405073,-126.89048039826447,-26.332273894158526,-126.63691764896932,874.8738124504963,13.187940155517786,7.826331920119993,7.555076370155189,0.04343951055497932,0.06185820625326588,0.009726460920940734,0.04029373477483206,1.4240079011704079,1.270744265061449,7.692888985325617,27.455947405218144,-21.965209875267554
857.5,-26.295696989596976,-126.36215821325888,0.04353414456413909,-26.328128542457854,-127.06570007284022,-26.295696989596976,-126.36215821325888,-26.25884448046192,-126.10849444920656,875.4073130909727,12.87080428887619,8.003085020261421,7.729985948327886,0.04666242784125172,0.06644766593373647,0.006738929823303739,0.04353414456413909,1.4240079011704079,1.2915119452605472,7.69748973383388,27.452608855874868,-21.915066348265153
858.0,-26.213054043687155,-125.83384181196264,0.046560717977700734,-26.173025957083446,-126.51838592424068,-26.213054043687155,-125.83384181196264,-26.184281447246807,-125.58086309310968,875.940188941334,12.553668422234594,8.17983812040285,7.827928737814563,0.049671303407846895,0.07073232851420659,0.004533715283717323,0.046560717977700734,1.4240079011704079,1.3133711631283151,7.7000973962795785,27.44923375645228,-21.865106639245607
858.5,-26.13182127418776,-125.30564894444561,0.049227262600515555,-26.01792337170904,-125.97107177564112,-26.13182127418776,-125.30564894444561,-26.108350931054698,-125.05411094855353,876.4723863436953,12.236532555592998,8.356591220544278,7.834008777058055,0.0523199492202577,0.07450402107848149,0.0043966946772216785,0.049227262600515555,1.4240079011704079,1.3367181842659008,7.702337228118801,27.445819686280224,-21.81533274657239
859.0,-26.051666435632356,-124.77776186465756,0.05139929292659497,-25.862820786334634,-125.42375762704158,-26.051666435632356,-124.77776186465756,-26.030475626929015,-124.52837696246563,877.0038602100944,11.919396688951402,8.533344320685707,7.739213744573738,0.054473877999683895,0.07757123267894273,0.005944474327915504,0.05139929292659497,1.4240079011704079,1.361799392551411,7.704795330246641,27.442364196190418,-21.765746618376838
859.5,-25.973188196060946,-124.25022730661124,0.052813572590973884,-25.742732881529346,-124.90088002192998,-25.973188196060946,-124.25022730661124,-25.951206714055967,-124.00361686370428,877.5345739238882,11.619356468187172,8.183001561223072,7.54295859177857,0.05586985863540943,0.07955912013409677,0.008372891066403132,0.052813572590973884,1.4240079011704079,1.3880857267124806,7.7086840146128655,27.438864808693612,-21.71635015217118
860.0,-25.89733051300203,-123.72304184054478,0.05351492986798438,-25.63672846212821,-124.38783120000153,-25.89733051300203,-123.72304184054478,-25.87154644437937,-123.47970671797346,878.0645058538062,11.326192399804608,7.620652102722562,7.254731692319945,0.05655271840327735,0.08053151783893209,0.011598016654447077,0.05351492986798438,1.4240079011704079,1.415048398675304,7.713723063740659,27.435319018188203,-21.667145194480984
860.5,-25.824388818078425,-123.196299939615,0.05361055374872583,-25.530724042727076,-123.87478237807306,-25.824388818078425,-123.196299939615,-25.791781769948233,-122.95662332947961,878.5936359742774,11.033028331422043,7.058302644222051,6.893397690714799,0.0566296487054951,0.08064106719712957,0.014337182991861035,0.05361055374872583,1.4240079011704079,1.4419323022096429,7.721033602537329,27.43172429119926,-21.618133540496643
861.0,-25.756476283380835,-122.66982296996079,0.05321461103338407,-25.42471962332594,-123.3617335561446,-25.756476283380835,-122.66982296996079,-25.714381210934654,-122.43401495137692,879.1219467645781,10.739864263039477,6.4959531857215405,6.484080051322674,0.056214814628843375,0.0800503401943028,0.015617243081515103,0.05321461103338407,1.4240079011704079,1.4682216196097144,7.728960221640411,27.428078066646247,-21.56931693374403
861.5,-25.69213230947887,-122.14394646633701,0.05249197039116584,-25.318715203924807,-122.84868473421615,-25.69213230947887,-122.14394646633701,-25.63764459100601,-121.91213371120972,879.6494402408356,10.446700194656913,5.93360372722103,6.053973938794368,0.05547308062958301,0.0789941051187893,0.016030874080151487,0.05249197039116584,1.4240079011704079,1.4936062230891896,7.737600468622392,27.42437775613969,-21.52069706577466
862.0,-25.63356252456532,-121.61846454379537,0.05082710298203068,-25.216318952859424,-122.3854921494354,-25.63356252456532,-121.61846454379537,-25.56422333429393,-121.39059910239627,880.176118901933,10.229751116276457,5.453583606230524,5.628892234555661,0.05378891681976698,0.07659584254674603,0.013196404188454143,0.05082710298203068,1.4240079011704079,1.5178345731459255,7.74592985060687,27.420620744306905,-21.472275575875408
862.5,-25.578222276936728,-121.09383533846207,0.04850141586979813,-25.117306483604725,-121.96905531790983,-25.578222276936728,-121.09383533846207,-25.49123041206192,-120.86982238706399,880.7019864336569,10.084277333079804,5.0507728859189625,5.231448506251324,0.05144372322576497,0.07325626833911295,0.009719158899711311,0.04850141586979813,1.4240079011704079,1.5407115301483725,7.751534832698139,27.416804389148226,-21.424054050798425
863.0,-25.52579028448271,-120.5701649484563,0.0464845865372141,-25.01829401435003,-121.55261848638428,-25.52579028448271,-120.5701649484563,-25.418429192911923,-120.3498158185384,881.227064557529,9.93880354988315,4.6479621656074,4.880432210126347,0.04940718061238068,0.07035621556658349,0.0045878808777802095,0.0464845865372141,1.4240079011704079,1.5619459678795709,7.75617052956833,27.41292602242396,-21.37603402451153
863.5,-25.475562804258,-120.04761586439068,0.04495398242274307,-24.91928154509533,-121.13618165485872,-25.475562804258,-120.04761586439068,-25.345129159064232,-119.83067153202123,881.7513616482605,9.7933297666865,4.245151445295839,4.589898059927032,0.047856648739454714,0.06814824592852035,-0.0009738946722750495,0.04495398242274307,1.4240079011704079,1.5811179227130787,7.756346936205698,27.40898295007262,-21.328216977969422
864.0,-25.423596959176955,-119.52680228508808,0.04403168533728442,-24.820269075840635,-120.71974482333316,-25.423596959176955,-119.52680228508808,-25.26680197712327,-119.31302112372363,882.2749080833839,9.647855983489846,3.842340724984277,4.366827443655412,0.04691420994308522,0.06680620563612066,-0.005155976832350854,0.04403168533728442,1.4240079011704079,1.5981643134894912,7.755145558327655,27.4049723988193,-21.28060455619414
864.5,-25.372417204349112,-119.00741350264465,0.04255279177561813,-24.76939575205543,-120.27979398048548,-25.372417204349112,-119.00741350264465,-25.18651216433777,-118.79641468757555,882.7977381100108,9.625094060830843,3.627668978103025,4.207353156199529,0.045414966967616564,0.06467127179327907,-0.009403609033781754,0.04255279177561813,1.4240079011704079,1.6130546359157154,7.750947404440733,27.400891574376722,-21.23319833514627
865.0,-25.31643016689091,-118.49037686924788,0.039124974418228216,-24.82580031740422,-119.78744225941055,-25.31643016689091,-118.49037686924788,-25.097812634013124,-118.28187744592191,883.319871677839,9.875795018366238,3.8322641653685623,4.093057085536903,0.04196658859428838,0.05976075374343458,-0.011340527899643748,0.039124974418228216,1.4240079011704079,1.62567964872394,7.74534231553283,27.3967377125732,-21.185999617268763
865.5,-25.259817905631344,-117.97504357511859,0.03608403535929597,-24.88220488275301,-119.29509053833563,-25.259817905631344,-117.97504357511859,-25.005818372932556,-117.76860938964354,883.8413551584034,10.126495975901632,4.0368593526340995,3.989536962245233,0.03890488215492573,0.055400859582717836,-0.012629013555905802,0.03608403535929597,1.4240079011704079,1.6358352715330602,7.739167881407903,27.39250802519616,-21.139009652037554
866.0,-25.197864787713037,-117.46224274747965,0.03293978733181761,-24.938609448101797,-118.8027388172607,-25.197864787713037,-117.46224274747965,-24.905193759795797,-117.25757118759111,884.3622123787596,10.377196933437025,4.241454539899637,3.8486688131592386,0.03573966055393793,0.050893559013955966,-0.012164496070261443,0.03293978733181761,1.4240079011704079,1.6436183400046114,7.732269615912621,27.388199700550945,-21.09222963580658
866.5,-25.134588885119275,-116.95123312697491,0.02921907960602819,-24.995014013450586,-118.31038709618579,-25.134588885119275,-116.95123312697491,-24.800880904904137,-116.7478946888611,884.882485318275,10.627897890972418,4.446049727165174,3.614219753273991,0.031997777101413064,0.04556508741230175,-0.010955800385115365,0.02921907960602819,1.4240079011704079,1.6489464990248588,7.726626012743072,27.38380990404145,-21.045660711673584
867.0,-25.067284211428213,-116.44246970112997,0.02453099569471347,-25.060026773415423,-117.80505210557668,-25.067284211428213,-116.44246970112997,-24.689940332498168,-116.24014679605256,885.4022158977931,10.878294754284381,4.570886962942343,3.2292258799037583,0.027288318799635766,0.038858781580338314,-0.009366366910559185,0.02453099569471347,1.4240079011704079,1.6519100259897077,7.721007194023832,27.37933577877341,-20.999303969367745
867.5,-24.998694171684196,-115.93530258334289,0.018620237308661684,-25.22798049082317,-117.14445689418937,-24.998694171684196,-115.93530258334289,-24.575893547164743,-115.73363193177826,885.9214277832803,11.125055111695964,3.741940013288524,2.6431637522408087,0.02135599092807381,0.03041109981890066,-0.0075163617583722895,0.018620237308661684,1.4240079011704079,1.6521771540404728,7.7170322087223155,27.374774446181057,-20.953160445158765
868.0,-24.927723245069437,-115.42977922913815,0.011346857230977881,-25.39593420823092,-116.48386168280206,-24.927723245069437,-115.42977922913815,-24.4578094223928,-115.22851986442005,886.4401604367036,11.371815469107547,2.912993063634705,1.8183236548990422,0.014060850188126365,0.02002276176506536,-0.006258723958898919,0.011346857230977881,1.4240079011704079,1.6498880638531177,7.713325852964942,27.370123001108972,-20.90723112262781
868.5,-24.85569778798897,-114.92537522208096,0.002760656879714919,-25.563887925638664,-115.82326647141475,-24.85569778798897,-114.92537522208096,-24.337676244538084,-114.72435541613116,886.9584455106863,11.618575826519132,2.084046113980886,0.7360669756361049,0.005452699192728252,0.007764686733150535,-0.005143765832346917,0.002760656879714919,1.4240079011704079,1.6452369425893905,7.710652175426516,27.365378522359634,-20.861516931132453
869.0,-24.78226343262206,-114.42187498833636,-0.006906286179238228,-25.731841643046412,-115.16267126002745,-24.78226343262206,-114.42187498833636,-24.215573213610103,-114.22109029929334,887.4763116487459,11.865336183930715,1.2550991643270666,-0.5964235573650429,-0.004236377895577852,-0.006032635595646526,-0.004855314315222368,-0.006906286179238228,1.4240079011704079,1.6383907367758648,7.708089488780898,27.360538070648158,-20.816018746194807
869.5,-24.70780371423921,-113.91885566658317,-0.017724053155827514,-25.904821001067294,-114.47751279061106,-24.70780371423921,-113.91885566658317,-24.092512346401726,-113.71846595784069,887.9937826532154,11.915416817411009,-0.8111100188374092,-2.140513326396925,-0.015076462704039046,-0.021469002012252575,-0.004786686210173467,-0.017724053155827514,1.4240079011704079,1.629210396170905,7.705714566651714,27.355598687739175,-20.770737389734876
870.0,-24.632025521117196,-113.41601847623382,-0.02973190251578281,-26.07999765959313,-113.78161482280522,-24.632025521117196,-113.41601847623382,-23.968778444905997,-113.21639138168413,888.5108793386817,11.879505536630779,-3.418272513177987,-3.8253848586515087,-0.027106809643945084,-0.03860031110850001,-0.005351363580396839,-0.02973190251578281,1.4240079011704079,1.6177051787424983,7.703223103765984,27.350557397173848,-20.725673630086163
870.5,-24.554997673059507,-112.91296487125533,-0.04220970282619749,-26.255174318118968,-113.08571685499939,-24.554997673059507,-112.91296487125533,-23.845149196245874,-112.71465991458076,889.027617843442,11.843594255850547,-6.025435007518565,-5.555742745424454,-0.03960728619243571,-0.056401088481946055,-0.005828123191903725,-0.04220970282619749,1.4240079011704079,1.604102931424947,7.700272085994683,27.345411205006904,-20.680828182030247
871.0,-24.47608338343026,-112.40949629130087,-0.05442084003676606,-26.430350976644803,-112.38981888719356,-24.47608338343026,-112.40949629130087,-23.721614945234137,-112.21326941535015,889.5440025555966,11.807682975070318,-8.632597501859143,-7.2277821660559916,-0.05184127648966087,-0.0738223873280368,-0.006542262542423555,-0.05442084003676606,1.4240079011704079,1.5886337491341964,7.6972889215685365,27.34015710055165,-20.636201706849253
871.5,-24.39578000664105,-111.90518054914645,-0.06577791558657325,-26.578841898282526,-111.69800310087223,-24.39578000664105,-111.90518054914645,-23.599507049274,-111.71187668970205,890.0600511085872,11.763351998610364,-10.690803950696813,-8.74835011269027,-0.06322137977462328,-0.09002774432195856,-0.006560915615370085,-0.06577791558657325,1.4240079011704079,1.5715300741895346,7.693599959192956,27.33479206212056,-20.591794790458035
872.0,-24.3127967404681,-111.40012784895478,-0.0759654372527711,-26.66291679604335,-111.01604118896624,-24.3127967404681,-111.40012784895478,-23.478027343996242,-111.21068336771532,890.5757569452445,11.698696932161246,-11.423899315559648,-10.04988161858194,-0.07343210292912626,-0.10456789477063445,-0.006509464570380135,-0.0759654372527711,1.4240079011704079,1.5529676329884898,7.690580005062673,27.329313073108096,-20.54760787611555
872.5,-24.229030980359273,-110.89379340738594,-0.08448729066489394,-26.746991693804176,-110.33407927706025,-24.229030980359273,-110.89379340738594,-23.360072275937206,-110.70901123516512,891.0911145150708,11.634041865712128,-12.156994680422482,-11.095707764166196,-0.0819773292525698,-0.1167363645725074,-0.005309837489573326,-0.08448729066489394,1.4240079011704079,1.5331748141078765,7.6869291769229555,27.323717075875628,-20.503641470924833
873.0,-24.14192632731814,-110.38680553832853,-0.09120649219696604,-26.831066591565,-109.65211736515427,-24.14192632731814,-110.38680553832853,-23.24321114736162,-110.20744887106511,891.6061126009192,11.569386799263011,-12.890090045285318,-11.875245044604835,-0.08872007450527747,-0.1263380870879424,-0.003949029909957241,-0.09120649219696604,1.4240079011704079,1.5124052001658306,7.6851186574713,27.31800099923921,-20.45989602865773
873.5,-24.055907683150835,-109.87832723337567,-0.0960973612147022,-26.915141489325826,-108.97015545324827,-24.055907683150835,-109.87832723337567,-23.133114985372323,-109.70475689096374,892.1207332241162,11.504731732813893,-13.623185410148153,-12.393375593127907,-0.09363465595999315,-0.13333648991040306,-0.0014967178697813065,-0.0960973612147022,1.4240079011704079,1.490917981891749,7.6828613911925245,27.312161759335183,-20.416371949926155
874.0,-23.966156842579405,-109.36968162609791,-0.0989793240661685,-26.848992539665122,-108.38184117282003,-23.966156842579405,-109.36968162609791,-23.024451134801943,-109.20215331595323,892.6349542760969,11.451425487404132,-13.635584504545836,-12.659852355042336,-0.09654049864424098,-0.13747443285233021,0.0010676549461052995,-0.0989793240661685,1.4240079011704079,1.4691003165716972,7.683568169715802,27.306196260532744,-20.37306958238193
874.5,-23.880603902818827,-108.85960783712369,-0.10001674184197526,-26.76491269396894,-107.80470478440306,-23.880603902818827,-108.85960783712369,-22.926742217793038,-108.69775984308356,893.1487486378246,11.399473850691157,-13.561960440033175,-12.683180127444604,-0.09760196178434209,-0.13898596475063535,0.003944981883718474,-0.10001674184197526,1.4240079011704079,1.4472530243632582,7.68396574209921,27.30010139639549,-20.329989220946647
875.0,-23.791127339189103,-108.35013098351605,-0.09923710310417966,-26.68083284827276,-107.22756839598608,-23.791127339189103,-108.35013098351605,-22.830481025426177,-108.19353999397374,893.6620846209528,11.347522213978182,-13.488336375520513,-12.470565681281501,-0.09684653140395427,-0.13791022592017893,0.006906041668033927,-0.09923710310417966,1.4240079011704079,1.4253827497949767,7.687650246231332,27.293874050690302,-20.287131108071044
875.5,-23.709370400916164,-107.83964725629008,-0.09667381277434625,-26.596753002576584,-106.65043200756912,-23.709370400916164,-107.83964725629008,-22.749271054129824,-107.68719720629959,894.1749265058185,11.295570577265208,-13.414712311007852,-12.032699991176065,-0.09430761061857235,-0.13429478266134928,0.008977792912100864,-0.09667381277434625,1.4240079011704079,1.4036668388687208,7.69111077813918,27.287511098439595,-20.24449543402368
876.0,-23.623588246655842,-107.3305806569873,-0.09232725137040527,-26.40887669021357,-106.16194653826842,-23.623588246655842,-107.3305806569873,-22.669064905577248,-107.1812150217507,894.6872406390922,11.250566830573037,-12.671035737964255,-11.389947258206766,-0.08998557693891554,-0.12814017255239338,0.011739963628787228,-0.09232725137040527,1.4240079011704079,1.3824184069118592,7.696935210452062,27.28100940549851,-20.20208232549479
876.5,-23.548111867616036,-106.82128206707694,-0.08643457991128362,-26.114602161170506,-105.76433410158548,-23.548111867616036,-106.82128206707694,-22.606370967790408,-106.67335503268069,895.1989732528946,11.21268512889494,-11.24051119909806,-10.57562574648925,-0.08411758976103884,-0.1197841124471303,0.011804193306885848,-0.08643457991128362,1.4240079011704079,1.3621080218713462,7.703220061144229,27.274365830359347,-20.159891851240587
877.0,-23.469150394431423,-106.31396881615956,-0.07943033608603887,-25.820327632127444,-105.36672166490251,-23.469150394431423,-106.31396881615956,-22.54451772571202,-106.1660168974914,895.7100927350673,11.174803427216842,-9.809986660231864,-9.632725839542912,-0.07713818485129269,-0.10984538471018425,0.01254952290794585,-0.07943033608603887,1.4240079011704079,1.3428651573598172,7.709077087977458,27.267577228628628,-20.117924048281928
877.5,-23.40015874553912,-105.80739993840334,-0.07163329140239845,-25.52605310308438,-104.96910922821957,-23.40015874553912,-105.80739993840334,-22.49882621588448,-105.6576282381937,896.2205422870321,11.136921725538745,-8.37946212136567,-8.603552568663751,-0.06936613264737167,-0.09877792096349183,0.012206230258405098,-0.07163329140239845,1.4240079011704079,1.3246580792601252,7.716084948869092,27.260640451668174,-20.07617890281104
878.0,-23.32885251310449,-105.3030128681259,-0.06327422846539751,-25.23301361590041,-104.5689848892758,-23.32885251310449,-105.3030128681259,-22.454304503371787,-105.14986221498978,896.7302822943137,11.097212943630309,-6.997924390321023,-7.516003549895835,-0.06103221573594476,-0.08691035743392224,0.011895456821973384,-0.06327422846539751,1.4240079011704079,1.307543406804553,7.721531320205979,27.25355234776214,-20.034656350598613
878.5,-23.265943703255825,-104.80000878635417,-0.05457808646705478,-24.95701122874378,-104.1342094737218,-23.265943703255825,-104.80000878635417,-22.423005998988028,-104.64184767229024,897.239268343611,11.032300037332845,-6.292147678006898,-6.372988768807996,-0.052361372777552095,-0.07456300855136329,0.01231434720115166,-0.05457808646705478,1.4240079011704079,1.292073041976869,7.728179569517726,27.24630976329431,-19.993356277420244
879.0,-23.201886388461816,-104.29908958547762,-0.045018389340897566,-24.68100884158715,-103.6994340581678,-23.201886388461816,-104.29908958547762,-22.39314909503205,-104.13455956358264,897.7474576110574,10.967387131035382,-5.586370965692772,-5.151400407187204,-0.04282712891106588,-0.06098616995380142,0.012949808249991335,-0.045018389340897566,1.4240079011704079,1.2783566140112599,7.73398877912078,27.238909543937613,-19.9522785195031
879.5,-23.145332315743424,-103.79968284585075,-0.034246132399498294,-24.40500645443052,-103.2646586426138,-23.145332315743424,-103.79968284585075,-22.3743460159927,-103.62755771148706,898.2548152462097,10.902474224737919,-4.880594253378646,-3.813212276753984,-0.03208047908675992,-0.04568285569287816,0.01573039402270696,-0.034246132399498294,1.4240079011704079,1.266457994208301,7.741231839458022,27.231348535859425,-19.911422863993195
880.0,-23.08898367019072,-103.30198012804325,-0.02193839509322163,-24.12900406727389,-102.8298832270598,-23.08898367019072,-103.30198012804325,-22.35741025139789,-103.12139187014022,898.7612923759119,10.837561318440457,-4.17481754106452,-2.32538841678786,-0.019798503715008506,-0.028193225721523784,0.019090097510222743,-0.02193839509322163,1.4240079011704079,1.2565461160265445,7.749777188456961,27.22362358694575,-19.870789049444703
880.5,-23.041352572038146,-102.805453535612,-0.00797039085019196,-23.874220917342956,-102.39390242852079,-23.041352572038146,-102.805453535612,-22.35170439234668,-102.61585868141408,899.2668684515223,10.779014345026335,-2.1210954863792524,-0.6804402309303601,-0.005856415528434908,-0.008339581985028379,0.02480949290930525,-0.00797039085019196,1.4240079011704079,1.249017254455159,7.760317178094561,27.215731542110102,-19.830376746346047
881.0,-22.99579314188184,-102.3099512222619,0.007405592538116769,-23.628947786697523,-101.95738140248389,-22.99579314188184,-102.3099512222619,-22.348696610195525,-102.11128129673214,899.7715038715224,10.723320449875434,0.5367475395452908,1.0916535327054662,0.009493497835832289,0.013518815927969347,0.030865207098466924,0.007405592538116769,1.4240079011704079,1.2442281013074028,7.7745043331756865,27.207669252442113,-19.79018558421764
881.5,-22.96247263116045,-101.81506024504401,0.02364747841034974,-23.383674656052087,-101.52086037644699,-22.96247263116045,-101.81506024504401,-22.359572928340338,-101.60773284335778,900.2751888916812,10.667626554724533,3.194590565469834,2.92565767772168,0.025709160865562696,0.036610048205022325,0.037408002958053105,0.02364747841034974,1.4240079011704079,1.2423459180882608,7.7909759942283525,27.199433578940223,-19.750215160448164
882.0,-22.933362062735213,-101.32038193258583,0.04002213325329287,-23.138401525406653,-101.08433935041009,-22.933362062735213,-101.32038193258583,-22.374058426959948,-101.10531637756877,900.7778960895848,10.611932659573633,5.852433591394377,4.736219454357088,0.04205744121343728,0.059890128590944634,0.04309787674812993,0.04002213325329287,1.4240079011704079,1.2435713860948256,7.811596702542939,27.191021389360717,-19.71046502594221
882.5,-22.92052391497349,-100.82594473350846,0.05562537565009505,-22.91612792299805,-100.64088656699481,-22.92052391497349,-100.82594473350846,-22.405479879448503,-100.60459518739897,901.2796290873515,10.569527167391861,8.047654744063955,6.438594565012308,0.05763415894589205,0.08207149771626142,0.0448323663787712,0.05562537565009505,1.4240079011704079,1.2477790801979058,7.833624090833523,27.18242955950303,-19.67093468571276
883.0,-22.913218235484972,-100.3310167473379,0.06946627258928739,-22.748945371221684,-100.18083006054788,-22.913218235484972,-100.3310167473379,-22.440333618844434,-100.10513679485885,901.7803814916095,10.558951548990777,9.134752078687018,7.965884341748797,0.07144838266482137,0.10174306144055244,0.04435822429549086,0.06946627258928739,1.4240079011704079,1.2544420001745156,7.855951267179842,27.173654974497456,-19.631623599491466
883.5,-22.92247336884006,-99.8361912401549,0.08141651382704143,-22.58176281944532,-99.72077355410093,-22.92247336884006,-99.8361912401549,-22.49075653662898,-99.60792039657507,902.2801613106539,10.548375930589694,10.221849413310082,9.276633429373563,0.08337180371644516,0.11872210722704629,0.03526107701340234,0.08141651382704143,1.4240079011704079,1.263499895417892,7.877509588799295,27.164694530095883,-19.592531182357327
884.0,-22.936531088306907,-99.34034198988759,0.09129831739444515,-22.414580267668953,-99.260717047654,-22.936531088306907,-99.34034198988759,-22.54213407364691,-99.11173389102656,902.7790167099707,10.53780031218861,11.308946747933145,10.352374384067165,0.09322664178208795,0.1327554744972765,0.0243739193258805,0.09129831739444515,1.4240079011704079,1.274879948578159,7.89089329399626,27.15554513396716,-19.55365680538388
884.5,-22.959118975058512,-98.84385001706445,0.09906192562811718,-22.24739771589259,-98.80066054120707,-22.959118975058512,-98.84385001706445,-22.59814933041997,-98.61696808733733,903.2769442805763,10.527224693787527,12.396044082556209,11.188983607686712,0.10096314079813015,0.1437723102235177,0.00546425418668327,0.09906192562811718,1.4240079011704079,1.2884901591262632,7.901717161535868,27.14620370699859,-19.514999796305617
885.0,-22.98402321771752,-98.3461966808769,0.10479760253269807,-22.173662967813545,-98.32587046820974,-22.98402321771752,-98.3461966808769,-22.65089223063082,-98.1227966378618,903.7739827524066,10.511858239417437,12.752317234681966,11.787118864553541,0.10667156633290965,0.15190115328828663,-0.01287197393423618,0.10479760253269807,1.4240079011704079,1.3041351412373097,7.896371264313153,27.136667176165396,-19.47655941412614
885.5,-23.00141209530432,-97.84672442349328,0.10840155875168606,-22.111129007537286,-97.84931440879026,-23.00141209530432,-97.84672442349328,-22.688321135556954,-97.628094041347,904.2701601478232,10.49591754857561,13.020992751920426,12.145406471857923,0.11024813033822102,0.15699420869089167,-0.03180873972047261,0.10840155875168606,1.4240079011704079,1.3206771080652375,7.88887091515774,27.12693249071748,-19.438334895787207
886.0,-23.018906318195675,-97.34677954787851,0.10978692512967574,-22.048595047261028,-97.37275834937078,-23.018906318195675,-97.34677954787851,-22.719075456509415,-97.13398764784603,904.7655361493637,10.479976857733783,13.289668269158886,12.257673646100352,0.11160596503192212,0.15892777602320535,-0.0488315115992147,0.10978692512967574,1.4240079011704079,1.3377464493255102,7.864562211795898,27.116996619521807,-19.400325444605176
886.5,-23.01200058186744,-96.8460142905777,0.10883906970353628,-21.98606108698477,-96.89620228995132,-23.01200058186744,-96.8460142905777,-22.71417034224823,-96.63954603419509,905.2601534469102,10.464036166891956,13.558343786397346,12.113596406766133,0.11063043904975627,0.15753861931680416,-0.058253854201173697,0.10883906970353628,1.4240079011704079,1.3549511554167424,7.8399780860165444,27.10685654990492,-19.36253022335288
887.0,-23.004893098990337,-96.34615433196655,0.1054987353065836,-21.960564308987355,-96.41876790776135,-23.004893098990337,-96.34615433196655,-22.702105236373118,-96.14625689782392,905.7540798493154,10.444666936639479,13.19815688672116,11.701358384389431,0.10726229618439488,0.1527423572642588,-0.06704874098694381,0.1054987353065836,1.4240079011704079,1.3718804620873875,7.806147484038942,27.096509288973408,-19.32494835501904
887.5,-22.964306915101933,-95.84971174885257,0.09964481118942534,-21.973914240212626,-95.94041229055377,-22.964306915101933,-95.84971174885257,-22.6439538237611,-95.65656168547572,906.2473822817396,10.421701658703318,12.178383216457448,11.011117121989471,0.1013804253803059,0.14436652676557254,-0.06665039124369458,0.09964481118942534,1.4240079011704079,1.3879880270984093,7.773090707142163,27.085951864928763,-19.287578923582952
888.0,-22.924562254873656,-95.35524521462693,0.0911282322304846,-21.9872641714379,-95.4620566733462,-22.924562254873656,-95.35524521462693,-22.58050670104139,-95.16832775239524,906.7401326587711,10.398736380767156,11.158609546193736,10.038676128502633,0.09283576191380415,0.13219885847643192,-0.06710862377473872,0.0911282322304846,1.4240079011704079,1.4027644120832858,7.739760042570591,27.07518132837299,-19.250420974802115
888.5,-22.85175827316542,-94.86864716790721,0.07996501008165585,-22.000614102663175,-94.98370105613861,-22.85175827316542,-94.86864716790721,-22.47247572470892,-94.68817123275757,907.2324069816516,10.375771102830996,10.138835875930024,8.789551667401854,0.08164431671089196,0.11626215208196933,-0.06253431874182075,0.07996501008165585,1.4240079011704079,1.4157883575494372,7.706838382825884,27.06419475360238,-19.21347351701128
889.0,-22.78064099807754,-94.38421142896908,0.0662662449828393,-22.015046664759463,-94.50570989753864,-22.78064099807754,-94.38421142896908,-22.361495078982216,-94.20921725858004,907.7242843662791,10.355672963848118,9.02220559748908,7.283436936665895,0.06791719023908493,0.09671461552575066,-0.05895052652146158,0.0662662449828393,1.4240079011704079,1.4266253328136422,7.67833911148411,27.052989239889378,-19.176735521931892
889.5,-22.681557416370687,-93.90961404105627,0.050001259946141345,-22.044673376019635,-94.03283372189011,-22.681557416370687,-93.90961404105627,-22.213573360328535,-93.74050856286794,908.2158460209045,10.37581359700452,6.546244275060379,5.5576794831910385,0.05162370555267671,0.07351256459470629,-0.05413100545843965,0.050001259946141345,1.4240079011704079,1.4350200302533234,7.649451249203372,27.041561901929626,-19.14020588433934
890.0,-22.584066251129016,-93.43654788543542,0.03234183454168598,-22.074300087279802,-93.55995754624159,-22.584066251129016,-93.43654788543542,-22.064484760940406,-93.2724554016062,908.7071741939442,10.39595423016092,4.070282952631677,3.6676239463404574,0.033935642969025154,0.048324623719189816,-0.049802488597672605,0.03234183454168598,1.4240079011704079,1.4409309640061074,7.62597992380182,27.029909892986446,-19.103883506065205
890.5,-22.46417123066829,-92.97275202635645,0.01394268442215789,-22.103926798539973,-93.08708137059307,-22.46417123066829,-92.97275202635645,-21.88705311378011,-92.81448614855285,909.1983456433153,10.416094863317321,1.594321630202976,1.6825105494792016,0.015507719711557394,0.022083115398393808,-0.045544026905743155,0.01394268442215789,1.4240079011704079,1.4439926195627264,7.6015892630022535,27.01803039534576,-19.06776725571333
891.0,-22.344962233628404,-92.50939943008687,-0.004493767612942718,-22.133553509800144,-92.61420519494455,-22.344962233628404,-92.50939943008687,-21.709512273745435,-92.35663079818994,909.6894534786134,10.436235496473723,-0.8816396922257255,-0.32213136472497483,-0.0029576397299882953,-0.004211702344318845,-0.04182545931104516,-0.004493767612942718,1.4240079011704079,1.4438641545120379,7.582417613190994,27.00592062134607,-19.03185596855183
891.5,-22.20813815267021,-92.05323395963966,-0.022215863830640722,-22.137433312187554,-92.14181089820983,-22.20813815267021,-92.05323395963966,-21.511388280297233,-91.90727288762456,910.1805646581558,10.476066541140343,-2.949293423214967,-2.2727460136172013,-0.020708774932288836,-0.02948945912713898,-0.03747806685682759,-0.022215863830640722,1.4240079011704079,1.4401715800480732,7.561696572874468,26.99357781467408,-18.9961484473897
892.0,-22.070299556754993,-91.59660479283446,-0.038526547317016546,-22.129385021313848,-91.66963984756077,-22.070299556754993,-91.59660479283446,-21.313230122390426,-91.4578374898782,910.671760524804,10.525019809604949,-4.827785377387407,-4.1041002238740365,-0.03704862667100043,-0.05275753710701732,-0.033251697747993705,-0.038526547317016546,1.4240079011704079,1.433666001117111,7.546726497919103,26.98099925166884,-18.960643463468774
892.5,-21.919685114500293,-91.14415823704867,-0.052991355898285734,-22.121336730440145,-91.19746879691174,-21.919685114500293,-91.14415823704867,-21.102158853814817,-91.01414208704836,911.1631130404107,10.573973078069555,-6.706277331559846,-5.762936300228193,-0.051542730115162534,-0.07339725493188537,-0.029492327328043338,-0.052991355898285734,1.4240079011704079,1.4241842951971162,7.530004733946269,26.968182242629247,-18.925339757368654
893.0,-21.766119859748493,-90.69079287329951,-0.06531128993684394,-22.11328843956644,-90.72529774626268,-21.766119859748493,-90.69079287329951,-20.890610757806307,-90.57042476872775,911.6546840095547,10.622926346534161,-8.584769285732287,-7.210002091977326,-0.0638920834267145,-0.09098283162188031,-0.025092158965649522,-0.06531128993684394,1.4240079011704079,1.4115575924351045,7.5185539203802945,26.95512413311916,-18.890236039922943
893.5,-21.60405113207018,-90.23872703211703,-0.07545240736077584,-22.08275807344672,-90.25891150475779,-21.60405113207018,-90.23872703211703,-20.6728341352043,-90.12940430543836,912.1465473112685,10.663406511423753,-10.06033983359961,-8.421544009530407,-0.07406274273497096,-0.10546593083694987,-0.020959419066685307,-0.07545240736077584,1.4240079011704079,1.3956173207665776,7.505957274626663,26.941822291858745,-18.855331017415747
894.0,-21.437724399419064,-89.78560155876175,-0.08364904823734723,-21.995128892151012,-89.8072172231603,-21.437724399419064,-89.78560155876175,-20.454498603056592,-89.68828125169611,912.638746885066,10.682367124861683,-10.51259137477767,-9.390247284806978,-0.08228904654356636,-0.11718025245781795,-0.016186324266118133,-0.08364904823734723,1.4240079011704079,1.377045046569565,7.498358265664597,26.92827405372673,-18.820623498049994
894.5,-21.26702263711134,-89.33130782715403,-0.08974172459764776,-21.907499710855305,-89.3555229415628,-21.26702263711134,-89.33130782715403,-20.236027973520326,-89.24678094209364,913.1313445366636,10.701327738299613,-10.964842915955732,-10.124745567832584,-0.08841150600786214,-0.12589868310957067,-0.011395736621622018,-0.08974172459764776,1.4240079011704079,1.3567475640535624,7.490292689379285,26.91447688219789,-18.786112101247564
895.0,-21.0915313206645,-88.87605190376985,-0.09394873218611578,-21.819870529559598,-88.90382865996531,-21.0915313206645,-88.87605190376985,-20.017371252759137,-88.80489367250323,913.6243715463481,10.72028835173754,-11.417094457133793,-10.647580564145231,-0.09264841643920144,-0.13193207704034915,-0.006016233486717148,-0.09394873218611578,1.4240079011704079,1.3347235543964797,7.4872419720648224,26.900428281023494,-18.751795420778254
895.5,-20.916059408590886,-88.41761964041767,-0.09657658657090507,-21.73224134826389,-88.45213437836782,-20.916059408590886,-88.41761964041767,-19.804494494933753,-88.35968186629884,914.1178701164192,10.73924896517547,-11.869345998311854,-10.99181474913033,-0.09530629331021158,-0.1357169147050057,-0.0005254948159353902,-0.09657658657090507,1.4240079011704079,1.3113951239387296,7.484402119785941,26.886125795496742,-18.717672025703852
896.0,-20.736065101144646,-87.95843436951954,-0.09775038481365719,-21.560970285737458,-88.01405111036078,-20.736065101144646,-87.95843436951954,-19.59223998942429,-87.91361084174252,914.611870611109,10.771090326803181,-11.71501079718103,-11.19676875405926,-0.09651023497779024,-0.13743133715218597,0.005479604609260927,-0.09775038481365719,1.4240079011704079,1.287198434387058,7.4866979851339295,26.87156701370837,-18.68374046132982
896.5,-20.560914082466347,-87.49454434837492,-0.09802545725274688,-21.378467829266693,-87.57779552309653,-20.560914082466347,-87.49454434837492,-19.391700602396615,-87.46161868024058,915.1063973304533,10.804661309466292,-11.479223402914021,-11.302318266670387,-0.0968155723290015,-0.13786613995283323,0.011401991003077476,-0.09802545725274688,1.4240079011704079,1.2624040614075602,7.489819255554589,26.856749567792768,-18.649999250164612
897.0,-20.382227239315306,-87.0301218500858,-0.09772164760935523,-21.19596537279593,-87.14153993583227,-20.382227239315306,-87.0301218500858,-19.193004056290487,-87.00819456745275,915.6014622967032,10.838232292129403,-11.243436008647011,-11.340543892987489,-0.09654215172487467,-0.13747678685221384,0.01771932529250498,-0.09772164760935523,1.4240079011704079,1.2374347519660505,7.498010561509087,26.841671129973037,-18.61644686029407
897.5,-20.213472499847228,-86.56008444554973,-0.09696468524994395,-21.013462916325164,-86.70528434856801,-20.213472499847228,-86.56008444554973,-19.01191268502602,-86.54694715266137,916.097091183498,10.871803274792514,-11.007648614380003,-11.325043042539427,-0.0958157030979161,-0.13644231826763045,0.023898719058626047,-0.09696468524994395,1.4240079011704079,1.2126976930843116,7.50748653670092,26.826329422397322,-18.583081760275217
898.0,-20.04268493282906,-86.08972200895938,-0.09474989196506872,-20.800302607825035,-86.28026057739756,-20.04268493282906,-86.08972200895938,-18.834196128640414,-86.08371040731816,916.5932814000165,10.957077635001587,-11.074866932196459,-11.241174435538762,-0.09363154926533658,-0.13333206595266558,0.03058346776749972,-0.09474989196506872,1.4240079011704079,1.1883500781577512,7.521912890243563,26.81072221708207,-18.549902412017484
898.5,-19.887083285539845,-85.61358421345702,-0.09075047404425983,-20.554319830134446,-85.86726165184702,-19.887083285539845,-85.61358421345702,-18.67985880898103,-85.61173159371612,917.0900457347929,11.097705922645622,-11.466484873309028,-11.042799457850872,-0.08966289574148038,-0.1276806719776866,0.03718324874836988,-0.09075047404425983,1.4240079011704079,1.164712980533955,7.538114711726168,26.794847335032326,-18.5169072585143
899.0,-19.7314256220694,-85.13730144960942,-0.08546602361302805,-20.308337052443854,-85.45426272629648,-19.7314256220694,-85.13730144960942,-18.53061072607727,-85.13737034012834,917.5873881230576,11.238334210289656,-11.8581028144216,-10.66091174155669,-0.08440933166042541,-0.12019955521695926,0.04434774702472555,-0.08546602361302805,1.4240079011704079,1.142145614368793,7.559207947741891,26.77870264749267,-18.48409472487983
899.5,-19.596293387594798,-84.65583824695679,-0.07845200706882298,-20.06235427475326,-85.04126380074594,-19.596293387594798,-84.65583824695679,-18.41021937915676,-84.65453428877498,918.0853048048136,11.37896249793369,-12.249720755534169,-10.025221020468578,-0.07742632101456512,-0.11025569288329712,0.05099593276274556,-0.07845200706882298,1.4240079011704079,1.1210388390279546,7.582515674749896,26.762286077216178,-18.451463219411654
900.0,-19.463398083393706,-84.17434101876817,-0.0695136531274422,-19.815192469194372,-84.63024712471858,-19.463398083393706,-84.17434101876817,-18.29664308881922,-84.169226806522,918.5838108501104,11.519832734958294,-12.431963528127735,-9.092931463620472,-0.06851908757446538,-0.09757172208702583,0.058071408805854444,-0.0695136531274422,1.4240079011704079,1.1017608643476073,7.610246164928364,26.74559560207194,-18.419011119283596
900.5,-19.35585436561427,-83.68897525061905,-0.058833807163967355,-19.551772076402642,-84.24656532147621,-19.35585436561427,-83.68897525061905,-18.21647735879169,-83.67702008731673,919.0828987376455,11.664039411447723,-9.72695949911286,-7.873267320530523,-0.057870474119031616,-0.08240801238997862,0.06263969518185511,-0.058833807163967355,1.4240079011704079,1.0844673662489452,7.640380392455251,26.72862925678913,-18.386736768614202
901.0,-19.252830516624563,-83.20358183299402,-0.04708886134828438,-19.28835168361091,-83.86288351823383,-19.252830516624563,-83.20358183299402,-18.14456873805951,-83.18265009583433,919.5825811579502,11.80824608793715,-7.0219554700979865,-6.43586809524805,-0.046156869259181145,-0.06572774651836347,0.06675854137340405,-0.04708886134828438,1.4240079011704079,1.0688183687082256,7.672528523145836,26.711385126007855,-18.35463853398317
901.5,-19.177381458664,-82.71621794047563,-0.035181983372920216,-19.02493129081918,-83.47920171499146,-19.177381458664,-82.71621794047563,-18.107386403075054,-82.6841575606792,920.0828694306051,11.952452764426578,-4.316951441083113,-4.897485012389853,-0.034281438991075865,-0.04881703998678333,0.06426426915001786,-0.035181983372920216,1.4240079011704079,1.0550961539169956,7.706394108935469,26.693861350943504,-18.32271476946508
902.0,-19.10790753702457,-82.22877581743177,-0.02404458826739296,-18.761510898027446,-83.09551991174908,-19.10790753702457,-82.22877581743177,-18.078897480980427,-82.18416025968514,920.5837802456349,12.096659440916005,-1.611947412068238,-3.3912658327800504,-0.023175596782012472,-0.03300223293192524,0.05963346505990617,-0.02404458826739296,1.4240079011704079,1.0435589484807266,7.735859599734287,26.676056130536367,-18.29096381770564
902.5,-19.061658190939443,-81.74108620175205,-0.014411681310688257,-18.495896750420663,-82.70797518132095,-19.061658190939443,-81.74108620175205,-18.078841204470045,-81.68286475006744,921.085330179829,12.232565400633831,0.38824977655380655,-2.0312063128457276,-0.013574346939303485,-0.019329977294796505,0.04599204633258768,-0.014411681310688257,1.4240079011704079,1.034446229329635,7.764929640766155,26.657967722518073,-18.259384010962723
903.0,-19.020801655203705,-81.25321648958044,-0.006616129320116509,-18.224839639839235,-82.31084607550976,-19.020801655203705,-81.25321648958044,-18.085773576554224,-81.18072552288425,921.5875620945149,12.3478763085524,0.6397385360409495,-0.8859357330611956,-0.005810555823564418,-0.008274277402947458,0.029552119815006647,-0.006616129320116509,1.4240079011704079,1.0273931146278177,7.7808522220638565,26.639594444388567,-18.227973672108035
903.5,-18.9901706798165,-80.76528142606458,-0.0005848964942573139,-17.953782529257804,-81.91371696969857,-18.9901706798165,-80.76528142606458,-18.10500876126152,-80.6781950366847,922.090503408047,12.46318721647097,0.8912272955280924,0.029328535023132707,0.00018881310429176806,0.00026887135235599,0.008075620818865622,-0.0005848964942573139,1.4240079011704079,1.0224109205601224,7.7938318062690435,26.620934696951196,-18.19673107359269
904.0,-18.96200054979382,-80.27681844536299,0.003953495700772279,-17.682725418676377,-81.51658786388737,-18.96200054979382,-80.27681844536299,-18.12712593829614,-80.17498075128088,922.5942029444096,12.57849812438954,1.1427160550152355,0.7428741554383775,0.0046952386426332565,0.006686056924990379,-0.01418461113134575,0.003953495700772279,1.4240079011704079,1.019354031842574,7.7887583171728885,26.601986921269088,-18.16565451975611
904.5,-18.926293440250234,-79.78730855771968,0.007396619131463144,-17.41166830809495,-81.11945875807618,-18.926293440250234,-79.78730855771968,-18.14014655544614,-79.67066367279372,923.0987315803668,12.69380903230811,1.3942048145023784,1.3061896655777523,0.008106293472777294,0.01154342595444097,-0.0349478585259603,0.007396619131463144,1.4240079011704079,1.0183526603864324,7.779944355013277,26.58274961819813,-18.134742312950753
905.0,-18.88930711368826,-79.2967640040854,0.010128713237518485,-17.146467147904914,-80.70308465756705,-18.88930711368826,-79.2967640040854,-18.15126682200344,-79.16540271116253,923.6041466683636,12.80951185827519,1.7314275393627738,1.7731230042022714,0.010806217492354636,0.015388139090878874,-0.05404196283552158,0.010128713237518485,1.4240079011704079,1.019308940255747,7.754491032863884,26.563221351635942,-18.103992749799673
905.5,-18.828279440171393,-78.80540280864253,0.012437410438584684,-16.887561750681893,-80.26602016236166,-18.828279440171393,-78.80540280864253,-18.133574704284555,-78.65956618060284,924.1105337482238,12.92563603739095,2.160823299876735,2.1857443924669986,0.013082644107378477,0.01862978857710743,-0.06841164839068224,0.012437410438584684,1.4240079011704079,1.022056827342814,7.726653074455793,26.54340074922637,-18.073404122118962
906.0,-18.763338340674874,-78.31279561781804,0.014492043543726369,-16.628656353458872,-79.82895566715628,-18.763338340674874,-78.31279561781804,-18.11063639371698,-78.15273955690756,924.6179836402713,13.04176021650671,2.5902190603906967,2.569156004802453,0.015104906948648631,0.021509506841319446,-0.08052306183669193,0.014492043543726369,1.4240079011704079,1.0265884598392268,7.686671272945624,26.523286503031986,-18.042974717850445
906.5,-18.66223351555562,-77.82223796807952,0.016362251611820866,-16.36975095623585,-79.39189117195089,-18.66223351555562,-77.82223796807952,-18.04440773478226,-77.64887640279684,925.126597648641,13.157884395622471,3.019614820904658,2.9332790192048175,0.016942646246475717,0.024126462121716576,-0.08792600248287821,0.016362251611820866,1.4240079011704079,1.0328579570983656,7.646408605221531,26.50287740262036,-18.012702794896278
907.0,-18.55647632892507,-77.33057527428404,0.018055777487971717,-16.110845559012827,-78.95482667674551,-18.55647632892507,-77.33057527428404,-17.971865642894905,-77.1443309330251,925.636492508599,13.27400857473823,3.4490105814186194,3.2779424135013415,0.018603605949301955,0.02649168186206679,-0.09381465054639772,0.018055777487971717,1.4240079011704079,1.040643926760679,7.598361633350339,26.48217230112379,-17.982586611082272
907.5,-18.40714202323693,-76.84613629367675,0.019511538764874516,-15.864261733289007,-78.4999354588789,-18.40714202323693,-76.84613629367675,-17.847128185951526,-76.64895646888624,926.147776716422,13.403981108994358,3.7665563908174797,3.5981321826598998,0.02002670495422231,0.028518186089221124,-0.09561998789947483,0.019511538764874516,1.4240079011704079,1.0498434494778406,7.551806399119829,26.46117008512762,-17.95262445100434
908.0,-18.25414004811605,-76.36068216761943,0.020720413601426003,-15.623503183138563,-78.03661629234693,-18.25414004811605,-76.36068216761943,-17.71706849857444,-76.1531032624313,926.6605909846946,13.540500737096092,4.031222842404204,3.8874349231732293,0.021202822690782108,0.03019298703878893,-0.09787310619885337,0.020720413601426003,1.4240079011704079,1.0603786529918136,7.501079898654769,26.43986970849066,-17.922814599482123
908.5,-18.05448004585889,-75.8886492637257,0.021680626911285094,-15.382744632988121,-77.57329712581496,-18.05448004585889,-75.8886492637257,-17.531040857332247,-75.67378610183555,927.1750587791419,13.677020365197826,4.295889293990928,4.139692093237231,0.02213018541827777,0.031513558889993694,-0.09405966462136243,0.021680626911285094,1.4240079011704079,1.0721408882971906,7.451993160123402,26.418270193113745,-17.89315534277805
909.0,-17.85235274397859,-75.41560962728909,0.022377278485989978,-15.141986082837677,-77.109977959283,-17.85235274397859,-75.41560962728909,-17.340976686332436,-75.19404978945644,927.6913262880446,13.813539993299562,4.560555745577653,4.349391569803416,0.022793894274919405,0.03245868554592816,-0.09333180407439,0.022377278485989978,1.4240079011704079,1.0849892930367981,7.404299692357181,26.39637062980533,-17.86364496989584
909.5,-17.606552996963874,-74.96061627355255,0.022799678564381996,-14.901227532687233,-76.64665879275103,-17.606552996963874,-74.96061627355255,-17.098353941876,-74.7363167846127,928.2095377900639,13.950059621401296,4.825222197164377,4.511559099653798,0.023183260932799644,0.03301314674320193,-0.08431790181684164,0.022799678564381996,1.4240079011704079,1.0988972073029761,7.3558747090316015,26.374170182407966,-17.834281787959764
910.0,-17.357396401358933,-74.50550739258799,0.022943260006927257,-14.67524694388752,-76.14519429606197,-17.357396401358933,-74.50550739258799,-16.850570743510673,-74.27921604979119,928.7298391825659,14.08557458444505,4.875816706466836,4.62155343567746,0.02329371961738319,0.03317044078280179,-0.07699348234304937,0.022943260006927257,1.4240079011704079,1.1137151226876383,7.3167753585082345,26.35166811035511,-17.8050642191425
910.5,-17.07485136789558,-74.06795787238231,0.02280031737958248,-14.451403476962305,-75.63821339439973,-17.07485136789558,-74.06795787238231,-16.56227821233139,-73.84352667695623,929.2523758672479,14.220944257375978,4.895453100525006,4.6751869493925025,0.0231175664014825,0.03291959721154263,-0.06693282716132733,0.02280031737958248,1.4240079011704079,1.1292659157111038,7.275914766984508,26.32886371651635,-17.775990562961198
911.0,-16.787278823193247,-73.63164212973189,0.022370917025382034,-14.22756001003709,-75.1312324927375,-16.787278823193247,-73.63164212973189,-16.26683984613319,-73.41001724537067,929.7772904929467,14.356313930306907,4.915089494583175,4.6692534676451585,0.022654869090070726,0.032260712584241964,-0.055557964450417524,0.022370917025382034,1.4240079011704079,1.1453396953361636,7.246837587497058,26.305756377602762,-17.747059127373927
911.5,-16.477792669364845,-73.20848026235633,0.021666699558003447,-14.003716543111874,-74.62425159107525,-16.477792669364845,-73.20848026235633,-15.944403196009082,-72.99267757891549,930.3047260589012,14.491683603237837,4.934725888641346,4.602821600518162,0.021917269885007726,0.03121036548833524,-0.044394286653854184,0.021666699558003447,1.4240079011704079,1.1618451869789883,7.217784373407643,26.282345545476677,-17.718268229927215
912.0,-16.16323226976056,-72.78679437007101,0.020733986067522105,-13.785142417928808,-74.12235384314855,-16.16323226976056,-72.78679437007101,-15.614808274388334,-72.57772767618357,930.8348005853713,14.621881278237112,4.925430932484791,4.47933103786334,0.020951091462575573,0.02983451978085149,-0.0318684444488542,0.020733986067522105,1.4240079011704079,1.1789275756311404,7.200157514847497,26.258630777054847,-17.689616190058146
912.5,-15.836793166996213,-72.37194601664108,0.019790287324470163,-13.632139090085106,-73.6837100005003,-15.836793166996213,-72.37194601664108,-15.270090317790782,-72.17142980829881,931.3676461303014,14.687719485809266,4.556119147943463,4.30893994484481,0.01997384623152367,0.028442914850452486,-0.022415723675908644,0.019790287324470163,1.4240079011704079,1.1964069943434172,7.184197228700838,26.234611754730818,-17.66110132414906
913.0,-15.50652757411891,-71.95752054274061,0.018731993257932646,-13.479135762241405,-73.24506615785205,-15.50652757411891,-71.95752054274061,-14.919769499018027,-71.76619111026007,931.9033581406119,14.753557693381422,4.186807363402134,4.109980908929372,0.01888192576808299,0.0268880114830633,-0.012510159861337753,0.018731993257932646,1.4240079011704079,1.2141210441278354,7.176416437833137,26.21028815866599,-17.632721985571536
913.5,-15.171065364828387,-71.54458729992116,0.017680417524621104,-13.326132434397703,-72.80642231520379,-15.171065364828387,-71.54458729992116,-14.56228561006083,-71.36322386450104,932.4420412071925,14.819395900953579,3.8174955788608047,3.908401250097321,0.01779664521881913,0.025342563405925004,-0.0064239390210376855,0.017680417524621104,1.4240079011704079,1.2318148270911617,7.17090456202381,26.185659748872418,-17.604476540638103
914.0,-14.833482626102878,-71.13044355366563,0.01677292100484479,-13.173129106554,-72.36777847255554,-14.833482626102878,-71.13044355366563,-14.201310100567728,-70.95930508167562,932.9837585466129,14.885234108525733,3.448183794319476,3.7346469465751255,0.016855367011715326,0.02400217580180967,-0.0003514545964514988,0.01677292100484479,1.4240079011704079,1.249770516601477,7.169549635059144,26.16072636587173,-17.576363369255652
914.5,-14.493973325703754,-70.71483596746019,0.016139351826735555,-13.0201257787103,-71.92913462990728,-14.493973325703754,-70.71483596746019,-13.83711700177274,-70.55409948132939,933.528577967836,14.95107231609789,3.0788720097781477,3.618564205127819,0.01618794046911394,0.02305175513169445,0.0031727384248961842,0.016139351826735555,1.4240079011704079,1.2678953651071578,7.170517953564628,26.135487966237534,-17.54838086149998
915.0,-14.154149712850753,-70.29629847264985,0.015886913968477735,-12.869154970429792,-71.48832283701434,-14.154149712850753,-70.29629847264985,-13.471634819584569,-70.14585414229943,934.0765216451219,15.012786168406338,2.749816036347068,3.583955646952383,0.015901570855023157,0.022643962538574054,0.0073730918083665395,0.015886913968477735,1.4240079011704079,1.2860285773978961,7.172955953497394,26.109944594127086,-17.520527421628017
915.5,-13.81357136101168,-69.875205872219,0.01620746181631264,-12.75237371366172,-71.01104337713826,-13.81357136101168,-69.875205872219,-13.104355050064285,-69.73499388280348,934.6276124521497,15.005123145186737,3.0979137555798357,3.6448139959847774,0.01618811355298057,0.023052001604488098,0.011095394426181777,0.01620746181631264,1.4240079011704079,1.3040550733462113,7.178471375348312,26.084096331154743,-17.49280147462351
916.0,-13.47521833147195,-69.44897138751931,0.016968986470066,-12.635592456893647,-70.53376391726218,-13.47521833147195,-69.44897138751931,-12.738765595798759,-69.31847270533348,935.1818241739112,14.997460121967134,3.4460114748126034,3.8047123806439753,0.016915560779373947,0.024087892202556763,0.015222235612078923,0.016968986470066,1.4240079011704079,1.3223783585451996,7.184998446003881,26.05794334152842,-17.465201461702733
916.5,-13.137042475430984,-69.01949061940027,0.018152721512850065,-12.518811200125574,-70.05648445738609,-13.137042475430984,-69.01949061940027,-12.372411853863523,-68.89852959033416,935.7391228753341,14.989797098747532,3.794109194045371,4.059130537673254,0.01806514739802832,0.025724912630600363,0.02153611545530709,0.018152721512850065,1.4240079011704079,1.3410296703901596,7.195059856657742,26.031485872688933,-17.437725841025895
917.0,-12.804204502953647,-68.5824524000606,0.019719541303317534,-12.402029943357501,-69.57920499751002,-12.804204502953647,-68.5824524000606,-12.011295712744847,-68.47011042993996,936.2994405651343,14.982134075527929,4.142206913278139,4.398995863719334,0.019597749179952367,0.02790734967740805,0.02668357241442164,0.019719541303317534,1.4240079011704079,1.3598499260816714,7.208585337611271,26.00472425451785,-17.4103730783496
917.5,-12.47472974553056,-68.13988488103244,0.02162076209762346,-12.285248686589428,-69.10192553763393,-12.47472974553056,-68.13988488103244,-11.653001565825564,-68.03562592538613,936.8626811552929,14.974471052308328,4.490304632510907,4.813128835665111,0.021464684313952074,0.03056588005919627,0.03636352874977103,0.02162076209762346,1.4240079011704079,1.3786761078791403,7.224432624984053,25.97765890240322,-17.383141663500243
918.0,-12.152976462831088,-67.68842934729147,0.023800022127597152,-12.173049171943829,-68.62335843650646,-12.152976462831088,-67.68842934729147,-11.30254366748489,-67.59115350298941,937.4287212870959,14.966106514849727,4.872449867383222,5.288179295913548,0.02360959340472997,0.03362024755175623,0.044463730306809834,0.023800022127597152,1.4240079011704079,1.397352486220452,7.248769667362762,25.950290317766168,-17.356030110997352
918.5,-11.842591262017589,-67.2261465415863,0.026201382533892318,-12.106142702093333,-68.13206229229444,-11.842591262017589,-67.2261465415863,-10.964081081942057,-67.13444198589517,937.9974145783474,14.950807122700056,5.591173549885739,5.806448582886402,0.02597654019499459,0.03699079848274298,0.05932188975314571,0.026201382533892318,1.4240079011704079,1.4159057804135484,7.273840178676478,25.9226190875652,-17.329036955940882
919.0,-11.541253644409466,-66.75502955893774,0.02869662959566977,-12.039236232242837,-67.6407661480824,-11.541253644409466,-66.75502955893774,-10.634738734322902,-66.66786473965158,938.5685745593332,14.935507730550384,6.309897232388257,6.343494451619556,0.028437314587926844,0.04049496066127633,0.07362942169784457,0.02869662959566977,1.4240079011704079,1.4343880086606846,7.314925577554842,25.894645884201307,-17.302160755282703
919.5,-11.267334538888766,-66.26441556063575,0.03114422645055594,-11.972329762392341,-67.14947000387039,-11.267334538888766,-66.26441556063575,-10.33597680505733,-66.17890019272048,939.1419994625091,14.920208338400714,7.028620914890775,6.867684363818437,0.030850382429572422,0.043931188333839855,0.089514490990497,0.03114422645055594,1.4240079011704079,1.4525225863043014,7.356363132262528,25.866371397046752,-17.27540007352493
920.0,-11.00396168959944,-65.7659318854151,0.03338189245787233,-11.905423292541846,-66.65817385965836,-11.00396168959944,-65.7659318854151,-10.047793808711434,-65.68124096744754,939.717475951875,14.904908946251043,7.747344597393292,7.343036367582141,0.03305346737428161,0.04706839870205531,0.11474432456164346,0.03338189245787233,1.4240079011704079,1.4700686908323153,7.415715415024824,25.83779646015822,-17.24875351375425
920.5,-10.788065663490492,-65.24178812482005,0.035252366583466026,-11.83851682269135,-66.16687771544635,-10.788065663490492,-65.24178812482005,-9.813496190261207,-65.15395774466134,940.2947247642055,14.889609554101371,8.46606827989581,7.73497663754453,0.03488931053806484,0.04968265387259231,0.11908337563765828,0.035252366583466026,1.4240079011704079,1.486834726861588,7.485955417686084,25.80892200110913,-17.222219707389453
921.0,-10.595990367666719,-64.70789900321759,0.03662080550454571,-11.776296586175961,-65.67477353031889,-10.595990367666719,-64.70789900321759,-9.605132272904287,-64.61575941586636,940.8734642723429,14.876998476600273,9.097134662927804,8.017074492227,0.03622307223016977,0.051581941060428134,0.1311854618950164,0.03662080550454571,1.4240079011704079,1.502688643059919,7.550988693134936,25.779749028948316,-17.195797312805862
921.5,-10.448928541982399,-64.1569611551379,0.037305740901610304,-11.759902554546697,-65.17476759427569,-10.448928541982399,-64.1569611551379,-9.447544124902173,-64.05802390699368,941.4533919021017,14.890676157911281,8.871009122713716,8.175996071820128,0.03687328555873003,0.05250784997774426,0.13397745956189858,0.037305740901610304,1.4240079011704079,1.5175103260926375,7.635157497630462,25.7502786206423,-17.16948502041083
922.0,-10.348668995216833,-63.595767873807134,0.037437425490904674,-11.74350852291743,-64.67476165823251,-10.348668995216833,-63.595767873807134,-9.342782706526535,-63.48869939971322,942.0341865072586,14.90435383922229,8.644883582499627,8.212552590344522,0.036970205000443804,0.0526458640285217,0.13143869228952265,0.037437425490904674,1.4240079011704079,1.5312120101710076,7.703837634028071,25.72051179259947,-17.14328159704902
922.5,-10.278154132887924,-63.02811679235552,0.037071873373633366,-11.727114491288166,-64.17475572218932,-10.278154132887924,-63.02811679235552,-9.270762772575456,-62.91219971266108,942.6155110135008,14.9180315205333,8.418758042285539,8.13853399679746,0.03656984681011021,0.052075750802188375,0.13412450509329366,0.037071873373633366,1.4240079011704079,1.5437352277615501,7.785493954815629,25.69044979729823,-17.11718578347343
923.0,-10.27052512361685,-62.45656072338603,0.036288408087568336,-11.7107204596589,-63.67474978614614,-10.27052512361685,-62.45656072338603,-9.27048825724987,-62.33146849075168,943.1970152994014,14.931709201844308,8.192632502071453,7.9710165521054845,0.03575153262677891,0.05091046493948479,0.11355597454299647,0.036288408087568336,1.4240079011704079,1.5550068906203494,7.857093568705726,25.6600939631574,-17.091196349153407
923.5,-10.281710801559235,-61.88520812061948,0.03516466115866696,-11.694326428029633,-63.17474385010295,-10.281710801559235,-61.88520812061948,-9.290152800305794,-61.7512775661665,943.7783325895982,14.945386883155317,7.966506961857364,7.726828233707982,0.03459289704462417,0.04926055871591927,0.10443221894302832,0.03516466115866696,1.4240079011704079,1.5649715733711562,7.91551367131348,25.6294456833369,-17.06531208865744
924.0,-10.340714966225207,-61.317296704063466,0.03375550634372429,-11.681922179239455,-62.675052004469414,-10.340714966225207,-61.317296704063466,-9.363944020887844,-61.1753754628219,944.3591079888639,14.960282635102457,7.718915741404114,7.419037506231773,0.03314881208431127,0.04720417032247235,0.0892079231118153,0.03375550634372429,1.4240079011704079,1.5736319464096489,7.976345817846392,25.598506283806117,-17.039531778129614
924.5,-10.420902991883995,-60.753367220980394,0.032054211650718624,-11.708816360531836,-62.178453876088476,-10.420902991883995,-60.753367220980394,-9.460613244775686,-60.604341089170056,944.938959139581,14.98717609861943,7.259892578893988,7.055743491676985,0.031412547859032594,0.044731716347155996,0.07360857762742032,0.032054211650718624,1.4240079011704079,1.5811528806130444,8.017319440244105,25.567277323196137,-17.013854273578264
925.0,-10.525775904125707,-60.19439536362887,0.030133856024679898,-11.735710541824218,-61.68185574770753,-10.525775904125707,-60.19439536362887,-9.584384237421773,-60.03926998774559,945.5175211604077,15.014069562136404,6.800869416383861,6.640305854661945,0.029457184590522212,0.041947263603138815,0.06344691187844244,0.030133856024679898,1.4240079011704079,1.5879560633354795,8.060159477320221,25.535760433306532,-16.9882784579764
925.5,-10.653327462425255,-59.64208535491404,0.027994090772816876,-11.762604723116599,-61.18525761932659,-10.653327462425255,-59.64208535491404,-9.733017965746123,-59.48212098273131,946.0944272428349,15.040963025653378,6.341846253873735,6.1721071898051285,0.027282374898344813,0.038850317417936216,0.04640048070214303,0.027994090772816876,1.4240079011704079,1.5938926800670672,8.089346564465618,25.503957312672885,-16.962803237237416
926.0,-10.789810557445113,-59.0933774414143,0.025621731291099913,-11.789498904408982,-60.688659490945646,-10.789810557445113,-59.0933774414143,-9.890477742106535,-58.92925520606279,946.6693176038472,15.067856489170351,5.882823091363608,5.6476131538259065,0.02487493706741626,0.03542210692511741,0.03523868356388822,0.025621731291099913,1.4240079011704079,1.5988609325209064,8.112698366147557,25.47186965816547,-16.937427502489054
926.5,-10.942054155717289,-58.551101212425216,0.02299807225462614,-11.816393085701362,-60.19206136256471,-10.942054155717289,-58.551101212425216,-10.064949618220973,-58.38396984780358,947.2418429239766,15.094749952687323,5.423799928853482,5.061986578258683,0.022216167584880146,0.031635998174595226,0.01767440337411923,0.02299807225462614,1.4240079011704079,1.6028073530585998,8.129100507134101,25.439499323542908,-16.912150215620475
927.0,-11.09528762674409,-58.01118825566748,0.02010595592600072,-11.844387194181309,-59.6955331256398,-11.09528762674409,-58.01118825566748,-10.2392247218405,-57.84145449058634,947.8116677004933,15.122510417160816,4.9240428583578915,4.411187626597137,0.019288912627307482,0.027467563986271506,0.002950202543415865,0.02010595592600072,1.4240079011704079,1.6056968693502292,8.132527587108255,25.406848234720172,-16.886970362635527
927.5,-11.25003742447587,-57.47416397787363,0.016927488021872786,-11.883098786348349,-59.19968589792018,-11.25003742447587,-57.47416397787363,-10.414107982167033,-57.302310952628766,948.3784667876075,15.158718775925161,4.027382247990488,3.693886607406238,0.016075280790532567,0.022891326859251257,-0.00434196433721587,0.016927488021872786,1.4240079011704079,1.6075134791406713,8.132391109663907,25.373918390677805,-16.861886951932636
928.0,-11.401780268664172,-56.93890980617862,0.013500716277587125,-11.921810378515389,-58.70383867020057,-11.401780268664172,-56.93890980617862,-10.58448072369376,-56.765214466935014,948.9419537541299,15.194927134689506,3.1307216376230844,2.9122375532745215,0.012613324072825229,0.017961473139726035,-0.010585421168093138,0.013500716277587125,1.4240079011704079,1.6081720564985877,8.127663302855161,25.340711876146152,-16.836899004753263
928.5,-11.550015424608278,-56.40558413020056,0.009851227941774126,-11.960521970682429,-58.20799144248095,-11.550015424608278,-56.40558413020056,-10.74997246251247,-56.230349432455014,949.5018410477754,15.23113549345385,2.234061027255681,2.0713313525991555,0.008928633896193482,0.012714445214837443,-0.012221654121434179,0.009851227941774126,1.4240079011704079,1.6076638827966883,8.120628060701707,25.307230829451623,-16.81200557637538
929.0,-11.692692129254711,-55.87388778948631,0.0060121883630369286,-11.999233562849467,-57.712144214761345,-11.692692129254711,-55.87388778948631,-10.908402933353653,-55.697367702593134,950.0578908247865,15.267343852218195,1.3374004168882774,1.178134373108604,0.0050543795716340946,0.007197476445521252,-0.012967735066248487,0.0060121883630369286,1.4240079011704079,1.6060091354692705,8.114170009649762,25.27347745842049,-16.787205745413253
929.5,-11.832403782745338,-55.344864041900045,0.002022758469509999,-12.037945155016507,-57.21629698704173,-11.832403782745338,-55.344864041900045,-11.063067301483771,-55.16750464948492,950.6098691705494,15.30355221098254,0.44073980652087386,0.24116070703719056,0.0010297268791735394,0.001466339211990666,-0.01387763375463082,0.002022758469509999,1.4240079011704079,1.6034862930560259,8.10638272838101,25.23945404590692,-16.762498617605544
930.0,-11.965105905453585,-54.81761569831499,-0.0020678810591097394,-12.076739696121482,-56.72350763239245,-11.965105905453585,-54.81761569831499,-11.209460705039822,-54.63971503108355,951.1575964063821,15.336538755295896,-0.4787049650644679,-0.7282413918288765,-0.0030961404043909446,-0.004408928398985647,-0.017088868351693178,-0.0020678810591097394,1.4240079011704079,1.601443620880696,8.099031727020837,25.205163022665378,-16.73788335446349
930.5,-12.095292269385014,-54.29362923191668,-0.006218389591825222,-12.116318907046217,-56.25964475673931,-12.095292269385014,-54.29362923191668,-11.353129768897164,-54.11575795399857,951.7009062159884,15.33904798877832,-1.6136804489315377,-1.713326755307424,-0.007281877766030281,-0.010369451474184239,-0.022897448443070987,-0.006218389591825222,1.4240079011704079,1.5991488494624675,8.087835779715464,25.17060679706164,-16.713359115828226
931.0,-12.214458011437479,-53.770852369136755,-0.010328649706911233,-12.15589811797095,-55.795781881086185,-12.214458011437479,-53.770852369136755,-11.484331547918357,-53.593226885474294,952.2396724657575,15.341557222260747,-2.7486559327986075,-2.689583380088679,-0.011427365645831708,-0.01627265896922763,-0.02895776436249577,-0.010328649706911233,1.4240079011704079,1.596268912328776,8.074373965949372,25.13578784610951,-16.688925095184313
931.5,-12.328838356636691,-53.251158942401446,-0.014260969544753246,-12.195477328895686,-55.33191900543305,-12.328838356636691,-53.251158942401446,-11.61066141439611,-53.07432932129036,952.7738037309272,15.344066455743171,-3.8836314166656773,-3.624583602469763,-0.015394910904039048,-0.02192247476516607,-0.0363060313003401,-0.014260969544753246,1.4240079011704079,1.592498706051078,8.056865382281119,25.10070873510666,-16.66458052054897
932.0,-12.428109375919714,-52.73226813365604,-0.0178589887978474,-12.235056539820421,-54.868056129779916,-12.428109375919714,-52.73226813365604,-11.720222065167903,-52.556377756220805,953.3032496579139,15.346575689225597,-5.018606900532747,-4.481460374066877,-0.019028151007784686,-0.027096237379749054,-0.04157295655800856,-0.0178589887978474,1.4240079011704079,1.5873309337395078,8.035849257560878,25.06537226485389,-16.640324644231647
932.5,-12.519179251697654,-52.21613309177639,-0.02097782258222744,-12.274635750745155,-54.40419325412679,-12.519179251697654,-52.21613309177639,-11.821368409819476,-52.04165708613179,953.8279786415821,15.349084922708021,-6.153582384399817,-5.22600278912033,-0.02218220217649537,-0.03158763116468882,-0.04618027037037287,-0.02097782258222744,1.4240079011704079,1.5792909054583009,8.0130943384549,25.029781115350115,-16.616156773934915
933.0,-12.593563907737298,-51.70120083210578,-0.023532760869645585,-12.300007277790051,-53.92667646394351,-12.593563907737298,-51.70120083210578,-11.904317432595947,-51.52831812931332,954.348019559085,15.348055253788718,-7.135991090924066,-5.835444434871369,-0.024772351292539737,-0.03527602397114555,-0.04929147319779473,-0.023532760869645585,1.4240079011704079,1.5685165606722153,7.987603660072841,24.993938039867643,-16.592076256923704
933.5,-12.65724265120368,-51.189051528059345,-0.025579967675521915,-12.230530371204429,-53.35800812386216,-12.65724265120368,-51.189051528059345,-11.976268148656708,-51.01818917790019,954.863418983792,15.323400386532088,-7.099886155294729,-6.3056751624326175,-0.02685476123066858,-0.0382413921765168,-0.053083243416018194,-0.025579967675521915,1.4240079011704079,1.554959660468982,7.96200455026853,24.957845865322398,-16.568082479662955
934.0,-12.704429313290898,-50.67888218099969,-0.027118535673262917,-12.161053464618806,-52.78933978378082,-12.704429313290898,-50.67888218099969,-12.030544290621222,-50.51028757397203,955.3742660863924,15.298745519275455,-7.063781219665392,-6.653741287003415,-0.028428521214236748,-0.04048243882766369,-0.059160793344236746,-0.027118535673262917,1.4240079011704079,1.538838031391911,7.932989865588904,24.921507594244055,-16.544174897660163
934.5,-12.737787623400301,-50.1717232642029,-0.02829213423264514,-12.091576558033184,-52.22067144369947,-12.737787623400301,-50.1717232642029,-12.070379960401773,-50.00578215823285,955.8806852564254,15.274090652018824,-7.027676284036056,-6.914317156897876,-0.029637295404955275,-0.04220374282597773,-0.06661303703821359,-0.02829213423264514,1.4240079011704079,1.520431997980885,7.901608353790238,24.88492623995494,-16.52035298539269
935.0,-12.75265154142059,-49.66714419225691,-0.029286015177121306,-12.022099651447563,-51.652003103618135,-12.75265154142059,-49.66714419225691,-12.090362550647843,-49.50411866879387,956.3828405942497,15.249435784762193,-6.991571348406718,-7.131311078467105,-0.030666331813003236,-0.043669098801630044,-0.07768201080590278,-0.029286015177121306,1.4240079011704079,1.5000798797524482,7.865475526116249,24.8481048437279,-16.496616240666036
935.5,-12.749343625645047,-49.16636379052538,-0.030283813586097517,-11.95262274486194,-51.08333476353679,-12.749343625645047,-49.16636379052538,-12.090935734756656,-49.00667947242863,956.8809117701711,15.22478091750556,-6.9554664127773815,-7.347696898693359,-0.03169926036610875,-0.04513999722259681,-0.08729266582484366,-0.030283813586097517,1.4240079011704079,1.478170955215468,7.823456515534858,24.811046519937815,-16.472964197361424
936.0,-12.722181915817972,-48.669272181265285,-0.03140347459384278,-11.881003565529799,-50.566680469705275,-12.722181915817972,-48.669272181265285,-12.065476684027493,-48.51327924091672,957.3751340083762,15.206340556957489,-7.019217856253081,-7.596927323904792,-0.03285402222121998,-0.04678438722824541,-0.0981126365464088,-0.03140347459384278,1.4240079011704079,1.4550976976759071,7.7782918721507865,24.773754480093988,-16.44939643907439
936.5,-12.674364681207898,-48.17764742221031,-0.03262970276724191,-11.799822966655716,-50.28217594255327,-12.674364681207898,-48.17764742221031,-12.017813564117986,-48.02594813941686,957.8657536331785,15.215636863452985,-7.5286495876908095,-7.8982285866706174,-0.03411531840886558,-0.04858048296516885,-0.10498656606443298,-0.03262970276724191,1.4240079011704079,1.430932803666166,7.726096394321326,24.73623204250236,-16.42591260441796
937.0,-12.596560102081082,-47.692331970801675,-0.034098172851608294,-11.718642367781634,-49.99767141540127,-12.596560102081082,-47.692331970801675,-11.937039980297387,-47.54560868839173,958.3530513965547,15.224933169948482,-8.038081319128539,-8.256392324255229,-0.03561882030088329,-0.05072148153882673,-0.11003583194748323,-0.034098172851608294,1.4240079011704079,1.406105572518436,7.674887964562876,24.698482533403737,-16.402512328435137
937.5,-12.499915969047073,-47.2140198889781,-0.0357799113597983,-11.637461768907551,-49.71316688824927,-12.499915969047073,-47.2140198889781,-11.83635290375354,-47.07300004975753,958.8373336300551,15.234229476443979,-8.547513050566268,-8.664900177611717,-0.037335552071433555,-0.05316612114428057,-0.11205194456733482,-0.0357799113597983,1.4240079011704079,1.3813059799945777,7.618233777500891,24.660509349032736,-16.379195279461563
938.0,-12.369242510084728,-46.74602138585704,-0.03761627870725966,-11.556281170033468,-49.42866236109727,-12.369242510084728,-46.74602138585704,-11.697973245743603,-46.61192891945769,959.318929908777,15.243525782939475,-9.056944782003997,-9.110307779671931,-0.03920687155967729,-0.05583089488115381,-0.11092115042790923,-0.03761627870725966,1.4240079011704079,1.3567289972020475,7.565900267044245,24.622315954092215,-16.355961158809382
938.5,-12.22464422952581,-46.28506616759831,-0.03953399233057869,-11.475100571159386,-49.144157833945265,-12.22464422952581,-46.28506616759831,-11.545649728002372,-46.1584493050334,959.798190559124,15.252822089434972,-9.566376513441726,-9.575697931583868,-0.041159494126049856,-0.058611444843671985,-0.1090833327473096,-0.03953399233057869,1.4240079011704079,1.3325993355158752,7.510645246578008,24.583905850785232,-16.33280973030964
939.0,-12.044871299130307,-45.83867713552528,-0.04145010507729207,-11.393919972285303,-48.85965330679326,-12.044871299130307,-45.83867713552528,-11.354478828575823,-45.72130228497038,960.2754773421024,15.262118395930468,-10.075808244879454,-10.041819346527923,-0.04311047098287836,-0.06138965130279638,-0.10395990800015224,-0.04145010507729207,1.4240079011704079,1.3091258318773595,7.460893519417354,24.54528263224111,-16.309740763688374
939.5,-11.856672192223659,-45.397679678679225,-0.04326711755663452,-11.31273937341122,-48.57514877964126,-11.856672192223659,-45.397679678679225,-11.156019638994634,-45.28957498752411,960.7511859999842,15.271414702425965,-10.585239976317183,-10.485932713144305,-0.04496230062076534,-0.06402667133876898,-0.09986673402600937,-0.04326711755663452,1.4240079011704079,1.2861663934750607,7.410672216472427,24.50644995786863,-16.286754057484156
940.0,-11.634567095412326,-44.974569095093244,-0.04486448114333231,-11.231558774537138,-48.29064425248926,-11.634567095412326,-44.974569095093244,-10.920373629423977,-44.8778409134764,961.2257007097792,15.280711008921463,-11.094671707754912,-10.879806188868233,-0.046594433323627844,-0.0663508412034038,-0.09257526593560367,-0.04486448114333231,1.4240079011704079,1.2635727214460077,7.365471152435015,24.467411547036047,-16.2638494432809
940.5,-11.408439661003966,-44.554307228402536,-0.046096063103754116,-11.150378175663054,-48.00613972533726,-11.408439661003966,-44.554307228402536,-10.682755694373553,-44.46827741039021,961.6994338827402,15.29000731541696,-11.604103439192642,-11.18908929338436,-0.04786073384235612,-0.06815406314732905,-0.08860434944988153,-0.046096063103754116,1.4240079011704079,1.2416296174417314,7.322184360372457,24.42817112366246,-16.24102680071583
941.0,-11.151511889347113,-44.15351278858846,-0.04680228971173379,-11.069197576788971,-47.72163519818526,-11.151511889347113,-44.15351278858846,-10.411691799976175,-44.080307062582825,962.1727924412141,15.299303621912456,-12.11353517063037,-11.376119230650094,-0.048601627012636435,-0.06920910087573141,-0.07878900325576235,-0.04680228971173379,1.4240079011704079,1.220608092456068,7.281145384146621,24.38873246296143,-16.218286043566323
941.5,-10.892194944390276,-43.753899711601115,-0.0468380070841257,-10.988016977914889,-47.43713067103326,-10.892194944390276,-43.753899711601115,-10.140600459376763,-43.692297431371166,962.6461989289583,15.308599928407952,-12.6229669020681,-11.40643011823918,-0.048671955714818325,-0.06930924950331749,-0.07302325328468702,-0.0468380070841257,1.4240079011704079,1.200758528774919,7.247112129089677,24.349099456088872,-16.195627100685943
942.0,-10.608629219760669,-43.37156454996043,-0.04610335219038574,-10.879633389750568,-47.1218123089907,-10.608629219760669,-43.37156454996043,-9.843716447040553,-43.323084270080834,963.1200644260522,15.318598800609157,-12.768554140589487,-11.257049773266509,-0.047971853899487715,-0.06831229898666295,-0.06367935366236101,-0.04610335219038574,1.4240079011704079,1.1819281891100262,7.2116779387607535,24.309276045600303,-16.173049933318516
942.5,-10.32129710523392,-42.99080066410915,-0.044572220561495145,-10.693185949180162,-46.71806812604672,-10.32129710523392,-42.99080066410915,-9.54504480254191,-42.954114250455525,963.5948096466078,15.330613810999107,-11.87002440759919,-10.92296336768366,-0.04647521311935633,-0.06618107069054202,-0.054807359454344444,-0.044572220561495145,1.4240079011704079,1.1640280491437356,7.186412020368921,24.26926621944629,-16.15055452074467
943.0,-10.017743349292063,-42.62200037350487,-0.042321985085039725,-10.506738508609757,-46.314323943102735,-10.017743349292063,-42.62200037350487,-9.229799159524987,-42.597571471906775,964.070837879209,15.342628821389056,-10.971494674608895,-10.418497608728464,-0.044259401769205335,-0.06302573782042392,-0.04825444739008504,-0.042321985085039725,1.4240079011704079,1.1473522385191337,7.159391302738703,24.229073959281763,-16.12814069333794
943.5,-9.708818401343432,-42.25560508412342,-0.03947962726079661,-10.320291068039351,-45.91057976015876,-9.708818401343432,-42.25560508412342,-8.910577623902553,-42.24220391842651,964.5485494580283,15.354643831779006,-10.072964941618597,-9.772792254320743,-0.04145139711036925,-0.05902711699971803,-0.03981168814216093,-0.03947962726079661,1.4240079011704079,1.132119839174444,7.140226360243097,24.18870335422844,-16.10580851561246
944.0,-9.389267858654437,-41.89634468992902,-0.03619865704000245,-10.133843627468945,-45.50683557721478,-9.389267858654437,-41.89634468992902,-8.581007174497243,-41.89360451097774,965.0283388711674,15.366658842168954,-9.174435208628303,-9.021437292721432,-0.03820470368539278,-0.05440379990987351,-0.03375316565652485,-0.03619865704000245,1.4240079011704079,1.1183982383649065,7.1211841019207425,24.14815853809121,-16.083558081898655
944.5,-9.064107959750459,-41.539234836703486,-0.03262278003017547,-9.947396186898539,-45.1030913942708,-9.064107959750459,-41.539234836703486,-8.246783698135307,-41.54596933458587,965.5105866836132,15.378673852558903,-8.275905475638005,-8.197930022980717,-0.03466302286709969,-0.04936041844120049,-0.026547599787460942,-0.03262278003017547,1.4240079011704079,1.1060608544719417,7.107682306783393,24.107443687783903,-16.061389515638805
945.0,-8.731924557893365,-41.18547872261379,-0.028862451160181428,-9.760948746328134,-44.69934721132682,-8.731924557893365,-41.18547872261379,-7.906032340685147,-41.200800985724214,965.9956393975225,15.390688862948853,-7.377375742647709,-7.328103010401324,-0.030936804176218274,-0.044054253583896495,-0.021391866491483672,-0.028862451160181428,1.4240079011704079,1.095229007892896,7.095480781634569,24.066563021831126,-16.03930296865556
945.5,-8.394697886825057,-40.83280956573454,-0.024989092822632425,-9.574501305757728,-44.29560302838284,-8.394697886825057,-40.83280956573454,-7.560872228306339,-40.855541998890224,966.4838416487173,15.402703873338801,-6.478846009657413,-6.428691775473683,-0.02709746550614953,-0.03858700498244952,-0.015936842933201963,-0.024989092822632425,1.4240079011704079,1.0859184071488976,7.0868498191617455,24.025520798933638,-16.017298620410934
946.0,-8.052565253082683,-40.48083594116703,-0.02104436729074146,-9.388053865187322,-43.89185884543886,-8.052565253082683,-40.48083594116703,-7.211258581802393,-40.50985934235029,966.975504152606,15.414718883728751,-5.5803162766671175,-5.509465899354069,-0.023186664681919756,-0.03301799370884258,-0.011847538498302532,-0.02104436729074146,1.4240079011704079,1.0781541361893014,7.079875668111723,23.984321271411464,-15.99537669631482
946.5,-7.70619279575801,-40.1285767344274,-0.017058137864917854,-9.201606424616916,-43.48811466249488,-7.70619279575801,-40.1285767344274,-6.857774807382543,-40.16274096303324,967.4709254445904,15.4267338941187,-4.681786543676822,-4.577448505358679,-0.019234260384761056,-0.027389738761068712,-0.007981280687661876,-0.017058137864917854,1.4240079011704079,1.0716892671742682,7.0751699858381505,23.942968753848128,-15.97353743754611
947.0,-7.356102087396935,-39.775137281668805,-0.013099067337355861,-8.973882082188663,-43.01752722573463,-7.356102087396935,-39.775137281668805,-6.500841429955416,-39.81328778291308,967.9704446578992,15.423195297426618,-3.7598134910406458,-3.641606472207549,-0.01530891093612834,-0.021800010131360823,-0.004761866867346102,-0.013099067337355861,1.4240079011704079,1.0665196175936986,7.071953640302902,23.901467620339247,-15.95178110103468
947.5,-7.002496820123926,-39.42012155169259,-0.009314714066070304,-8.509873056134046,-42.16430358398678,-7.002496820123926,-39.42012155169259,-6.140514607142429,-39.461193422840104,968.474236137356,15.330621938840752,-2.7036419613783895,-2.716493278833571,-0.011558170246825292,-0.01645892575455194,-0.0019000762100796751,-0.009314714066070304,1.4240079011704079,1.062651085715847,7.070403789034515,23.85982227992154,-15.930107968741455
948.0,-6.646097735455382,-39.062543344944565,-0.005576217248517012,-8.045864030079429,-41.311079942238926,-6.646097735455382,-39.062543344944565,-5.7774696482265595,-39.10545888703064,968.9825167056988,15.238048580254885,-1.6474704317161342,-1.8234919323021137,-0.007853172526522595,-0.011182979727022549,0.000862288616780863,-0.005576217248517012,1.4240079011704079,1.060067783582054,7.070033760374548,23.818037175490836,-15.908518347171038
948.5,-6.28677578672828,-38.70232149582904,-0.002000327863243549,-7.581855004024813,-40.45785630049107,-6.28677578672828,-38.70232149582904,-5.411391602651377,-38.74614988801851,969.4954653512129,15.145475221669018,-0.5912989020538784,-0.9888034896347944,-0.004310664082182208,-0.006138419712318949,0.00327368898278648,-0.002000327863243549,1.4240079011704079,1.0587475238868367,7.071265306531768,23.776116782807108,-15.887012566977052
949.0,-5.925616201341557,-38.338186983323624,0.001291514878804688,-7.117845977970196,-39.60463265874322,-5.925616201341557,-38.338186983323624,-5.043404606017388,-38.38193055277984,970.0132231407576,15.052901863083152,0.4648726276083779,-0.23839037163618626,-0.0010520787533167962,-0.0014981684573766303,0.005868654164170234,0.001291514878804688,1.4240079011704079,1.0585891408670387,7.073371011679867,23.734065598551958,-15.86559099437702
949.5,-5.562019677690884,-37.970592350495316,0.004206689995178746,-6.691229128091894,-38.82280044048658,-5.562019677690884,-37.970592350495316,-4.6726650566595325,-38.01347976172707,970.5359130219018,14.940069592168685,1.3857662440984218,0.4084589878024002,0.001829966821928087,0.0026058872133052965,0.007992908453160273,0.004206689995178746,1.4240079011704079,1.0595464256642015,7.077294212468028,23.691888136108588,-15.844254034370826
950.0,-5.197829469095536,-37.59760938487842,0.00677058353266893,-6.47069843752858,-38.43444048781724,-5.197829469095536,-37.59760938487842,-4.301218864124577,-37.638660546597755,971.0636143030981,14.715580770054487,1.5610786075918253,0.9443375807209515,0.0043608631646701625,0.006209903602413301,0.010576434706688042,0.00677058353266893,1.4240079011704079,1.0615519319563855,7.081666139347646,23.64958896577687,-15.82300208649119
950.5,-4.831509368172172,-37.22071349484881,0.008993075239027948,-6.250167746965266,-38.046080535147894,-4.831509368172172,-37.22071349484881,-3.927151467732005,-37.25932402930211,971.5963661850186,14.49109194794029,1.736390971085229,1.375549330880896,0.006550492379376666,0.009327952904788918,0.012735345583922383,0.008993075239027948,1.4240079011704079,1.0645217586411044,7.088347385129255,23.607172686743844,-15.801835573181059
951.0,-4.466384490754429,-36.83666511186558,0.010925901681695462,-6.029637056401952,-37.657720582478554,-4.466384490754429,-36.83666511186558,-3.554281247354682,-36.871758688579206,972.1341849659289,14.266603125826093,1.9117033345786327,1.7199995021562935,0.008450592524374604,0.01203371052428102,0.015705217541130297,0.010925901681695462,1.4240079011704079,1.0684203384087685,7.0951073474505355,23.564643925873664,-15.780754939323353
951.5,-4.099283027815412,-36.44857623995679,0.01266385010178233,-5.8091063658386375,-37.26936062980921,-4.099283027815412,-36.44857623995679,-3.1787942920299974,-36.47971187992528,972.6770455191021,14.042114303711895,2.0870156980720362,2.0025606091269075,0.010155952510526313,0.01446215661890091,0.020091665677938332,0.01266385010178233,1.4240079011704079,1.0733424305622035,7.105035079134628,23.522007336349184,-15.75976065166985
952.0,-3.7360494414421774,-36.05104663028821,0.014326622085474517,-5.588575675275323,-36.881000677139866,-3.7360494414421774,-36.05104663028821,-2.807491121404932,-36.07690689790804,973.2248828878287,13.817625481597696,2.26232806156544,2.2503149863173073,0.011786272505239002,0.016783745172807875,0.023170949001249157,0.014326622085474517,1.4240079011704079,1.0792037855664784,7.116646519443856,23.47926759618306,-15.738853198179214
952.5,-3.372428174532401,-35.64826453382373,0.016044913522026197,-5.368044984712009,-36.492640724470526,-3.372428174532401,-35.64826453382373,-2.435291723672219,-35.66834307092864,973.7776103821365,13.593136659483498,2.4376404250588437,2.4893129605865365,0.01347225002250578,0.019184590478591435,0.029710414919778334,0.016044913522026197,1.4240079011704079,1.0859359062198548,7.1300750269716735,23.436429410447595,-15.71803312536141
953.0,-3.014558925416251,-35.23488407886276,0.01795264792336707,-5.147514294148695,-36.104280771801186,-3.014558925416251,-35.23488407886276,-2.069341776098099,-35.24780411661318,974.3350964846314,13.3686478373693,2.6129527885522474,2.742971497042256,0.015347806977015524,0.02185539840090842,0.03579441634176236,0.01795264792336707,1.4240079011704079,1.093779428454903,7.148975489015585,23.39349750226121,-15.697300963618277
953.5,-2.6613066107461893,-34.81251857448502,0.02018014208203072,-4.926983603585381,-35.71592081913184,-2.6613066107461893,-34.81251857448502,-1.708218126088237,-34.8172674846521,974.8971902314547,13.144159015255102,2.788265152045651,3.0309306158080247,0.017543263465160136,0.024981745786702182,0.04676485681980113,0.02018014208203072,1.4240079011704079,1.1025508720395871,7.169350655698524,23.350476614353735,-15.676657258289652
954.0,-2.3157240967123958,-34.37883555352207,0.022840889331198804,-4.7064529130220665,-35.3275608664625,-2.3157240967123958,-34.37883555352207,-1.3554080194706193,-34.37407986327786,975.4637041728937,12.919670193140904,2.963577515539055,3.3670862951121183,0.020172113002411517,0.02872524829873632,0.055384183468794194,0.022840889331198804,1.4240079011704079,1.1122079218853802,7.2006016103950525,23.307371507896693,-15.656102572986887
954.5,-1.9852284617984852,-33.929392986590805,0.026000618303372035,-4.475229240465015,-34.915235650474386,-1.9852284617984852,-33.929392986590805,-1.0195106613957514,-33.91312087323638,976.0344174334978,12.697675171938174,3.195581818986715,3.756695646774341,0.023300089316505485,0.03317951128468002,0.07013334595681164,0.026000618303372035,1.4240079011704079,1.1232132192762743,7.230963992297522,23.264186960986017,-15.635637488873831
955.0,-1.6625981338253681,-33.46979010451997,0.02958833320585283,-4.155217952501492,-34.30391836810966,-1.6625981338253681,-33.46979010451997,-0.691877474952245,-33.44109831573093,976.6090952397835,12.496387062648074,3.898319371985643,4.193856190193676,0.026856202137773028,0.03824344403961839,0.08824990988452538,0.02958833320585283,1.4240079011704079,1.1358978101994395,7.279078513930507,23.220927767187472,-15.615262603981979
955.5,-1.3734965427748251,-32.98522810787481,0.03359896928048279,-3.83520666453797,-33.69260108574493,-1.3734965427748251,-32.98522810787481,-0.40252141061825486,-32.940734102468745,977.187467206414,12.295098953357975,4.6010569249845705,4.661368821714927,0.03083538748482546,0.043909835414042565,0.09520795229441481,0.03359896928048279,1.4240079011704079,1.150127069941924,7.330256754302091,23.1775987326454,-15.594978547643482
956.0,-1.0969620399263327,-32.49036490505239,0.03789908201638115,-3.515195376574447,-33.08128380338021,-1.0969620399263327,-32.49036490505239,-0.1265761615605588,-32.429411878705054,977.7692540300942,12.093810844067875,5.303794477983498,5.134351964637247,0.03510421722850534,0.04998868269779396,0.11324032025766942,0.03789908201638115,1.4240079011704079,1.165768960564991,7.386871535404069,23.13420467622395,-15.574785964168106
956.5,-0.8622618173015832,-31.97154854677424,0.04233102075560929,-3.195184088610924,-32.469966521015486,-0.8622618173015832,-31.97154854677424,0.1017549624052776,-31.891208832762977,978.3541462089129,11.892522734777776,6.006532030982426,5.587280723285916,0.039505040524120086,0.05625548984240415,0.11803410042686312,0.04233102075560929,1.4240079011704079,1.1827077699465178,7.45887375366563,23.09075042959295,-15.554685496911567
957.0,-0.6584555825392462,-31.438887668694896,0.046705253584106196,-2.8794494668449793,-31.85659297708968,-0.6584555825392462,-31.438887668694896,0.29558866747575785,-31.33814547846704,978.9418311197685,11.69959767908928,6.658914304872505,6.001985374138998,0.04384833200965679,0.062440371234894584,0.13154990409232706,0.046705253584106196,1.4240079011704079,1.2011246453062818,7.521502224862348,23.047240834216844,-15.5346778034395
957.5,-0.4892818024006945,-30.89137859742535,0.05020748486078536,-2.614195299846146,-31.21894795301362,-0.4892818024006945,-30.89137859742535,0.4507735405332921,-30.76914330284162,979.5319720658903,11.605387540475633,6.716918324322309,6.373267839759567,0.04731979726797685,0.06738376519138092,0.1466498865015315,0.05020748486078536,1.4240079011704079,1.220789235407515,7.6094932561077995,23.003680739833232,-15.514763554764412
958.0,-0.3816663899010797,-30.329419368478753,0.05355035943572814,-2.3489411328473135,-30.58130292893756,-0.3816663899010797,-30.329419368478753,0.5358650043646127,-30.184736037630948,980.1242356219605,11.511177401861985,6.774922343772114,6.709115088247124,0.05063207754837374,0.07210047848155703,0.15384444783202547,0.05355035943572814,1.4240079011704079,1.2414540973232804,7.689292358249141,22.960075002850242,-15.494943434526599
958.5,-0.3014523186019231,-29.7612001699527,0.056840897117456664,-2.083686965848481,-29.943657904861503,-0.3014523186019231,-29.7612001699527,0.5912744124825585,-29.594594526027098,980.7182763545474,11.416967263248338,6.832926363221918,7.0246951113785245,0.05389220684914602,0.0767429283646939,0.1800039182498613,0.056840897117456664,1.4240079011704079,1.2628499122178227,7.786340461846974,22.91642848509561,-15.475218145068009
959.0,-0.3043903155824592,-29.188720863981715,0.06016971892110689,-1.818432798849648,-29.306012880785445,-0.3043903155824592,-29.188720863981715,0.5516449028488957,-29.00108502453482,981.3137414126305,11.322757124634693,6.890930382671723,7.332136549930262,0.05719079860440464,0.08144014908691774,0.17119301601370568,0.06016971892110689,1.4240079011704079,1.2847051517108297,7.895386581192066,22.872746055119347,-15.455588456116796
959.5,-0.34872291777210035,-28.62018717118076,0.06251338970397477,-1.6643958810790846,-28.785624932903932,-0.34872291777210035,-28.62018717118076,0.46632944376491714,-28.413846433086196,981.9102913335116,11.323962819632543,7.346316894336502,7.63037932989773,0.059504424479459965,0.08473477061334883,0.1707826084736663,0.06251338970397477,1.4240079011704079,1.306683067555697,7.982219597749613,22.82903257892871,-15.436055080798306
960.0,-0.450134558366198,-28.058443673818196,0.0641281978482524,-1.564633438808159,-28.322458920947287,-0.450134558366198,-28.058443673818196,0.31707049971946866,-27.836170939036165,982.5075793349544,11.371731834255353,7.995627698207429,7.89985096540749,0.06108937455860491,0.08699175204901188,0.16941816446321217,0.0641281978482524,1.4240079011704079,1.3285259128937619,8.090537617521813,22.78529292236692,-15.41661874142747
960.5,-0.6148648681325796,-27.516182084382283,0.06522019604145622,-1.4648709965372337,-27.859292908990643,-0.6148648681325796,-27.516182084382283,0.09668201555613604,-27.28289864680538,983.1052787259384,11.419500848878165,8.644938502078356,8.10489217731563,0.06215169816988467,0.08850450926507414,0.14615234136126568,0.06522019604145622,1.4240079011704079,1.3502049802029918,8.174660529912165,22.741531949509486,-15.397280168684063
961.0,-0.8076098299161506,-26.982174587687638,0.06548214902969343,-1.3651085542663082,-27.396126897033998,-0.8076098299161506,-26.982174587687638,-0.1531861183675503,-26.740700593658907,983.703062040461,11.467269863500976,9.294249305949283,8.203413095821517,0.06238418641640565,0.08883557436504927,0.13729348041580328,0.06548214902969343,1.4240079011704079,1.3712860367226034,8.256619255460798,22.697754521179014,-15.378040100862238
961.5,-1.0578581438760506,-26.476061777483103,0.06474758381393694,-1.2761068880047013,-26.920998585193875,-1.0578581438760506,-26.476061777483103,-0.4671615857208461,-26.23253866060761,984.3006282176023,11.507437098371524,9.595498738952074,8.159836826491889,0.06162036335766669,0.08774788429430885,0.10123891755440226,0.06474758381393694,1.4240079011704079,1.3915656846786353,8.329882920829652,22.653965495626903,-15.358899283592669
962.0,-1.3247821628602123,-25.978759776739665,0.063050041700901,-1.2186665698511452,-26.410784856607943,-1.3247821628602123,-25.978759776739665,-0.7972100724787939,-25.7357970327115,984.8976814345444,11.525308318828786,8.875884427609494,7.9558542329029205,0.05989377860753865,0.0852892139680862,0.07056723358828071,0.063050041700901,1.4240079011704079,1.410615568394168,8.370900960948468,22.610169752087682,-15.339858474090967
962.5,-1.6153410697467345,-25.49540374852635,0.06018334302075776,-1.1612262516975893,-25.90057112802201,-1.6153410697467345,-25.49540374852635,-1.1515875036564314,-25.256342111568607,985.4939579190063,11.543179539286049,8.156270116266912,7.594732849299163,0.056998260335063694,0.08116597307009855,0.05270550036402703,0.06018334302075776,1.4240079011704079,1.4276040769941345,8.409493423262253,22.566372132380696,-15.320918429273506
963.0,-1.9194374967148051,-25.020742562886667,0.056323149167616396,-1.1037859335440334,-25.390357399436073,-1.9194374967148051,-25.020742562886667,-1.5185585485278774,-24.78781996299349,986.0892043519584,11.561050759743313,7.436655804924332,7.098499487781915,0.05310946656268941,0.07562830001221531,0.026942408806543163,0.056323149167616396,1.4240079011704079,1.4423969356204474,8.430321566975891,22.522577469990235,-15.302079911073255
963.5,-2.2299202194245895,-24.54982434320785,0.05172602470089513,-1.0463456153904775,-24.880143670850142,-2.2299202194245895,-24.54982434320785,-1.8899235973492132,-24.32423824320841,986.6831987219826,11.578921980200576,6.7170414935817515,6.500316628705216,0.048483979203694905,0.06904156946624329,0.007822867685283875,0.05172602470089513,1.4240079011704079,1.4544769721545128,8.439877693581451,22.47879058874532,-15.28334368573439
964.0,-2.5433627457785564,-24.080569583460424,0.04750931581693209,-1.0443124792412812,-24.37370647387759,-2.5433627457785564,-24.080569583460424,-2.2619060889610965,-23.86300420428644,987.2757456069191,11.485427248194226,5.921526308725153,5.835808308945821,0.044239143238940966,0.06299688951326136,-0.011187086708134963,0.04750931581693209,1.4240079011704079,1.463305143989679,8.439154394772386,22.435016301375594,-15.264710523035703
964.5,-2.853553763693516,-23.608614010712348,0.04298925626065843,-1.0505718759398976,-23.86783449266447,-2.853553763693516,-23.608614010712348,-2.6274644804561724,-23.398862836738157,987.8666559587696,11.375264896837376,5.114651396410423,5.135907715267981,0.039691194917288,0.056520575169112845,-0.03822646478860907,0.04298925626065843,1.4240079011704079,1.4688845979277778,8.427257129368357,22.391259413152728,-15.246181192153147
965.0,-3.156328754142057,-23.13111715209452,0.038169730273091396,-1.0568312726385138,-23.361962511451352,-3.156328754142057,-23.13111715209452,-2.981978524966311,-22.92837576102199,988.4558181211853,11.265102545480527,4.307776484095692,4.421794734299607,0.03484402200278406,0.04961816264052004,-0.058427446783482294,0.038169730273091396,1.4240079011704079,1.470964167454202,8.395974107541697,22.34752476130728,-15.227756434839073
965.5,-3.437212642591557,-22.639308448176365,0.03309947240778348,-1.06309066933713,-22.856090530238237,-3.437212642591557,-22.639308448176365,-3.3087194939072213,-22.441149629942704,989.0431244209256,11.154940194123677,3.500901571780962,3.7014192673531374,0.02974635721131764,0.04235904769995366,-0.09222975405935435,0.03309947240778348,1.4240079011704079,1.4707648202325574,8.36114972758543,22.30381711286407,-15.209437027826883
966.0,-3.7066783417355715,-22.14065025929505,0.02792916397608115,-1.0865319547114995,-22.357557633106442,-3.7066783417355715,-22.14065025929505,-3.6203256713449976,-21.94590909341992,989.6285040373225,10.994658060558493,2.838925469552975,2.9675310723728163,0.02454888779025185,0.03495781017826439,-0.13068129795517378,0.02792916397608115,1.4240079011704079,1.4688276249796535,8.291401698951825,22.260141217009235,-15.191223747808149
966.5,-3.9175181405063553,-21.612208346173865,0.022334155087317113,-1.1294494118891474,-21.867343801773757,-3.9175181405063553,-21.612208346173865,-3.8615908671434784,-21.415636411807657,990.21190587713,10.777563692468126,2.3411963935161446,2.198477836403664,0.01892696136073606,0.026952142522835166,-0.13936610802586846,0.022334155087317113,1.4240079011704079,1.4653552083778267,8.212947421074212,22.21650180336051,-15.173117370615348
967.0,-4.105796345028273,-21.07696690522385,0.015658581796749452,-1.1723668690667952,-21.37712997044107,-4.105796345028273,-21.07696690522385,-4.075308494907149,-20.877351138277355,990.7933225931821,10.560469324377761,1.8434673174793144,1.3633434321245028,0.012224717491250767,0.017408094297117177,-0.15950368403131673,0.015658581796749452,1.4240079011704079,1.4608813933586553,8.132640559476938,22.172903580334623,-15.15511867047823
967.5,-4.229606706133394,-20.5213821301074,0.007497340682111514,-1.2152843262444428,-20.886916139108386,-4.229606706133394,-20.5213821301074,-4.212606056415475,-20.315111626891056,991.3727660797585,10.343374956287395,1.3457382414424843,0.43190619296141386,0.0040370571200621045,0.005748801236444689,-0.1614301305613254,0.007497340682111514,1.4240079011704079,1.455807995954238,8.031794704418479,22.129351240554954,-15.137228414061756
968.0,-4.306420148632906,-19.960598316975272,-0.002491858390758807,-1.2573566113404289,-20.396426012689528,-4.306420148632906,-19.960598316975272,-4.294558905239431,-19.746735932584652,991.9502908098848,10.125791285364501,0.759368283154203,-0.6129659497090805,-0.005978309670839833,-0.008513160206919381,-0.16329836522135904,-0.002491858390758807,1.4240079011704079,1.4498201320154325,7.949120412843234,22.08584951397336,-15.119447318184976
968.5,-4.337116820871738,-19.394759019995625,-0.014491957466182072,-1.2877707062002255,-19.90212470894259,-4.337116820871738,-19.394759019995625,-4.3228361216927835,-19.172395025458304,992.5259686657499,9.901458236855067,-1.0497021055117313,-1.7651212848567766,-0.01800429963077928,-0.025638264929269152,-0.1652246084834183,-0.014491957466182072,1.4240079011704079,1.4431861049789367,7.846497351811582,22.04240303358068,-15.10177615105571
969.0,-4.297982611478748,-18.83325177544901,-0.02840975093586888,-1.318184801060022,-19.407823405195657,-4.297982611478748,-18.83325177544901,-4.270294246749238,-18.603120657624366,993.0999116350185,9.677125188345633,-2.8587724941776655,-2.9917986681161404,-0.03194770354621856,-0.04549378227406509,-0.1569859426437917,-0.02840975093586888,1.4240079011704079,1.4361631847019098,7.76279030021918,21.999016405956592,-15.084215676847004
969.5,-4.234670966058398,-18.274458242040797,-0.04387403747435946,-1.3485988959198185,-18.91352210144872,-4.234670966058398,-18.274458242040797,-4.191513865404353,-18.036957439936728,993.6722460313664,9.452792139836198,-4.667842882843599,-4.238774225431863,-0.047437311611961554,-0.06755110654571599,-0.16570583859327825,-0.04387403747435946,1.4240079011704079,1.4289626009529495,7.669303963507791,21.95569421006704,-15.066766655174101
970.0,-4.09258299113344,-17.733718820872436,-0.06019554434788906,-1.3752265986910375,-18.422168283173953,-4.09258299113344,-17.733718820872436,-4.0232197466601,-17.49182930804001,994.2431346186785,9.236612634934762,-6.427711971422468,-5.441719163060131,-0.06378384030852394,-0.09082869256632964,-0.14248999062159745,-0.06019554434788906,1.4240079011704079,1.4214867272178309,7.577486497415539,21.912440996075233,-15.04942984057184
970.5,-3.930067432589155,-17.20101652920044,-0.07438609156811712,-1.3389540046242763,-17.979778678532597,-3.930067432589155,-17.20101652920044,-3.8350229142602217,-16.95572389406153,994.8127503033729,9.155881414634262,-7.370239298268055,-6.538677997171218,-0.07799910733589557,-0.11107134513055401,-0.12953639431419406,-0.07438609156811712,1.4240079011704079,1.4140434044395356,7.510085035990845,21.869261292707026,-15.032205975870163
971.0,-3.7178811394870124,-16.687437151112896,-0.0871779344939474,-1.302681410557515,-17.53738907389124,-3.7178811394870124,-16.687437151112896,-3.5933872309368073,-16.441334316779358,995.3812977798307,9.075150194333762,-8.312766625113643,-7.479403376602027,-0.09081536093512897,-0.12932179151926607,-0.12004636861557619,-0.0871779344939474,1.4240079011704079,1.4069236653087496,7.433527076435787,21.826159673416054,-15.015095743641666
971.5,-3.4772926891317524,-16.188364657576624,-0.09806037684759428,-1.2664088164907539,-17.094999469249885,-3.4772926891317524,-16.188364657576624,-3.324057483153334,-15.942757127566006,995.9489867983069,8.99441897403326,-9.255293951959228,-8.229258705589457,-0.10172190572742255,-0.1448527974779611,-0.1038621872853285,-0.09806037684759428,1.4240079011704079,1.400604814824375,7.376885810459857,21.78314059107737,-14.99809988293974
972.0,-3.2091797385836083,-15.703346020337015,-0.10666150689877157,-1.226548485785579,-16.654124778871935,-3.2091797385836083,-15.703346020337015,-3.028618565837271,-15.45887567736517,996.5160534445628,8.914111223794103,-10.153587792356511,-8.768311138678438,-0.11034682834526031,-0.1571347554327454,-0.09302167925906349,-0.10666150689877157,1.4240079011704079,1.4098873329869808,7.318448905463581,21.740208465415332,-14.981219125514269
972.5,-2.9122905220375426,-15.23617806112423,-0.11248649171169135,-1.1061306246198725,-16.24726533660693,-2.9122905220375426,-15.23617806112423,-2.705940447389689,-14.993496401727006,997.0827385742929,8.843311892316892,-10.05868152052076,-9.086956308297191,-0.11619529832173592,-0.16546302288900458,-0.07669678197759963,-0.11248649171169135,1.4240079011704079,1.4200623737683826,7.27389403124239,21.69736768171963,-14.96445419530111
973.0,-2.6020820674198033,-14.776894710678006,-0.11554013553238136,-0.9857127634541659,-15.840405894341925,-2.6020820674198033,-14.776894710678006,-2.3743165749022532,-14.534208424464273,997.6492859653671,8.772512560839681,-9.963775248685012,-9.178821630591628,-0.11927211842938658,-0.1698444390327791,-0.06800246515489078,-0.11554013553238136,1.4240079011704079,1.4311519650178952,7.233470623849951,21.654622589514172,-14.947805807960782
973.5,-2.2679558569593974,-14.334608134318273,-0.11553310505405602,-0.8652949022884593,-15.43354645207692,-2.2679558569593974,-14.334608134318273,-2.021150339987744,-14.091081103840702,998.2159566034675,8.701713229362472,-9.868868976849264,-9.032461858261088,-0.11928795760791731,-0.16986699414815493,-0.05163469202380336,-0.11553310505405602,1.4240079011704079,1.44317785488929,7.198530650615344,21.61197751310825,-14.931274687515321
974.0,-1.9260660901980704,-13.897628919830955,-0.11207323627902842,-0.7410572840255015,-15.028609942310807,-1.9260660901980704,-13.897628919830955,-1.6650930972079452,-13.64981565239186,998.7830014434452,8.628065721899254,-9.746402985503403,-8.62432988141553,-0.11585064893986848,-0.16497223944609185,-0.03866711283132659,-0.11207323627902842,1.4240079011704079,1.456161215522165,7.176180082719408,21.569436843991596,-14.914861700079602
974.5,-1.5719442493026037,-13.470031524863437,-0.10562421395297612,-0.5521714110958302,-14.656218494110167,-1.5719442493026037,-13.470031524863437,-1.3003391150883632,-13.214828633963839,999.3506823506119,8.506213681584606,-9.157496924783736,-7.917438004300958,-0.10942387615711338,-0.15582046422442167,-0.030207116992528853,-0.10562421395297612,1.4240079011704079,1.4701222950225399,7.1556068695969435,21.527004811260845,-14.898567526238594
975.0,-1.211948245623031,-13.046996393406419,-0.09390683091416203,-0.3632855381661589,-14.283827045909527,-1.211948245623031,-13.046996393406419,-0.933656642745712,-12.780314618418892,999.9192448976837,8.38436164126996,-8.568590864064069,-6.870066196919236,-0.0977284288842375,-0.13916605490012451,-0.019241222366149308,-0.09390683091416203,1.4240079011704079,1.4850800142373362,7.142621561298589,21.48468560401792,-14.882392837279687
975.5,-0.8464919224348895,-12.628338255556395,-0.07606664136442648,-0.17439966523648753,-13.911435597708888,-0.8464919224348895,-12.628338255556395,-0.564669156277316,-12.346263673912233,1000.4889394104723,8.262509600955312,-7.9796848033444014,-5.455371281851805,-0.07990985799165441,-0.11379226916152115,-0.011194170469676062,-0.07606664136442648,1.4240079011704079,1.5010515058278608,7.1342238762292105,21.442483377567243,-14.866338290940075
976.0,-0.4790826278699,-12.211002010545533,-0.051767310717867394,0.01499407087298843,-13.538573710841021,-0.4790826278699,-12.211002010545533,-0.19651619553828797,-11.909720660715635,1001.0599994067683,8.139958017106823,-7.203687413024093,-3.686104576099286,-0.05563182692509157,-0.07922016109787502,-0.0009706355025734482,-0.051767310717867394,1.4240079011704079,1.5180515946366617,7.130175425713523,21.40040237979422,-14.850404459538277
976.5,-0.1096489567771751,-11.794640084017097,-0.021594161819448066,0.21298324050026649,-13.157749789218226,-0.1096489567771751,-11.794640084017097,0.17194927071552102,-11.471372737082655,1001.6326399903223,8.005566866664322,-3.2612248224541984,-1.6329683047477692,-0.02547965696071623,-0.03628323283117149,0.009573833038688206,-0.021594161819448066,1.4240079011704079,1.536092220393096,7.1331365159930185,21.35844667070715,-14.834591986790693
977.0,0.2563016650864398,-11.373972382482197,0.013194126591243745,0.41097241012754454,-12.776925867595429,0.2563016650864398,-11.373972382482197,0.5353608253293116,-11.026515765856818,1002.2070726119147,7.871175716221824,0.6812377681156958,0.5754401407785575,0.00928797286947007,0.013226146751981766,0.01805195324854022,0.013194126591243745,1.4240079011704079,1.5551818064843597,7.140828478173629,21.3166202693002,-14.818901504019308
977.5,0.6209933927048834,-10.949992487261113,0.05029697255163166,0.6089615797548226,-12.396101945972633,0.6209933927048834,-10.949992487261113,0.8975104708271792,-10.578115414483005,1002.7834840039551,7.736784565779325,4.62370035868559,2.7756365561908334,0.04637047993535525,0.06603192980900974,0.028994329635549255,0.05029697255163166,1.4240079011704079,1.5753245818704635,7.1532727307013255,21.27492716063333,-14.803333622632755
978.0,0.9788590365096498,-10.517355231443482,0.08718660255507754,0.8066417327810038,-12.005680960653663,0.9788590365096498,-10.517355231443482,1.2531331686126017,-10.12177741326649,1003.3620351553136,7.599646230920877,8.361213281662064,4.807499978586437,0.08324008958224131,0.11853454525924419,0.03772032117088917,0.08718660255507754,1.4240079011704079,1.5965198672362186,7.173277034866356,21.233371400154322,-14.787888843885915
978.5,1.329397947053017,-10.07523256346802,0.12295979728809417,0.9995516868929201,-11.467112909251147,1.329397947053017,-10.07523256346802,1.6031042187640216,-9.658307208488138,1003.9428767318005,7.420100413513831,8.934978113556292,6.551535588293935,0.11899358240655661,0.16944780153550865,0.04871528803732737,0.12295979728809417,1.4240079011704079,1.6187613410745438,7.195704740218578,21.19195687428691,-14.772567760397672
979.0,1.6711099507096765,-9.622219697975567,0.1556117438389346,1.1924616410048363,-10.92854485784863,1.6711099507096765,-9.622219697975567,1.9473638478506872,-9.187516253435703,1004.5261232711186,7.240554596106784,9.508742945450521,7.949096371868196,0.15162614624927817,0.2159168302829919,0.05877073644444735,0.1556117438389346,1.4240079011704079,1.6420363064164494,7.228352114036036,21.15068742569139,-14.757370947912765
979.5,1.9956332039882385,-9.15303371919916,0.18281247794384978,1.3459090989455331,-10.396006460359251,1.9956332039882385,-9.15303371919916,2.2780006293810757,-8.704128234820768,1005.1118758397364,7.094442698593123,10.06012237299217,8.999597316396038,0.1788078194248493,0.25462374765203694,0.06800095094886216,0.18281247794384978,1.4240079011704079,1.666324984087048,7.262573689099947,21.1095668599357,-14.742298957000463
980.0,2.3087564152969757,-8.672771226270473,0.19994165068858316,1.378293723707424,-9.881965802664256,2.3087564152969757,-8.672771226270473,2.6037924565466906,-8.214346418054394,1005.7002022776211,7.05089920042766,10.542827977645922,9.740111297780729,0.19591825653578582,0.2789891452904899,0.08214146436860059,0.19994165068858316,1.4240079011704079,1.691599863276129,7.3061398569331875,21.06859903974184,-14.727352222221247
980.5,2.59385777031657,-8.172562153436962,0.2121706710859995,1.410678348469315,-9.36792514496926,2.59385777031657,-8.172562153436962,2.906955986649471,-7.707156685138881,1006.2911375719441,7.007355702262196,11.025533582299676,10.219759032293682,0.20812887132783187,0.29637715723251173,0.08615648088335205,0.2121706710859995,1.4240079011704079,1.717825144350671,7.356967734866328,21.02778766508375,-14.71253126685471
981.0,2.858235006604025,-7.659779557942549,0.21524457701068422,1.3705267147515166,-8.87632919685606,2.858235006604025,-7.659779557942549,3.197460928062993,-7.189998600984849,1006.8847007488221,7.04429181722968,11.248628127461686,10.47941750825941,0.21118470716644,0.3007286916113694,0.0988243395101894,0.21524457701068422,1.4240079011704079,1.7449563115962061,7.405548167494348,20.98713638799684,-14.697836592658902
981.5,3.094437939437769,-7.132124142202002,0.2086151301391418,1.2421472500097817,-8.412033361622527,3.094437939437769,-7.132124142202002,3.4672908772345337,-6.658475855507592,1007.480876064674,7.179117482295113,11.15595065503065,10.541808670686523,0.20453753086479934,0.2912630600373604,0.10913012226908216,0.2086151301391418,1.4240079011704079,1.7729398743023626,7.471153396643286,20.946648817320916,-14.683268673893206
982.0,3.2900163494890853,-6.58755265213459,0.1987377806361824,1.1137677852680468,-7.947737526388994,3.2900163494890853,-6.58755265213459,3.7018092943770506,-6.108329687635912,1008.0796143373344,7.313943147360546,11.063273182599614,10.412175956053831,0.1946427977181244,0.27717288185652256,0.12636789512031055,0.1987377806361824,1.4240079011704079,1.8017133126889058,7.531801618806632,20.906328589832654,-14.668827895057989
982.5,3.4607283198807153,-6.034824050350103,0.1834981266009701,0.8899541937675328,-7.50861051139429,3.4607283198807153,-6.034824050350103,3.918965745325462,-5.548146750366855,1008.6808507943518,7.498933611254506,10.981707594066075,10.087599462060155,0.17938611000883806,0.2554472380128094,0.1629091778599915,0.1834981266009701,1.4240079011704079,1.8312052601237065,7.6174724014932,20.866179201767235,-14.654514692265506
983.0,3.5612500935046825,-5.4621949584057745,0.16501573055075516,0.6103690916542124,-7.084192104030164,3.5612500935046825,-5.4621949584057745,4.064378325114137,-4.962724092747726,1009.2844872082985,7.713240282099529,10.906635768002682,9.571825414617155,0.1608870347196197,0.2291044086366162,0.1728859350858338,0.16501573055075516,1.4240079011704079,1.8613359446861952,7.720455235480881,20.826204096385077,-14.640329476820511
983.5,3.6152422975923635,-4.884530219966901,0.14560749700758854,0.33078398954089194,-6.659773696666038,3.6152422975923635,-4.884530219966901,4.164519606771746,-4.368591515862788,1009.8903941475413,7.927546952944554,10.831563941939288,8.890351051056571,0.1414624789690056,0.20144368777101662,0.21409692893699211,0.14560749700758854,1.4240079011704079,1.892017901509072,7.818488101579243,20.786406664177086,-14.626272633924003
984.0,3.602540651847892,-4.29935725401967,0.12557411275656816,-0.012192247277868218,-6.262630512986834,3.602540651847892,-4.29935725401967,4.194204047886242,-3.762314209372496,1010.4984297084187,8.166763056417182,8.788235594891546,8.097772681711147,0.12141313417232188,0.17289326236724922,0.25190885327483026,0.12557411275656816,1.4240079011704079,1.923156953046078,7.970070660728313,20.746790257402186,-14.612344521375983
984.5,3.4800339505170674,-3.725071667349373,0.10698303792032424,-0.36562577537937835,-5.869986774856299,3.4800339505170674,-3.725071667349373,4.101292975147436,-3.1653761142710106,1011.1084224875747,8.410088333733839,6.420214657077811,7.271458553591728,0.10280646314097136,0.1463972158041275,0.26491796962268466,0.10698303792032424,1.4240079011704079,1.9546534384640128,8.112951600484053,20.70735815269788,-14.598545467810043
985.0,3.301208047449605,-3.161905056679347,0.09109402448361614,-0.7170855268058471,-5.486422997721846,3.301208047449605,-3.161905056679347,3.947447827021203,-2.5781482499744506,1011.7201746123823,8.643069855571765,4.217538764618949,6.491826785771561,0.08690222125250402,0.12374944969282466,0.2967372374646322,0.09109402448361614,1.4240079011704079,1.986403657117199,8.28361347085127,20.668113569524174,-14.584875771392817
985.5,2.9880798121526104,-2.6513474288387817,0.08064753019253791,-1.039562051673788,-5.236190701306468,2.9880798121526104,-2.6513474288387817,3.6399136104206375,-2.049650174789633,1012.3334811856406,8.724162152910777,4.442813800169693,5.817991681247539,0.07644087291433137,0.1088524070023709,0.252595031364015,0.08064753019253791,1.4240079011704079,2.018301476132637,8.464004404482498,20.629059665627704,-14.57133570260409
986.0,2.617640755044472,-2.1839172225779864,0.07221647897700513,-1.362038576541729,-4.98595840489109,2.617640755044472,-2.1839172225779864,3.268529738400407,-1.5689307992424448,1012.9481138944419,8.805254450249787,4.668088835720438,5.271849345337576,0.06799534313839277,0.09682590587186438,0.2291349934509475,0.07221647897700513,1.4240079011704079,2.050240040126269,8.58776180085086,20.59019949401905,-14.557925546125702
986.5,2.186649399611597,-1.7625956294369132,0.06550980210374954,-1.6845151014096702,-4.7357261084757125,2.186649399611597,-1.7625956294369132,2.828933387609532,-1.1396782610710052,1013.5638245933617,8.8863467475888,4.893363871271182,4.8386788203175835,0.06127457174733256,0.0872554743090346,0.22942103311918605,0.06550980210374954,1.4240079011704079,2.0821135133640247,8.739172618283874,20.551536103446683,-14.544645502298053
987.0,1.689463535288268,-1.4246918791059577,0.060087891729143944,-2.013429775741756,-4.488069341083315,1.689463535288268,-1.4246918791059577,2.3140548259643934,-0.8059531561612734,1014.1803652115925,8.96,5.044998574246943,4.482840327913129,0.05583895099142429,0.07951510740485537,0.1871359109561369,0.060087891729143944,1.4240079011704079,2.1138187821950267,8.863819641752778,20.513072485624633,-14.531495741115807
987.5,1.1692158691690688,-1.1233570584389247,0.05618913539064085,-2.406087934908972,-4.265912633317222,1.1692158691690688,-1.1233570584389247,1.7743009724523673,-0.5127819728878479,1014.7974662585679,8.96,4.4675275848355005,4.168771588025871,0.051926862295044826,0.07394426219113157,0.16957560642327774,0.05618913539064085,1.4240079011704079,2.1452570486204383,8.964901054908964,20.47481156727976,-14.518476410685468
988.0,0.6140234063748066,-0.8920312566403141,0.05255695515378969,-2.7987460940761872,-4.04375592555113,0.6140234063748066,-0.8920312566403141,1.1954258794768857,-0.29962383749980165,1015.4148635635382,8.96,3.890056595424058,3.876134558769012,0.04828173029397784,0.06875356542080308,0.136586859316801,0.05255695515378969,1.4240079011704079,2.1763352540513554,9.06757517863717,20.436756119205747,-14.505587708048221
988.5,0.044996552734735185,-0.7037841578189838,0.04917155861693581,-3.191404253243403,-3.821599217785038,0.044996552734735185,-0.7037841578189838,0.6020405170047218,-0.13490691345334527,1016.0322768559982,8.96,3.3125856060126155,3.603339485757869,0.044883752762250234,0.06391481856762345,0.09097760781121787,0.04917155861693581,1.4240079011704079,2.206967284678516,9.129066235529809,20.398908968668692,-14.492829723645086
989.0,-0.5327188854865755,-0.5426832924716478,,-3.5514592365771707,-3.617888616477652,-0.5327188854865755,-0.5426832924716478,0.0,0.0,1016.6494365120457,8.96,2.7830631636183227,3.3610578169958485,0.04186585490318887,0.059617308171394816,0.06731721925876337,0.04616586980561497,1.4240079011704079,2.2370749250119286,9.152828075978793,20.361272884613577,-14.480202528675319
