time_s,mf4_time_s,gps_latitude_deg,gps_longitude_deg,gps_x_m,gps_y_m,gps_x_filtered_m,gps_y_filtered_m,gps_speed_mps,gps_distance_trip_m,accel_x_mps2,accel_y_mps2,accel_z_mps2,angular_rate_x_degps,angular_rate_y_degps,angular_rate_z_degps,motor_rpm,torque_command_nm,torque_feedback_nm,apps_percent,brake_pressure_psi,battery_power_kw,battery_voltage_v,battery_current_a,battery_soc_percent
0.0,465.81645399999996,42.068637999989846,-84.2369110000609,0.0,0.0,-0.01574042978570671,0.013252649248172477,2.015,0.0,6.748466226510894,-1.1261503301168292,7.254601320467317,-3.49156424580992,0.5046013204673164,-10.240030472320814,420.42999999999927,83.0,59.801500000006364,63.400000000000006,0.0,4.718439999999814,444.1289336566057,10.715828118811984,98.15
0.19704999999999018,466.01350399999995,42.0686369999899,-84.2369170000808,-0.49582718108586754,-0.1113199941821108,-0.4840216382202875,-0.11132047712956286,2.758,0.9816812927088598,6.252380651679629,-1.4952386966407414,8.746667087648518,-0.7442864359688897,1.9952386966407414,-6.958100530438524,573.0177049180255,88.9,95.75311475407655,67.2,0.0,6.256163483423743,444.0577436237626,14.206173465346167,98.15
0.39510000000001355,466.211554,42.068635999979804,-84.23692500009089,-1.1569287316508576,-0.2226411178781973,-1.1215132149965408,-0.2623980993888201,3.593,1.9819338179614938,6.88039141414144,-0.25,7.876617424242432,0.7597045454545909,0.7446085858585606,3.998921717171712,717.0317557251974,94.0,96.28415267177319,71.10000000000001,0.0,8.129838495794276,442.74730877227745,18.473853537852136,98.15
0.5931500000000369,466.409604,42.068633999979795,-84.23693400012125,-1.9006695461434624,-0.4452811188980377,-1.928215160114469,-0.4399802175295996,4.4670000000000005,2.982186343214128,8.119863636363364,-0.255707070707374,8.246575757575576,2.982878787877878,-0.5022828282829496,3.7248888888875546,868.9406451612938,94.0,88.64006451612667,71.0,0.0,9.672217894216665,441.0710874740483,22.021557686604325,98.14
0.7911000000000286,466.607554,42.0686319999799,-84.23694600014078,-2.892322233690987,-0.6679211072622593,-2.896257212881534,-0.6679213862885214,5.378,3.9819338179615507,7.0021441124780415,-1.5005360281195104,7.501608084358531,-0.7607205623902086,-0.9785588752195828,-1.796098418277897,1004.0,92.9,93.0041379310241,70.10000000000001,0.0,10.968830860534153,440.4893941613062,25.02318020781827,98.13
0.9900000000000091,466.806454,42.068629999979684,-84.23696000016241,-4.049250274823587,-0.8905611312204087,-4.033510001953516,-0.9170654000164384,6.2330000000000005,4.986479272506898,7.496164592329123,-1.6269177038354385,7.870397510794947,-3.2507670815341756,3.9854254508506677,-12.526080772161963,1134.5927868852455,92.0,89.62655737704759,69.9,0.0,12.256540069341208,440.03079200000013,28.03842435643543,98.12
1.1870499999999993,467.00350399999996,42.068627999989886,-84.23697600018181,-5.371453310189923,-1.1131999956074878,-5.383258810331507,-1.0919959195782432,6.988,6.5703250241227344,6.254568181817953,-2.2586287878783553,6.379060606060403,-3.519287878786912,-0.7439090909093962,-21.060909090906037,1324.1259999999477,92.0,96.57660000000972,69.9,0.0,13.738119148936194,438.547118990599,31.49272716476932,98.11
1.3850500000000352,467.201504,42.068627000010096,-84.23699400021214,-6.858932427238818,-1.2245177457901946,-6.8825423943169834,-1.1768100329548834,7.782,8.172023795547279,7.371446969696897,-4.394795454545862,7.392257575757931,-8.244924242424139,0.7713181818186204,-35.95025757575655,1466.5098360656189,88.9,90.70681967216238,67.10000000000001,0.0,15.341360079051354,437.43831541275335,35.33244705882351,98.09
1.5830500000000143,467.399504,42.06862800001009,-84.23701500021207,-8.59432180143596,-1.1131977468622267,-8.539230920710336,-1.1503037727445085,8.552,9.773722566971369,6.502029790456997,-9.23122443827278,11.616880838172014,-6.980716990658532,5.989851047715017,-23.713463771774062,1539.964000000015,88.0,91.73800000006719,66.4,0.0,15.458164682539648,436.4947255131383,35.69191968269717,98.08
1.7811000000000377,467.597554,42.06862900002019,-84.23703600024243,-10.32971368991812,-1.001876622375164,-10.361194661332473,-0.9753715429038889,9.167,11.375825807782537,6.998477272727241,-4.608249999999655,9.621954545454482,-2.252030303030345,3.452287878786897,-14.722590909090345,1681.1514754098464,88.0,84.97868852461583,66.4,0.0,16.60660283896238,434.6208027299702,38.433930563798626,98.07000000000001
1.9791000000000167,467.795554,42.06863100003014,-84.23706000026137,-12.313017403306818,-0.779235514779657,-12.344498176815105,-0.7209259896027582,10.025,12.977524579206626,6.625,-0.4959567513200076,8.88561352778498,-2.7247296957500478,-8.226751320090044,-7.9565350766900815,1787.004137931024,88.0,92.19586206897598,66.3,0.0,17.752776828669724,433.65499505617987,41.15072148075976,98.05
2.1780500000000416,467.994504,42.06863400001016,-84.23708600027412,-14.461595784459737,-0.44527773905684853,-14.461595755883877,-0.4823839858851408,10.74,15.177763802141701,6.61124397666678,0.5131828556943357,11.48624397666678,3.5080243469443784,-2.47248795333356,2.852023839721381,1925.189333333292,78.9,74.2918666666739,59.800000000000004,0.0,18.088999801979504,433.2470047303317,42.02573834734985,98.04
2.3750499999999874,468.19150399999995,42.0686349999899,-84.2371130002728,-16.69281059230879,-0.333959994410975,-16.700680724661567,-0.328659147205572,11.453,17.365989592305713,3.617383838384119,3.382140151514889,8.502856060605955,5.288080808079406,3.480959595960297,25.03712878787742,1972.9100000000374,0.0,-19.917999999992535,0.1,0.0,2.849026653505441,435.8619809975303,6.651775012351045,98.03
2.573000000000036,468.389454,42.06863399995965,-84.2371400002623,-18.924024641527236,-0.4452833613154894,-18.920089255228433,-0.45058523404033457,11.148,19.564767740342223,1.6223333333331764,5.258000000000471,9.24955555555553,15.27222222222353,-1.5151111111120004,34.75800000000047,1857.9933333332556,0.0,0.20026666666977916,0.30000000000000004,0.0,-1.120461690558473,438.3215577854672,-2.590521403855254,98.03
2.771250000000009,468.587704,42.06862999990908,-84.23716600023232,-21.072599491407363,-0.8905689911506443,-21.037183787863526,-0.9859850436510535,11.120000000000001,21.766878211916218,0.8864431818179288,7.496988636363703,9.139454545454226,21.525295454544896,-5.71988636363703,37.10961363636121,1844.7583505154662,8.9,11.890597938144692,9.4,0.0,0.5908790513830221,439.6449423628275,1.3374248146320893,98.03
2.969249999999988,468.78570399999995,42.0686209998787,-84.23718900021228,-22.973262394248472,-1.8924523724172104,-22.98113241688334,-1.8818498663518546,10.662,23.966211747208344,3.2536136363635566,6.891261363636004,12.117170454545628,26.71025000000088,0.4807272727276989,59.711454545455396,1773.0565714286392,20.0,23.60885714284932,16.6,0.0,4.08209658584819,440.07104284866466,9.325427299703085,98.03
3.167100000000005,468.98355399999997,42.068608999869326,-84.23721000018091,-24.70864918135085,-3.2282934162969923,-24.696843729245828,-3.1593824571287774,10.496,26.16453381796148,3.9979798994974463,10.238384422110316,10.491919597989785,18.479798994974463,-3.4959597989948925,51.716668341707866,1793.032499999989,37.0,39.1422499999858,28.900000000000002,0.0,5.737205333333416,439.2245872458047,13.100903455083245,98.02
3.366100000000017,469.182554,42.06859599982735,-84.23722800015233,-26.19612343071577,-4.675458088894402,-26.168577580756196,-4.739067121928053,10.565,28.375644929072703,3.5102056359484184,7.379592536176788,8.502041127189683,13.504082254379368,-2.497958872810316,43.5122467631381,1917.8649180327914,67.9,77.9377704917977,51.900000000000006,0.0,13.043023785926867,437.6908203073872,29.8751145265259,98.02
3.5630500000000325,469.379504,42.06857899981818,-84.23724300013131,-27.435685536925085,-6.567899110012547,-27.451426376727,-6.525492246077592,11.041,30.56397826240619,6.003045454545517,8.501015151515173,8.995431818181725,14.467515151514483,-1.9817272727268966,46.41574242424069,2009.0,92.0,96.99900000006129,69.4,0.0,20.154908444444455,435.75226371541504,46.45565415019809,98.0
3.7610500000000116,469.577504,42.06856099979822,-84.23725600012106,-28.509973353511132,-8.571661331551468,-28.537519827330613,-8.55046257378236,11.762,32.76397826240594,6.751522727272758,8.749492424242414,7.882613636363791,6.532484848485508,2.4766515151510413,25.75507575757586,2112.0304761904713,95.9,101.81714285717173,72.60000000000001,0.0,23.31928646504713,434.017164618434,54.050999405351305,97.99000000000001
3.959301000000039,469.775755,42.06854099965141,-84.2372680001364,-29.50162569462518,-10.798077674616877,-29.462273548202358,-10.851082597146506,12.762,34.966767151295116,7.119671717171676,8.59835858585838,9.73734532828273,14.456041666666328,-3.2313510101008664,26.938724747474275,2231.6203389831035,106.0,108.06898305084484,80.10000000000001,0.0,26.882250736016324,431.8831488383587,62.73519782393756,97.97
4.157251000000031,469.973705,42.0685179996231,-84.23727700012061,-30.245362696000804,-13.35844082652045,-30.253232906475883,-13.358439735726652,13.607000000000001,38.149317656345545,6.126261611850389,3.636354506653507,7.368691940748052,6.24747677629922,0.24747677629922066,15.521447401456625,2409.3873015873337,109.0,110.1998412698164,82.30000000000001,0.0,29.417870919881423,428.99469010880296,68.9782279920877,97.94
4.356250999999986,470.17270499999995,42.068492999604054,-84.2372850001066,-30.906462253692524,-16.14144294642898,-30.92220282333784,-16.099036912190375,14.562000000000001,41.36547927250642,6.378256729304004,5.853831259523971,6.124457211782666,5.728288471306636,-0.24348654139199088,19.69572117826659,2520.0,110.0,104.80949999994006,83.0,0.0,31.33390549233034,426.6290494554458,73.82340495049478,97.91
4.553250999999989,470.36970499999995,42.068466999576074,-84.23729200009085,-31.484924078810042,-19.035766061104482,-31.477053548184617,-19.041067504630604,15.477,44.54931765634481,7.129220328282724,0.990956439394163,6.019895833332841,0.7813510101002348,1.2439709595961086,7.205385101011204,2646.3049999999703,110.9,114.7831666667072,83.9,0.0,32.852900445765115,425.0791425458152,77.78854284299065,97.89
4.751400999999987,470.56785499999995,42.068438999545094,-84.23729800007582,-31.980748374516047,-22.152729509800793,-31.953202868529416,-22.184534717028157,16.263,47.751741898769,7.997209595959608,-0.8603503787879415,10.115233585858627,7.185820707070982,0.006976010100980241,-1.967910353535491,2825.4508474576364,112.0,112.07627118645479,84.60000000000001,0.0,34.86486512996545,422.9536693030156,82.92716806722648,97.86
4.949251000000004,470.76570499999997,42.06840899951516,-84.23730300007577,-32.39393631751002,-25.49233284245247,-32.390002371580415,-25.492334932136206,17.126,50.949317656345,7.50843213925307,1.7204875126142525,8.38825050454054,-4.204225529769045,1.2379540867813277,3.71506685166585,2930.5949999999593,112.0,111.84900000000347,84.5,0.0,36.31792913776005,421.3906146111937,86.73417443012875,97.82000000000001
5.14725100000004,470.963705,42.06837699951722,-84.2373080001056,-32.807126730163674,-29.054572612776326,-32.84254120416229,-29.017463975580394,18.002,53.954311011806155,9.239545568982514,-4.368822381671485,11.107892749244114,5.198678247732339,-1.2395455689825134,-3.5047520140988575,3071.2991869918915,112.0,113.54016260162173,84.10000000000001,0.0,37.765103550296026,419.1855497014925,90.53039464551381,97.79
5.346101000000033,471.162555,42.06834499946902,-84.23731500012137,-33.38559115999122,-32.61681797846563,-33.369849222059536,-32.70692403755251,18.852,56.96883916273042,6.498094666329587,-2.7531755561173545,6.6154733316479355,-8.255080889787768,1.4911084428714068,-4.788106673408257,3207.3642857143154,101.0,98.30928571429465,76.60000000000001,0.0,36.46207185331979,418.6105101140307,87.67551115518054,97.76
5.543851000000018,471.360305,42.06830999974154,-84.23732300007602,-34.046688128239474,-36.51298764181121,-34.05456307643705,-36.48120066541705,19.548000000000002,59.96669152302839,6.079644756840023,-3.397979989867722,4.777213145895987,-9.216134751773884,-0.2185536980757492,-12.275398936169587,3107.285000000021,11.0,-8.697166666656754,9.600000000000001,0.0,21.8580605017232,420.36946782350014,52.50004462072272,97.73
5.938501000000031,471.754955,42.068275999499996,-84.23733300019698,-34.87307401969605,-40.29789453019106,-34.91635768813261,-40.244877391599445,19.308,65.94951040541382,1.8785177427311934,-6.659709216362517,11.107645391818743,1.6574420896999564,1.609912518481302,-13.104127649087548,3048.133898305074,0.0,2.207118644059462,0.7000000000000001,0.0,-1.3489826646854213,430.7008699207139,-3.1728731417238505,97.72
6.13650100000001,471.952955,42.06824299951515,-84.23734600021213,-35.94736393484693,-43.97145284325575,-35.931622891882384,-43.95554633331211,19.007,68.95115271812674,1.7546890862944078,-2.3320590101521352,10.389067258883223,-4.137461928934214,2.481243654822369,-12.01875634517763,3154.6649999999663,16.900000000000002,25.773666666658436,15.9,0.0,2.4209405940590125,433.18002095096585,5.575059435365457,97.72
6.334500999999989,472.15095499999995,42.06821099951709,-84.23736000022637,-37.10429136531713,-47.5336926270262,-37.112162691928745,-47.5495979995085,18.835,72.73669644651902,4.204585649317606,-3.231834259727042,7.061309373421233,-4.00454143506824,3.481834259727042,1.5002210712468287,3044.186666666708,52.0,62.96933333330451,42.2,0.0,14.057173549653172,432.48527363954094,32.86721965601747,97.72
6.5333009999999945,472.34975499999996,42.06817899951379,-84.2373750002431,-38.343856590602115,-51.095932994537065,-38.37927169282248,-51.08533078241356,18.775000000000002,76.55147198557876,4.495540880503106,0.06480188679193155,9.82372012578572,3.6117672955962883,1.2901320754720453,1.504459119496894,3147.833333333391,74.0,77.81666666669551,56.0,0.0,26.080517326732476,429.45757707920785,61.282162951955215,97.7
6.730750999999998,472.54720499999996,42.068146999514646,-84.23739100021234,-39.6660554805102,-54.65817289932687,-39.63850961623474,-54.63697014027299,19.094,80.3403423587545,3.6454702845632534,3.421043188113165,7.677637874591223,9.365480987155763,-4.121329639888121,12.486810627043884,3237.2190476190717,81.0,84.26476190469214,61.300000000000004,0.0,28.037918024691173,427.35187960493823,66.19661006910131,97.67
6.928551000000027,472.745005,42.068114999484855,-84.23740500018182,-40.82297921177545,-58.22041621559691,-40.79543323694325,-58.268124122259096,19.368000000000002,84.1359288860488,4.967031960586058,6.550072637695587,8.845029055078236,8.523976755937412,-1.3219302678122369,19.094151086406818,3297.0,81.0,82.33550000001287,61.1,0.0,29.516813861386137,425.7072198416626,70.03810341415142,97.65
7.126551000000006,472.94300499999997,42.0680809994697,-84.23741700013638,-41.81462653019121,-62.0052979026849,-41.779211064872825,-62.01059856864381,19.746,87.93535321569532,4.38672569179993,3.6812833206396665,7.5257965219598475,-3.7654861640013877,0.22185833968016677,11.890708301599165,3356.736666666653,80.0,82.12066666663694,60.900000000000006,0.0,29.324265710044532,424.10203509900987,69.68363829787235,97.62
7.324551000000042,473.141005,42.06804599945754,-84.23742600012054,-42.558363526869435,-65.90149925649087,-42.56623376183813,-65.8908978135352,20.195,92.12901475462675,5.602602982057279,2.029116123325537,7.745520596411456,0.9104119282291165,2.214164771291647,4.138861511244869,3436.473333333372,80.0,80.69183333336339,60.900000000000006,0.0,29.79684288537563,422.9117263833992,70.97147058823545,97.60000000000001
7.523651000000029,473.340105,42.06800999943625,-84.23743400010666,-43.219463096304665,-69.90902162642016,-43.22339828961853,-69.90902129537784,20.623,96.35320145901119,6.975517955801282,-2.1743282270221442,10.81935899045746,-3.910974384731934,0.5311589653438231,2.7722564038170168,3510.0,81.0,82.3986206896469,61.2,0.0,30.6937826302731,421.81416789081874,73.40424565756817,97.57000000000001
7.720551,473.53700499999997,42.06797299942482,-84.23744100010596,-43.79792616505966,-74.02786289898444,-43.80973149301907,-74.02786319951777,21.093,100.53071206721424,7.0,-0.17537553648096527,11.72925713203725,4.298497854076139,2.4525877303708556,4.946661196667213,3572.8683333333242,81.0,82.90749999995836,61.7,0.0,31.379587745097947,421.3151312067259,75.08056110836199,97.55
7.918750999999986,473.73520499999995,42.0679349994085,-84.23744800010617,-44.3763893089731,-78.25802471545927,-44.384259185708885,-78.26862660501526,21.539,104.73580400497913,5.171260710685799,1.8256552419351475,9.189764994960118,1.3301852318553853,2.9876638104837867,-3.5341166834662694,3651.9508474576164,81.0,81.71966101695348,61.2,0.0,31.829513339920886,419.2253655956507,76.33115316205502,97.53
8.116551000000015,473.933005,42.067895999394544,-84.23745500010597,-44.95485241883037,-82.59950626904896,-44.93911204463063,-82.61540862881604,21.991,108.93240937980293,5.860904120040717,-2.1724726602239404,9.247650686673452,4.438917853509771,0.5469862665309453,-2.2781917599185673,3694.8683333333265,76.0,72.33133333331442,57.800000000000004,0.0,31.629479760119935,418.40562047477744,76.01763649851605,97.5
8.314751000000001,474.13120499999997,42.067855999397295,-84.23746200010548,-45.533315505200626,-87.0523059627726,-45.52544614489965,-87.03640387058158,22.419,113.5293982583657,4.891906747536134,-3.847526535253783,9.864433282789916,-0.41546626231933104,0.991546626231933,-5.936599696739498,3660.1300000000133,29.0,12.447000000025561,20.5,0.0,18.16293277310834,420.5600836956517,43.686636678208586,97.47
8.513850999999988,474.33030499999995,42.06781599938993,-84.23746900013727,-46.1117812585215,-91.50510678284633,-46.1590015965986,-91.51570824855209,22.635,118.15401954699415,-0.4110242401396711,-0.3100069078127796,5.449491333836554,-5.171370258728081,3.950339110775631,-4.278968852047549,3533.4442622949623,0.0,-8.12426229509502,0.0,0.0,-2.5336666666636884,425.6707172106816,-5.906714992571688,97.46000000000001
8.71055100000001,474.527005,42.067775999394534,-84.23747800013624,-46.855519478873234,-95.95790627012519,-46.83190876960542,-95.96850721352303,22.312,122.72289452174742,0.7203748107015,1.0924122917716501,9.89038679959555,2.3163238263493,1.0711004543164,-6.4466746592627,3519.0,0.0,0.05266666666936992,0.7000000000000001,0.0,-2.054912245909591,429.1718552305404,-4.807792406311195,97.46000000000001
8.908750999999995,474.72520499999996,42.06773599942424,-84.23748700013637,-47.59925779552174,-100.41070296367621,-47.575648480320126,-100.34709479872015,21.971,127.32661094267233,2.212254408060386,-5.942562972291866,12.19338161209058,-2.1304722921912225,-2.6556360201509652,-9.668217884130836,3589.7733333334995,20.0,25.687916666664076,16.0,0.0,2.8812778884456782,430.73278730237155,6.700972318338585,97.46000000000001
9.106751000000031,474.923205,42.06769799942425,-84.23749600016667,-48.342998605316936,-104.6408629624878,-48.382348799912904,-104.66206583672299,21.737000000000002,131.92568183744208,5.196641221374253,-5.879446564885479,10.408349236641092,-6.178854961832337,-2.504446564885479,-2.628950381678889,3466.0,31.900000000000002,37.616615384650494,25.3,0.0,10.089121015936414,430.4209470588236,23.561400691701376,97.46000000000001
9.30475100000001,475.121205,42.067659999427846,-84.23750700016564,-49.25201200427548,-108.87102256185642,-49.240205181982724,-108.90812160507645,21.646,136.1330494247036,4.881246840242633,-3.90831648129404,12.34168351870596,-2.0707975227498343,0.9416961577354304,-3.2375063195147353,3476.9016949152347,33.0,31.77525423734337,26.1,0.0,11.636707509881468,429.91496294466407,27.18453287197241,97.45
9.504000000000019,475.320454,42.06762199962389,-84.237518000122,-50.16102188253039,-113.10116073842636,-50.15315322214248,-113.06406097142562,21.394000000000002,140.360183839009,1.4337606623184818,1.409760411439474,7.336042398394921,-3.4748168590063653,2.2290140491719708,-2.5125915704968174,3468.631999999999,33.0,31.48400000000053,26.200000000000003,0.0,11.204495501730094,429.6581963636364,26.153935573122503,97.44
9.700750000000028,475.517204,42.067584999636004,-84.23753000012134,-51.15267290249981,-117.2199993896956,-51.14873839936874,-117.18819550505583,21.257,144.5343011295078,1.6190121120363217,-0.8181150643450552,7.616018168054483,-2.279939439818392,2.4940121120363217,-4.4520968962905725,3457.048666666658,33.9,33.887599999983884,27.0,0.0,11.602070856011894,430.2042001978239,27.076635014836793,97.43
9.89855,475.71500399999996,42.06754899962625,-84.23754200014142,-52.14432563584701,-121.22752047587056,-52.17974059283934,-121.27522670475932,21.241,148.7306945224456,1.9899873960171632,0.34162465339054404,8.71996218805149,3.1031484749183935,-1.6365238215278497,-4.256675069321891,3449.7934328358,35.0,32.77229850746994,27.200000000000003,0.0,11.975542206828301,430.29335966369933,27.962940059347183,97.42
10.096550000000036,475.913004,42.06751199962663,-84.23755600013118,-53.30125104291082,-125.34636043304147,-53.26583524759988,-125.36226316652599,21.186,152.9313309825161,1.7547046843177063,-1.7100101832994965,8.014114052953119,-1.4106109979635804,1.1935437881875242,-2.5329327902239442,3449.115333333327,33.9,31.707599999988428,26.8,0.0,11.767786430678342,430.6713625742577,27.49053207920794,97.41
10.294750000000022,476.111204,42.06747499962842,-84.23756900014061,-54.37554048597269,-129.4652002335991,-54.371605342764525,-129.47050118762405,21.256,157.13558432301272,3.5932903714938815,-3.7161763962601397,11.317922668688986,2.4323527925202795,1.0042279504674825,-2.2542279504674827,3441.8782089552265,33.9,36.6721194029877,26.6,0.0,11.434751012345682,430.73632744691355,26.7,97.4
10.493899999999996,476.31035399999996,42.067437999633846,-84.23758300014238,-55.53246688536291,-133.5840396299679,-55.52066167852946,-133.56813666638482,21.141000000000002,161.3599782624061,4.362398945518374,-2.8897012302285647,11.006300527240814,-8.806783831281722,-1.949595782073493,-4.953796133567368,3377.1774545454823,11.0,3.4242181818377233,7.1000000000000005,0.0,7.711628910890697,431.7653723823671,18.09015207921365,97.39
10.69055000000003,476.507004,42.06740199964681,-84.23759700016146,-56.689394715112364,-137.59155818660105,-56.70120004077901,-137.591558236169,20.997,165.5313418987704,-0.3843787878795837,-3.9733181818183656,9.77964646464626,-6.559292929292521,-0.2915050505047647,-10.613626262627202,3286.8513385826946,0.0,-4.543338582678763,0.0,0.0,-1.917866933067026,434.2039028373707,-4.470709045971394,97.39
10.888750000000016,476.705204,42.06736699965621,-84.2376130001719,-58.01159701063771,-141.4877571405853,-58.015532677214956,-141.4824558555182,20.656,169.73558432301246,1.2059546599495787,-5.218539042821128,7.312921914357744,-9.668201511334932,-0.9811234256926765,-13.187078085642256,3249.0,0.0,0.38850909092980035,0.1,0.0,-1.28498019801988,435.9480955324418,-2.990072907379842,97.39
11.086549999999988,476.90300399999995,42.06733299967676,-84.23763000020203,-59.41643852194229,-145.27263485301802,-59.475464755525735,-145.23552877801998,20.345,173.93134189876943,-0.2217862595416229,-6.967083969465227,6.882053435114594,-6.5611297709931495,1.9435725190832458,-17.420061068701266,3157.0,0.0,0.5397966101595998,0.5,64.0,-0.8269219198416651,436.4034896538081,-1.9209186943620258,97.39
11.284550000000024,477.101004,42.067300999678295,-84.23765000020106,-61.06919023167758,-148.8348746818741,-61.069190146844754,-148.8613791232537,19.808,177.7338691063756,1.4686353297955441,-3.685489006822879,10.066751326763153,3.56629264594533,-1.4372706595910882,3.1236239575465277,3109.0,0.0,-0.4597894736775594,0.6000000000000001,0.0,-0.8046355269668457,436.86873330034643,-1.8642331519049848,97.39
11.483499999999992,477.29995399999996,42.06726899968566,-84.23767000019265,-62.72194132722741,-152.39711386212974,-62.70620092875777,-152.37591012460075,19.397000000000002,181.5476712553938,0.8855220125786841,-1.1670880503147365,9.879208805031473,-6.327438993709583,0.7121207547167372,-3.136362264150212,3067.0,0.0,0.8013333333186047,1.2000000000000002,0.0,-0.7552875308033594,437.52085107389144,-1.7483793445879012,97.39
11.680749999999989,477.49720399999995,42.067237999686874,-84.23768900017173,-64.2920537988708,-155.84803372686082,-64.29205364525458,-155.8480340627998,18.946,185.32888499700698,0.875,3.6431311475410135,10.241779319041617,10.371848675914357,-2.67327364438842,18.51223959646924,3065.265079365062,14.0,16.701682539686423,11.700000000000001,0.0,0.8020448838342544,437.92592842729994,1.8011816114655992,97.39
11.878750000000025,477.695204,42.06720699967676,-84.23770600014142,-65.69689031566152,-159.29895485240792,-65.68114964026879,-159.33075840653282,18.493000000000002,189.12447597718221,2.583998991427313,7.900426122037761,12.081070347957835,7.820287443267463,-2.2617145738779105,22.17385526979358,3028.9026666666846,31.0,38.91020000003493,25.400000000000002,0.0,8.516424612306034,436.13816676923045,19.728177295164524,97.39
12.076750000000004,477.89320399999997,42.06717499967676,-84.23772000010102,-66.85381323075298,-162.86119485290584,-66.83020310038418,-162.85059401079081,18.284,192.92006695735634,2.2585216072782734,9.343754106646331,9.071013393985611,10.437508213292663,0.19318928481151154,23.471594642405755,3025.9674576271236,38.900000000000006,41.98698305084949,30.400000000000002,0.0,12.627421364985123,434.4205241761504,29.277989312221763,97.38
12.27475000000004,478.091204,42.06714299966666,-84.23773000007071,-67.68018662124551,-166.4234359773809,-67.69592729702978,-166.4340438044561,18.282,196.5225827046076,3.225076845553229,6.4497694633403135,8.390576971529232,7.5747694633403135,1.712615268329843,20.81853867472862,3057.733846153865,44.900000000000006,47.786692307693265,34.7,0.0,13.964454599406936,433.22265068777824,32.467966172106976,97.37
12.472751000000017,478.289205,42.06710999949998,-84.23773700004547,-68.2586476618967,-170.09701453152587,-68.24684117753739,-170.08640689349426,18.563,200.12078361323918,3.1271289460285283,8.709550025457961,9.480839485743246,2.5851578411411325,-0.9531631873723772,27.139294806516528,3066.839705882356,46.0,49.280147058821825,35.7,0.0,15.018574814814809,431.82920617588917,34.9473659259259,97.35000000000001
12.670750999999996,478.48720499999996,42.06707699948781,-84.23773999998494,-68.50655542824695,-173.77057588668492,-68.47900983082874,-173.7917786678863,18.731,203.71896634923073,2.875314263724996,7.751257054899983,9.749685736275005,6.994343252950075,-2.747800153925029,22.256285274499916,3092.0,46.0,46.58090909091394,35.6,0.0,14.871687778327553,430.8386614737885,34.67331815932712,97.35000000000001
12.869901000000027,478.686355,42.06704299948222,-84.2377389999391,-68.42391405048794,-177.55545650911898,-68.41604445693854,-177.55015696717504,18.872,207.33804762131612,4.25,5.735028553299312,10.000383883248736,9.978502538070806,-1.996161167512644,10.752303299492414,3108.309230769239,46.0,47.48676923073959,35.6,0.0,14.889520739630186,431.1060074220683,34.797904007916884,97.33
13.06690100000003,478.883355,42.06700899948444,-84.23773499990902,-68.09336120717371,-181.34033626147925,-68.10910169741058,-181.32973436778025,19.061,210.91805771722733,4.253353658536626,0.8776084010840425,10.125745257452584,2.9955284552844987,-0.761924119241337,11.486585365853497,3146.9825396825295,46.0,49.17119047617394,35.7,0.0,14.99703559070687,430.3341814631735,35.068586752348004,97.32000000000001
13.26475099999999,479.08120499999995,42.066974999484835,-84.23772899989395,-67.59753442419277,-185.12521621791137,-67.61327413264755,-185.1146146607539,19.214,214.90549947452698,5.350083148558646,1.730620226656725,10.36946292190192,1.5332224685884714,-4.661406750430743,7.099667405765414,3163.9499999999894,47.0,49.654999999925614,36.1,0.0,15.256098814229242,429.8612531126482,35.70374456521711,97.31
13.462751000000026,479.279205,42.066940999484835,-84.23772199986364,-67.01906879300438,-188.91009621784718,-66.98365317507633,-188.91539771180757,19.372,218.90549947452766,5.125316129032266,0.12705483870973344,11.4985774193548,1.2503161290322666,-3.2518967741936002,7.7490516129032,3200.048333333325,47.0,50.28100000005357,36.4,0.0,15.5973771060456,429.5521833002973,36.55029024269444,97.29
13.660751000000005,479.47720499999997,42.066906999470085,-84.23771299986375,-66.27533049631984,-192.69497785984953,-66.27139543671429,-192.74268536480892,19.586000000000002,222.9054994745272,3.772871084037959,1.6000497265040448,8.304058925907903,0.7583167578319852,-1.2832670313279406,-1.3461399801082763,3207.079032258066,42.0,40.37354838709403,32.2,0.0,15.212257598405545,428.94033996043515,35.66842729970368,97.28
13.858901000000003,479.67535499999997,42.066871999487425,-84.2377039998794,-65.53159348437505,-196.59117592952242,-65.53159374049542,-196.56997222502613,19.697,226.90852977755742,2.740116863533433,-2.13982470469985,7.261023498366555,-1.7690060316664746,0.013684342799861693,-3.0623397838660367,3039.7800000000993,0.0,-10.298307692308457,0.0,157.0,-0.1688720639677097,431.303176598909,-0.3237288051537739,97.27
14.057901000000015,479.874355,42.06683799949758,-84.23769599990865,-64.87049518558737,-200.37605479915328,-64.89017108007383,-200.34424938453964,19.156,230.92873179775967,-0.504155036792659,-7.01121859934018,10.876246511037797,-7.9817178381123,4.483379852829364,-23.47174574980992,2896.2967479674794,0.0,0.8087804878049051,0.5,155.0,-1.4489930761621264,433.49333842729976,-3.382388724035088,97.27
14.254951000000005,480.07140499999997,42.06680499951477,-84.23768999996967,-64.37467469125484,-204.0496128852078,-64.41008889873177,-204.0549143467005,18.091,234.32462207366177,-1.737638399597484,-10.360578132863731,11.239698666331236,-2.5098892803220125,-0.48104554604947564,-14.997527679919497,2824.9655737704857,0.0,-0.13459016392316447,0.6000000000000001,0.0,-0.4943669634025674,434.36879851558643,-1.150221177634872,97.27
14.452801000000022,480.269255,42.0667729995155,-84.23768799998487,-64.20940076802901,-207.61185280423518,-64.11889468850673,-207.64895823119798,17.726,237.723076150655,1.9963198288874073,-6.004293532964692,8.128066809260494,-5.497055863109926,5.2443570709606915,-14.250736034222518,2779.0,2.9000000000000004,3.675925925923587,4.4,2.0,0.08795916334666004,435.32103114186856,0.20489075630269848,97.27
14.65095100000002,480.467405,42.066740999545345,-84.23768700006063,-64.1267694391896,-211.1740894818422,-64.15431702551075,-211.12638123705673,17.584,241.1266833043378,1.7504135101010068,-12.133270202020137,7.6258270202020135,-28.70037878787918,3.7516540404040275,-44.269021464646315,2898.0350000000067,16.900000000000002,19.568499999994117,13.9,2.0,3.494298133595491,435.7522937128713,8.053896585849149,97.27
14.848901000000012,480.665355,42.06671099956292,-84.23769100018086,-64.45732973258517,-214.5136875252362,-64.5989915713225,-214.4924848397809,17.176000000000002,244.52685507356057,1.8784202261306944,-14.612459170854121,7.869679648241142,-13.70059673366775,4.237079145728488,-49.877631909546274,2748.029464285701,31.0,34.4990178571433,24.1,0.0,7.833801579466859,434.9610570509648,18.11811034141603,97.27
15.047951000000012,480.864405,42.06668199955825,-84.23770300022849,-65.44898474299852,-217.74196804545767,-65.413567828028,-217.77907398715763,17.015,247.9459214573131,3.0062341370557872,-10.482960025380848,6.133727791878102,2.4700761421322204,0.0008312182741049925,-9.791560913705249,2781.0,63.0,71.24250000000293,49.1,0.0,15.831836057454412,433.530200099059,36.67202080237736,97.26
15.244901000000027,481.061355,42.06665299956061,-84.23771800024242,-66.68854973693641,-220.97024778261272,-66.60591409140727,-220.97554816027974,17.332,251.52186985713564,4.876485027000509,-5.3783413107511455,8.744059891997964,-6.498514972999491,0.2581676485027998,-22.22846710849262,2882.853333333251,77.9,81.46050000003397,58.900000000000006,0.0,24.508852548243844,430.9193348837208,57.27122464126761,97.24000000000001
15.442901000000006,481.25935499999997,42.06662399957575,-84.23773400030304,-68.01075617792,-224.1985260975926,-68.05404209193895,-224.16142070159117,17.765,255.1202342369628,5.362493863524831,-6.47186119293087,6.8000245459006745,-6.012506136475169,2.9312162493865723,-15.181338978889947,2971.909523809536,78.9,77.5,59.900000000000006,0.0,26.305874566187416,428.3635209198813,61.82138872403563,97.22
15.640900999999985,481.45735499999995,42.06659599956061,-84.23775400033334,-69.66351047240136,-227.31548778241205,-69.67925069091581,-227.3631958829765,18.103,258.71859861678996,5.12385416666676,-5.74159722222291,6.751909722222066,-7.471736111113423,-0.992361111111736,-14.731666666668167,3006.81874999996,78.9,84.04593749996585,60.300000000000004,0.0,26.436917367639737,426.4651018298718,62.36013501483669,97.2
15.838901000000021,481.655355,42.06656699956346,-84.23777600036128,-71.48153975054728,-230.54376746498974,-71.48153987614694,-230.56497101159243,18.425,262.31696299661814,4.752656171600634,-2.9992410938283904,7.378794530858049,1.7249560963368775,1.4908931259406828,-8.74772328148517,3063.035483870988,77.9,81.02903225802406,59.400000000000006,0.0,26.50446469135794,425.1410718024692,62.67292000000001,97.17
16.038201000000015,481.854655,42.06653799957294,-84.23780000036605,-73.46484229310826,-233.77204641037764,-73.46090745897804,-233.75614357504577,18.774,265.93895300116156,5.612697000508241,-2.7496155312658828,8.632304905948232,-6.492310625317651,-1.4853901881035367,-7.9661667513976635,3053.1933333333386,23.900000000000002,9.270999999999185,19.5,21.0,15.214254094295423,425.67022327543424,36.02879999999939,97.15
16.234901000000036,482.051355,42.066509999591005,-84.2378240003787,-75.44814548625956,-236.88900439896543,-75.47569073517529,-236.89430573597357,18.683,268.7359671872246,1.6093442312545423,-2.620799671799999,11.00610956829091,-3.985489775309088,3.25,2.9908356475636344,2843.9432432432327,0.0,-8.167837837831815,0.5,147.0,-1.6612425742579358,428.7502537357744,-3.885860959920953,97.15
16.432951000000003,482.24940499999997,42.06648299962112,-84.23784900033343,-77.51408148323485,-239.89464104633868,-77.49834184143857,-239.9211451112137,17.717,271.53780631414395,-3.503820409194287,-1.251528163677715,12.99426938620857,0.7477077544834276,3.24694367264457,0.011461227582861576,2721.9968253968336,0.0,1.5957142857251132,0.6000000000000001,239.0,-1.1095418109848727,431.0731369436203,-2.575387240356635,97.15
16.630900999999994,482.44735499999996,42.06645799965176,-84.23787100031794,-79.3321071725648,-242.6776376357418,-79.37145617804674,-242.65643162411868,16.429000000000002,274.3382307280483,-4.7484726079272725,-1.7454178237818185,11.133018808381818,0.04123958596363296,2.2400719515272733,3.7599280484727267,2458.8278688525193,0.0,1.3483606557558077,1.6,293.0,-0.258548913043491,432.5120215909091,-0.6146956521739035,97.15
16.829050999999993,482.64550499999996,42.06643499974364,-84.2378920002111,-81.06748772386455,-245.23798740749243,-80.96124077529345,-245.0736617856068,14.814,277.14148456798347,-4.240702712886445,-0.226978146195005,13.749114544084422,13.499114544084422,-1.0212509419738416,7.09208741521998,2200.804761904768,0.0,-1.028412698414904,3.6,281.0,-0.1512335477486464,434.0355710682492,-0.35196587537091495,97.15
17.028001000000017,482.844455,42.0664179997261,-84.23790600015218,-82.22440910760258,-247.1304293603805,-82.20473122538772,-247.2152439161767,12.658,279.95605611204184,-1.6142458100557378,6.258449720670492,13.494238826815574,13.241550279329509,-7.00153631284918,33.026885474860656,1978.8450000000116,0.0,0.04550000000660337,1.0,122.0,-0.04628953891917725,435.0067046580772,-0.1212692117005483,97.15
17.22515100000004,483.041605,42.06639999972698,-84.23791600012133,-83.05078245346978,-249.1341892619863,-82.88551080932335,-249.18189757053983,11.177,282.5490638236872,1.8739204545454526,8.998920454545452,11.6147443181818,10.529147727272777,-7.480568181818148,41.77482954545459,2046.4674999999777,11.9,13.871000000002976,10.600000000000001,30.0,0.6964918759238763,436.0456869371597,1.5768756218906288,97.15
17.422951000000012,483.239405,42.06638199972728,-84.23792400006062,-83.71187815224485,-251.13794922924313,-83.77485019169421,-251.09024126250466,10.665000000000001,285.14722488259366,1.6328566919191296,8.750413510101007,9.25248106060604,17.22270833333355,-2.997518939393959,47.48263257575771,1954.0034482758533,37.0,42.20275862068268,30.0,24.0,6.125742476566513,435.96958540326574,14.142972440944828,97.15
17.62095099999999,483.43740499999996,42.06636399971226,-84.23792800045433,-84.04246104602113,-253.1417109010536,-84.75863040439471,-253.17881466704182,10.401,287.7480130002049,4.007856691919128,8.842332702020471,9.998345959595973,8.93714646464698,-2.2351136363637587,42.084595959597316,1958.024852070997,52.0,59.36023668640474,39.6,0.0,11.528551313831974,434.21561107828654,26.66361014420616,97.14
17.819050000000004,483.63550399999997,42.06634499977854,-84.23795800002014,-86.52155285105569,-255.25678352223366,-85.72273415377562,-255.37870711206983,12.003,290.3501015118753,6.368833668847736,-1.0180246602912344,9.49573100150997,-10.034151987920234,2.254743331655588,-7.888505284343169,2012.1316129032227,40.900000000000006,40.556516129037774,31.700000000000003,0.0,10.750450648055885,433.47288412635737,24.98062230997024,97.13
18.017750000000035,483.834204,42.066322999797144,-84.237960000071,-86.68683223266393,-257.7058214516026,-86.66322659698295,-257.6369095402876,12.161,292.96008433495354,4.734713634059218,-5.803502280792737,8.377388494678247,-19.02579574252507,3.5267511403963683,-44.34267359351599,2113.3839999998586,0.0,-11.249333333327447,0.30000000000000004,2.0,6.318422907488194,434.1228729376855,14.62579347180877,97.12
18.214949999999988,484.03140399999995,42.06630299981814,-84.23796700013135,-87.26530034642987,-259.93221911418374,-87.58797637069397,-259.86330637321004,11.996,295.35420469198743,0.7533030303030159,-19.738026515151567,8.996696969696984,-25.75,10.48761363636369,-68.50165151515151,1808.6305882352235,0.0,-2.862823529422024,0.9,0.0,-0.7471789995045192,435.6533819316493,-1.7270084200095353,97.12
18.412900000000036,484.229354,42.06628499982849,-84.23798000016141,-88.33959149464907,-261.9359779622093,-88.37500754026459,-261.9306767736414,11.467,297.75408345537454,1.7568636363637486,-16.103265151514798,8.003050505050554,-25.65848484848335,6.734747474747225,-68.86425252525031,1894.9944827585562,35.0,42.70537931040767,27.3,0.0,5.127651767048802,435.93902918972327,11.81063043478464,97.12
18.61115000000001,484.427604,42.06626799983819,-84.23799600017195,-89.66179379722053,-263.8284168824947,-89.68933883877948,-263.7966118246113,11.485,300.15759931716445,3.985443181818118,-8.954712121211923,9.010782828282876,4.323323232323554,1.740295454545412,-24.235820707069546,1867.901935483879,38.900000000000006,41.04903225806053,30.200000000000003,0.0,8.444321026653432,435.00315267522217,19.53428509378079,97.12
18.808899999999994,484.62535399999996,42.06625199982879,-84.23801300013092,-91.06662942855075,-265.60953792841417,-91.01547241675095,-265.6466448648609,11.43,302.55505334828166,0.6158761329312239,1.5342145015079105,11.49125629405909,21.25684290030158,-0.4961983887213433,36.84580060422215,1650.0053333329977,0.0,-12.49653333333449,0.5,0.0,3.125018397626926,435.54800003958434,7.2930184873994985,97.11
19.007499999999993,484.82395399999996,42.06623499980765,-84.23802600007087,-92.14091313021167,-267.50198028232717,-92.04647007728349,-267.56028986411553,10.764,304.96281249154293,-2.3604660587650597,12.749235055724476,8.628059777102093,23.49770516717343,0.7408206686937219,68.24388044579581,1919.407999999976,29.900000000000002,38.05413333334092,23.5,0.0,3.4985782587310066,435.7032007715134,8.123662394434183,97.11
19.20505000000003,485.021504,42.06621599980798,-84.2380330000101,-92.71937123498593,-269.61706024534806,-92.61705878350642,-269.59055607474625,10.443,307.1601112255561,2.39974627619383,12.497620550365978,9.619289320878346,22.736675082049477,-2.249048220146391,66.2404822014639,1939.9153333333209,66.0,74.98946666672373,50.800000000000004,0.0,12.63905073457536,434.5260182789315,29.35379940652899,97.10000000000001
19.402950000000033,485.219404,42.06619699979797,-84.2380339999899,-92.80200715436253,-271.73214136003025,-92.77446216106395,-271.7639468989028,10.588000000000001,309.3578901251018,8.866608992169603,11.822746905783438,8.125,19.150833543822582,-1.986269259913896,63.54556453649578,1849.8652307692553,63.900000000000006,63.84824615381909,48.6,0.0,15.340591235059513,432.67565383399216,35.71973076543161,97.09
19.60095000000001,485.417404,42.06617699979817,-84.23803300002018,-92.71937206760063,-273.95854133779864,-92.77839899902807,-273.9744433400447,11.332,311.55677957487444,6.112613636363687,-5.275598484848381,8.122935606060615,-13.28715909090894,2.518992424242347,-3.4613939393930786,1609.24184615381,0.0,-19.990030769235066,0.0,0.0,6.125035177866112,432.8523232822542,14.39036895699213,97.08
19.799149999999997,485.61560399999996,42.06615699981901,-84.2380350000704,-92.8846513963631,-276.18493901778123,-92.9515486041411,-276.1160270941497,11.264,313.7578901251014,2.3771446509291905,-13.003216976393785,7.495174535409321,-24.478553490708094,8.242493721747833,-67.25,1900.7139999996975,33.9,40.741599999984224,26.3,0.0,3.3995294235579148,434.38762926441353,7.880146719680012,97.07000000000001
19.998050000000035,485.814504,42.06613899982732,-84.23804200013205,-93.4631196181693,-278.18869809281694,-93.53788643392448,-278.15689259616784,10.858,315.9667745269191,2.8828885220924008,-13.751245556119853,6.378321482986274,-19.467615540883827,6.480901472828924,-67.16530218385002,2436.926000000054,81.0,95.11639999999846,61.400000000000006,0.0,17.14120891089263,432.4277888316825,39.8423603764313,97.07000000000001
20.194950000000006,486.01140399999997,42.06612199982842,-84.23805500017158,-94.53741154850613,-280.08113797018353,-94.56495628859247,-280.0811367843975,11.165000000000001,318.5457814140802,5.260734848484804,-14.101465909091004,7.377064393939386,-9.72440151515162,0.754128787878771,-41.684765151515414,2342.6793846152827,95.0,102.42953846153404,73.7,0.0,26.820894606630134,429.06507554896166,62.94319445818862,97.05
20.393100000000004,486.20955399999997,42.06610499981813,-84.23807200018187,-95.94225142041702,-281.97357911548494,-95.91864130067333,-281.97357997181103,12.077,321.1478825302981,8.489340909090693,-6.9695454545448365,8.009643939394135,-1.9238636363620916,1.9847727272724183,-21.833515151511772,2115.087804878012,103.0,109.36224390245481,77.80000000000001,0.0,26.261573887240353,427.01481529935677,61.969914299851574,97.02
20.591049999999996,486.40750399999996,42.06608699979807,-84.23809000018173,-97.42972801965784,-283.9773413488885,-97.42579500683387,-284.0091512638179,12.786,323.74735725124344,5.886900252524814,0.5199924242416883,10.378808080807941,16.71287121212258,-1.762376262625807,19.03522474747345,2279.163870967731,109.0,118.13780645163092,82.5,0.0,28.380196734289875,425.5004485304308,67.27136039603887,97.0
20.789151000000004,486.60560499999997,42.06606699965301,-84.2381080002414,-98.91720956174109,-286.2037574965828,-98.89753147927149,-286.24085937997233,13.899000000000001,326.3488149006197,8.997850138295194,5.7473126728689925,11.365325622328372,7.033322856424496,-4.994625345737985,28.29944681921054,2466.2655737704895,109.0,111.01819672132127,82.30000000000001,0.0,29.936372789783835,423.74347699158824,71.3059965363681,96.97
20.988000999999997,486.80445499999996,42.0660439996348,-84.23812400019781,-100.23940739238478,-288.76411952371825,-100.21973146546398,-288.72171230004,14.551,328.96010840029123,8.48861590159775,5.1255420999239165,9.12337370022825,14.718558204412837,-3.735905401978168,39.68061120973867,2545.8278688526125,102.0,97.0,76.0,0.0,29.850702528507966,422.0206751611305,71.35361130391706,96.95
21.18515100000002,487.001605,42.06601999959068,-84.2381370001516,-101.31369223668901,-291.43580443526275,-101.30188722709059,-291.4729122676971,15.195,331.93998197882684,5.871221590909085,5.267272727272757,8.739204545454527,7.506477272727284,-0.5097159090909258,23.784545454545515,2674.85632183909,95.9,94.0,72.4,0.0,27.844996508728286,420.9402804552202,66.72594094488171,96.92
21.383051000000023,487.199505,42.06599299956115,-84.23814700009079,-102.14006310702477,-294.44144772209,-102.1046479172315,-294.4838546472317,15.696,334.9378611951469,5.005243055555739,9.234747474746943,6.250476641414158,8.963775252523988,-2.7557196969698965,31.68422348484619,2762.2562499999917,95.9,97.85562500000356,72.3,0.0,29.080000000000002,419.80226071251855,69.87,96.89
21.581300999999996,487.39775499999996,42.06596399954546,-84.23815300006062,-102.63588615087285,-297.6697294691155,-102.6594972944828,-297.6644278168849,16.495,337.94104237066676,6.352159090909913,5.232869318182435,6.394034090908406,-0.46700757575876295,-4.223352272728231,14.502537878787788,2701.6741935484047,14.0,3.955645161303543,12.0,0.0,20.309955752219018,420.9874061911831,48.801473267338245,96.87
21.779301000000032,487.595755,42.0659339995627,-84.23815700003016,-102.96643399145275,-301.0093275496854,-103.01759018266111,-300.96161992152247,16.551000000000002,340.9404364324731,1.8705843585236348,1.8901393422046804,10.114276299271685,5.99495355259844,1.0,15.00883128295273,2669.1852459018255,0.0,-8.018360655747422,0.6000000000000001,0.0,-2.622349480968731,425.8716566979739,-6.202950568462248,96.87
21.978251,487.79470499999996,42.065904999558136,-84.23815899998478,-103.13170542035752,-304.2376080580422,-103.15531478695104,-304.23760750168486,16.316,343.95422152639316,1.0076656932454338,4.8903313864908675,8.012265109192693,5.032706957847184,0.9795581513455099,16.804170898934398,2593.06551724139,19.0,26.567241379304974,16.3,0.0,2.613601597602573,428.63060597530864,6.199219861661279,96.87
22.175151000000028,487.991605,42.06587599957576,-84.23815799989394,-103.04906032460394,-307.46588609618044,-102.98216262169743,-307.4446827548176,16.174,347.3282633808229,2.882114898990023,8.647869318182217,10.993393308080693,13.047771464647296,-4.006098484848591,30.091477272728866,2776.7100000000296,49.0,54.69283333336656,38.5,0.0,12.55137537091994,428.4403086053414,29.59541691394622,96.87
22.373151000000007,488.189605,42.06584799957553,-84.23815099980293,-102.47058967658901,-310.5828461215319,-102.3643424514863,-310.58814680255716,16.21,350.72774830734875,4.636691715079769,14.229158247031718,9.376016670876501,24.619866127807796,-5.467466531951949,52.30174917908219,2758.161038961046,60.900000000000006,64.10805194805229,46.7,0.0,18.337293413173175,426.5987897969293,43.210343239226795,96.85000000000001
22.57105100000001,488.387505,42.06581999957629,-84.23813799975788,-101.3962972906041,-313.6998060369376,-101.36088290557663,-313.6892039613142,16.723,354.12551632229594,7.4871339308251,9.08926091895861,9.619281747033378,-7.251906084322208,2.508577379449934,3.7023478919448123,2766.0,60.900000000000006,63.22600000002543,46.900000000000006,0.0,18.708673095944636,425.59272680514346,44.119472565496785,96.84
22.76930100000004,488.585755,42.065791999577876,-84.23812199980402,-100.07409967134355,-316.8167658605901,-100.15280123622836,-316.79556347288093,17.01,357.5292935277703,4.12440012562812,-0.2829930904534036,8.13459798995008,-7.7368027638186385,4.738002512562399,-8.806388190956726,2824.1033613446116,59.900000000000006,62.037647058839404,45.5,0.0,18.306530168150267,424.9479384083044,43.229131982204564,96.82000000000001
22.968300999999997,488.78475499999996,42.06576399954315,-84.23810899984773,-98.99981461917923,-319.9337297261309,-99.02342590589221,-319.9920390701744,17.233,360.9459475700862,4.001212236608246,-7.13712236608246,10.118938816958769,-5.029093678597905,2.252424473216492,-20.61758695099986,2910.571186440701,44.900000000000006,44.73677966101275,34.5,0.0,17.306805335968615,425.4192202569168,40.912929347826406,96.8
23.165301,488.98175499999996,42.065733999530295,-84.23809899992425,-98.17344504767543,-323.27333115727583,-98.22853652994834,-323.2733306694321,17.345,364.5240226417613,4.232234848485488,-9.637689393938937,8.876268939393894,-10.95558712121372,2.6992424242442508,-44.70812500000151,2558.1568965517195,17.900000000000002,10.741206896547498,18.8,0.0,1.2772174343757818,428.44733311881197,2.9460684729047983,96.79
23.363301000000035,489.179755,42.06570299953029,-84.238094,-97.76026336044805,-326.7242511580548,-97.79961319714667,-326.6871456797543,17.003,368.1236590421256,0.7931439393948271,-12.088200757575,9.135151515151724,-2.2309659090905174,-7.223352272726724,-36.38198863636121,2832.035000000082,70.0,86.15199999999402,53.6,0.0,19.059706086097968,427.0055120237503,44.845512364003056,96.79
23.561301000000014,489.377755,42.065671999500005,-84.23809400001515,-97.76026461230599,-330.17517452918327,-97.70910944166454,-330.2175810383468,17.636,371.72329544248885,9.232869318181471,-4.895303030303443,11.097717803029749,1.435284090907778,-1.991117424242244,-13.279185606061198,3002.9323076922683,92.9,99.70753846157194,70.3,0.0,31.61400000000053,423.67043548387085,75.13874553571516,96.77
23.759300999999994,489.57575499999996,42.06563899950277,-84.23809500007535,-97.84290717615929,-333.8487342217104,-97.88619249215412,-333.82223007788883,18.191,375.32293184285214,5.875,-8.851660180769105,5.76009289480255,-11.19322746673566,-0.2563080592515934,-18.954581973388528,3056.889090909102,92.0,90.87818181820377,69.8,0.0,31.98575235265001,421.67115386138624,76.36490000000002,96.74000000000001
23.958401000000038,489.774855,42.065605999481974,-84.23810000007619,-98.25609519313736,-337.52229653632355,-98.22854947554394,-337.5169955231264,18.791,378.9425662232186,5.875,-4.240297180594024,7.744542164084138,0.024257048514940403,-1.490297180594024,-9.980594361188048,3175.4410714285373,94.0,94.58124999995991,71.3,0.0,32.395913733267435,419.78073255698666,77.61885084241841,96.71000000000001
24.15530100000001,489.971755,42.0655719994697,-84.23810500009091,-98.66928435745614,-341.3071779030662,-98.65354387325891,-341.31777971913687,19.345,382.91476555148347,5.86992424242414,-2.2512689393939653,6.628172348484913,4.968276515150872,0.5012689393939651,-5.9961931818181045,3267.5310606060593,94.0,95.14689393939406,71.4,0.0,33.739650173181595,418.013453933696,81.23552373887229,96.68
24.353300999999988,490.16975499999995,42.06553699945455,-84.23811100009091,-99.16510989445091,-345.20337958908215,-99.14936969729857,-345.20337960298093,19.836000000000002,386.9159780401158,4.876903409090841,-2.4835037878793815,7.242386363636638,-1.2753787878778746,0.7538068181816812,-5.241117424242744,3363.369999999977,95.0,95.57100000003898,71.5,0.0,34.611170108161076,416.2937054977715,83.65203120356568,96.65
24.551301000000024,490.367755,42.06550099943938,-84.23811700010606,-99.66093668330362,-349.21090127798095,-99.6648719773321,-349.210901371467,20.375,390.91719052874936,5.245558712121122,0.7493655303030174,5.749365530303018,-6.220814393938801,1.501268939393965,-3.488579545454314,3443.4743589743753,94.0,95.90153846152486,71.0,0.0,35.315516192345505,415.3315902077151,85.4637927794264,96.62
24.749301000000003,490.56575499999997,42.06546399942655,-84.23812400012072,-100.2394010215318,-353.32974270636754,-100.2551412570464,-353.34034477860155,20.88,394.91840301738176,4.373103296426843,0.6212065928536845,5.612987544036668,-0.5202315047803495,1.758851283341403,-1.2563223452438592,3561.126785714289,92.0,90.69285714284482,69.9,0.0,35.52450693756194,414.05613780971265,86.29218483647175,96.59
24.94810100000001,490.764555,42.0654259994067,-84.23813200013693,-100.90050307706763,-357.55990491595753,-100.89656832715517,-357.56520842299005,21.356,398.93578202112025,4.002099695971615,-0.11800101342794964,3.266097669115716,-4.446807702052418,3.477603242969439,-2.5,3642.0,92.0,90.45644067795853,69.7,0.0,36.158207015810184,413.64537905138343,87.88198418190802,96.55
25.145301000000018,490.961755,42.06538699940908,-84.23814100013637,-101.64424133617294,-361.901384651093,-101.62456280062761,-361.88017610917484,21.804000000000002,402.59464599850105,4.381631944444281,1.1038983585863804,6.13886679292895,4.943327020203422,-0.5036174242423348,-2.521704545454009,3733.303333333327,92.0,91.46116666665463,69.7,0.0,36.977058852621205,412.8769700444885,89.97742729970322,96.52
25.343300999999997,491.15975499999996,42.06534799939394,-84.23815000016667,-102.38798214596814,-366.24286633598473,-102.23844813156373,-366.2216521751602,22.237000000000002,406.2627020803499,5.757837752525059,-3.2572348484846696,9.012660984848171,-6.7222664141421005,-1.245176767676887,-6.985530303030661,3810.1849999999886,92.0,91.98950000003784,69.4,0.0,37.88119742701625,412.3705058386938,92.22521523998016,96.49000000000001
25.541301000000033,491.357755,42.06530799969638,-84.2381610000835,-103.2969887571792,-370.6956326687063,-103.24978182890189,-370.3723036698914,22.687,409.9307581621998,7.349075126261732,-4.734927398989379,11.602089646463856,-1.012058080808497,-0.227089646463856,-4.008440656565948,3811.1048387096507,40.900000000000006,26.4370967742097,32.0,18.0,30.337824175821467,412.845295639247,73.90446499012222,96.45
25.93655100000001,491.753005,42.06526799933702,-84.23817200052738,-104.20603892388625,-375.1484726729487,-104.89466719574662,-375.5407336808422,22.217,417.2529761740726,-1.4376486620413034,0.21659749752212654,8.471051164519176,0.4287413280472032,-1.8842046580767047,-1.3301660059468965,3513.4657894736806,0.0,1.69815789473848,0.5,158.0,-2.739569025235355,423.4588534883721,-6.537315685304152,96.45
26.13565,491.95210399999996,42.06522399927144,-84.23820700028334,-107.0983343894256,-380.04655997315695,-106.90944808980127,-381.1491334570245,22.352,420.94139181972946,-4.198975903614575,-0.11804216867471479,8.990722891566286,-7.106204819277439,1.6804216867471475,-4.930421686747147,3319.9942857143,0.0,0.15085714285498514,0.7000000000000001,193.0,-0.9717736633663611,426.3504211555556,-2.2964576505429477,96.45
26.33330000000001,492.149754,42.06515199967675,-84.23823500014142,-109.41217516755145,-388.06155485383243,-108.83371849582076,-386.3864671818394,19.939,425.63401607990323,-4.75,-0.013919838669339298,9.01518527854837,0.010123519032246764,0.24873456012096914,-4.241141920846784,3092.1731343283277,0.0,-0.6196417910307498,0.8,219.0,-0.8466239366963357,429.2916019594258,-1.9892502721425402,96.45
26.531299999999987,492.34775399999995,42.06511999984822,-84.23824900006072,-110.5690947521841,-391.62377576570236,-110.60057790610148,-391.4806634179573,18.442,430.35273668197226,-4.744209461168757,-2.7504136099165173,12.004136099165173,1.991727801669653,-0.0024816594991041024,-2.4950366810017917,2855.133870967771,0.0,0.08409677419880546,0.9,231.0,-0.6460757291152136,431.248584636678,-1.5283889328063982,96.45
26.926600000000008,492.743054,42.06508999974278,-84.23826100012106,-111.56075081246706,-394.96338750326686,-112.02509247253599,-396.38933451470655,16.919,439.7734955405488,-4.228040624225738,-0.5417228139710981,10.425506564280802,-0.008783750309704796,0.7236487490708856,-6.403378746593247,2367.4422222222256,0.0,0.317259259261102,1.1,257.0,-0.26661197427016076,432.97419744807127,-0.6331336961899784,96.45
27.32315,493.13960399999996,42.065038999797686,-84.23828500011128,-113.54405215249282,-400.6407013912977,-113.4614150735288,-400.3756516575103,13.809000000000001,443.60476941958785,-4.636104249011906,-1.883883399209525,10.64276679841905,0.6966996047428498,1.75,-5.4644664031619,1843.8109941520456,0.0,0.9905497076022801,1.5,232.0,-0.0028575921375846233,433.64052550767707,-0.016440000000050747,96.45
27.718600000000038,493.535054,42.064998999848484,-84.23830700015152,-115.36208244762653,-405.09349573644045,-115.07875391471485,-404.1870349371452,11.004,447.28570870454706,1.295302806499282,-10.346509108813432,7.898613983259472,-18.452772033481057,5.387833579517508,-56.60446578040384,1675.7914285714664,10.0,14.55492857147301,10.8,0.0,0.5169634025717659,434.8845957248887,1.199253834735476,96.45
27.916600000000017,493.733054,42.064983999888874,-84.23832200019193,-116.60164962937992,-406.7632912402709,-116.7078972022584,-406.94352367692784,10.39,449.12873811008956,1.9888917132689858,-13.323901881037335,7.261108286731014,-23.411133706151887,3.7811032028468397,-67.06782409761136,2042.2380645161318,40.900000000000006,49.314258064518555,32.1,0.0,7.267867922658381,434.26792559246394,16.782637778878225,96.45
28.114599999999996,493.93105399999996,42.06497299991942,-84.23834100021149,-118.17176544674868,-407.98780783993664,-118.23866298630875,-408.22104874476804,10.024000000000001,450.97176751563205,5.065952080705634,-13.742914249684675,8.966933165195156,-23.990552332912902,6.202761664564507,-69.94803783102095,2426.971803278592,54.0,58.752196721297565,41.900000000000006,0.0,13.410330693068381,431.920732132608,31.10506026719334,96.44
28.313199999999995,494.12965399999996,42.06496499995947,-84.23836200024317,-119.90715744444546,-408.8783633813284,-119.9268326457854,-408.7988495623028,9.938,453.17198301926084,6.107127016128888,-11.41744833669389,6.053618951613336,-13.687666330646675,9.441912802418887,-66.31702368951667,2138.707096774201,59.900000000000006,62.09748387097044,46.1,0.0,16.133848862512366,430.2048828486649,37.61987378832852,96.43
28.51060000000001,494.327054,42.0649609999798,-84.23838600025228,-121.89046034518341,-409.32364111801235,-121.87471915005662,-409.2918361117686,10.201,455.36498407970635,3.8079227478609416,-8.204262707599183,7.585368646200409,2.5975893306502975,6.329262707599183,-31.85969552088345,1793.8400000000242,58.0,54.2919999999709,43.1,0.0,12.941658131487827,429.92024747774485,30.35105664854177,96.41
28.708799999999997,494.52525399999996,42.06495899995953,-84.23841100026296,-123.95640096557771,-409.54628337489623,-123.9642718855285,-409.62579667029627,10.816,457.5668726824431,1.550017699115517,2.508247787608335,5.547238938053544,7.399964601768966,3.316690265487356,-4.600212389386201,1872.9816949152619,47.0,42.4970169491119,36.4,0.0,9.78874015748042,429.96304914398814,22.96046726368231,96.4
28.90655000000004,494.723004,42.06495499994951,-84.23843700027267,-126.10497909541957,-409.99156449063037,-126.13252813664953,-409.97566322798525,11.14,459.7637620426414,2.3590238639250325,9.008602437168094,7.954353896928664,12.408707793857328,-4.603932470171725,51.46839807058781,1954.0,54.0,54.71705785119672,41.5,0.0,10.981513948919776,429.2238468746904,25.740976633663458,96.4
29.104601000000002,494.92105499999997,42.06494999987968,-84.23846400037594,-128.33620254649034,-410.5481722637299,-128.3204590276589,-410.5534731052858,11.523,461.9639953406261,4.337705021448464,9.493007191521587,7.8773309361594706,15.689395659853755,-2.541956850870477,47.838575574059895,2048.5032258064984,58.0,61.82258064512616,44.5,0.0,12.61829470034667,428.77604467558194,29.64959286775614,96.38
29.304101000000003,495.12055499999997,42.06494199981712,-84.23848900036576,-130.4021414429377,-411.4387392276086,-130.42181504699283,-411.49704900951406,11.744,464.3789503187778,6.218044051204711,7.042607931727051,10.332392068272949,21.402001757027783,1.6775665160640125,47.504260793172705,2071.249193548419,59.0,58.95258064515341,45.400000000000006,0.0,13.829293913904019,428.7080250990099,32.4785997031172,96.37
29.500950999999986,495.31740499999995,42.064929999757396,-84.2385130002881,-132.38543717308983,-412.77458587634555,-132.3224771170515,-412.8063909901627,11.733,466.7653725039572,6.24316367878198,12.73512094793725,10.2544235019646,21.176006876228488,-12.22265471512792,60.92037696463718,2066.660000000023,63.900000000000006,61.93000000001156,48.7,0.0,14.464642321160463,428.0273048490847,34.00102028698582,96.36
29.698801000000003,495.51525499999997,42.06491399972726,-84.23853200024243,-133.9555476001885,-414.55570923112447,-133.94767729442339,-414.5292051610144,12.127,469.16391773808385,4.178177185657977,8.240738580549715,11.590591232809544,-1.1744351669960125,-3.962708742631907,36.8693578094282,2162.237096774109,70.0,72.5441129032457,53.300000000000004,0.0,15.672672277227663,427.3265958415841,36.8230321782168,96.35000000000001
29.89680100000004,495.713255,42.064895999681504,-84.23854800019718,-135.27774529343316,-416.5594743246979,-135.26200476125535,-416.57537662679925,12.353,471.5642814295527,5.722302547770973,9.476563694267746,7.8160477706999885,14.223025477709726,0.42756050955485136,46.07955414012906,2177.23636363632,70.0,76.44636363639174,53.2,0.0,17.30271582557571,426.5792179347826,40.75910134128172,96.33
30.09460100000001,495.911055,42.064874999667005,-84.23856100015136,-136.3520301706192,-418.8971959387149,-136.3362913485198,-418.8812938907811,12.797,473.9622205112314,6.976690638405291,4.34789931869778,8.486014383043175,-5.863064597527821,3.198719404491639,3.8065039111769536,2235.8573770492035,69.0,66.75688524587594,52.400000000000006,0.0,17.11451707075704,426.20062256308756,40.480739238001014,96.32000000000001
30.292800999999997,496.10925499999996,42.064852999637644,-84.23857100016609,-137.17840728262934,-421.346239207173,-137.27284873133863,-421.38334551739274,13.319,476.5610361930223,4.910926838514284,0.31762699014453544,8.377113343442018,2.35206595905883,-0.4365996967394983,5.703506444275632,2278.9671875000117,46.0,42.38859374996838,35.4,0.0,15.151746548325194,425.908133798604,35.84215182987454,96.3
30.491501000000028,496.307955,42.06482899963535,-84.23858200012155,-138.08741708690016,-424.0179194622408,-138.07954686540867,-424.02321989666996,13.738,479.1698328399955,2.048398968293447,0.7415827881228788,10.341331152491515,11.10269879215038,1.9579139406143944,21.234857825870684,2146.3899999999644,0.0,-12.238999999996457,0.5,34.0,0.20121638861523883,428.8841136003957,0.4930751730950407,96.3
30.68895100000003,496.505405,42.06480499965126,-84.23859000007582,-138.74851402344095,-426.6895976916186,-138.74457901254303,-426.6683936515602,13.152000000000001,481.76221783216846,-1.6331917774496307,7.501861767602189,9.375372353520438,3.7857459379620253,-2.2455317577547467,17.052874199902163,2035.9017857142305,0.0,0.509821428576957,0.6000000000000001,66.0,-0.7380792079204976,430.71542627412174,-1.7419821693907604,96.3
30.88680099999999,496.70325499999996,42.06478199968183,-84.23859500001515,-139.16169695782884,-429.2499542887026,-139.1656313936306,-429.2128482695251,12.352,484.35985455387686,-4.312106105366287,8.110705933037792,9.497141186607559,15.475553914325616,-0.784305760709298,34.34404849827331,1752.177272727289,0.0,-0.33545454545778697,1.9000000000000001,64.0,0.1542061704211474,431.6896287976249,0.36656457199377446,96.3
31.084801000000027,496.901255,42.06476099971213,-84.23859599992424,-139.2443270348103,-431.58767091561486,-139.20104091796435,-431.5929723991044,11.348,486.9594606741622,-3.0244126238251567,8.24778067056135,11.832832740665637,20.906788163576675,-1.7322453644907951,47.02806705613494,1716.1488000000072,11.0,13.80248000000012,9.600000000000001,0.0,1.9625604558971046,432.20092133870156,4.543400400400612,96.3
31.282801000000006,497.09925499999997,42.06474199972864,-84.23859099984925,-138.83113289006988,-433.702749077583,-138.8035868419247,-433.7451557827204,10.581,488.9695903836182,0.6213694144834632,12.620618258859352,10.001877889060278,25.495493066255335,-1.999749614791963,60.48672958397404,1661.8359374999727,11.9,13.424531249987425,10.600000000000001,0.0,2.4187872023809636,432.0172051587302,5.632413194444412,96.29
31.48180100000002,497.298255,42.064723999786786,-84.23858099977159,-138.00475057686012,-435.70650260471183,-137.96933532527368,-435.679998759465,10.212,490.97969139371935,0.7479316101904723,13.608452881523778,7.049641355428664,23.533094236952444,-7.408990848380782,56.81205169428583,1521.7899999999986,0.0,-3.1788333333336207,0.5,0.0,1.7432272277223124,433.24149139040065,4.069895596239935,96.29
31.67880100000002,497.495255,42.06470999981831,-84.23856599974262,-136.76518434045911,-437.26497909517064,-136.7809245539966,-437.30738497068705,9.998,492.9695903836183,-2.0512987421386177,9.483949685534217,10.16668553459148,26.17950314465433,-1.6538113207541887,69.17315094339735,1472.4078124999305,0.0,-0.4954687500007716,0.6000000000000001,0.0,-0.09443450321304193,434.1847523738872,-0.22814985163197946,96.29
31.87695100000002,497.693405,42.064697999909015,-84.23854899972707,-135.36034403403843,-438.600808998151,-135.36034440949527,-438.526596496133,9.059000000000001,494.9711055351334,0.0033694306931099606,11.252620668316863,9.123128094059384,27.487271039603808,-0.5209653465349064,70.28519183168359,1345.2828947368598,5.0,6.1860526315768105,5.4,0.0,0.40767820069241345,434.22398166089965,0.9388719723178598,96.29
32.074801000000036,497.891255,42.0646919999697,-84.23853099972729,-133.87286744066938,-439.26872224231914,-133.89647903114775,-439.24751866223227,7.997,496.9695903836185,1.1052568069308368,12.10964418316843,8.51096844059398,23.324585396039062,-7.377153465347429,81.79379331683319,1465.3038759688407,40.0,50.43038759688406,31.0,0.0,4.862835051546852,434.1810824431256,11.301549950544684,96.29
32.272801000000015,498.089255,42.06469000003015,-84.23851299977375,-132.38539466863773,-439.4913555137137,-132.46409489973968,-439.48605462014234,7.1850000000000005,498.3772288371187,2.230975101112099,8.19264408493476,9.605975101112099,27.919672649139972,-0.6183771486358296,79.05073306370107,1452.0,63.0,74.77129032255795,48.0,0.0,9.781867559524366,432.68322354104833,22.776243323443083,96.29
32.471700999999996,498.28815499999996,42.064692000076114,-84.23849799974126,-131.14582814099774,-439.26871039665997,-131.0828673338782,-439.2687105089036,6.572,499.7810400893871,9.988796296296163,9.8522191358022,7.00522839506179,28.19174074074005,-2.2522407407407674,86.06700617283734,1392.4975000000159,81.0,88.06600000000421,61.5,0.0,12.723611655239667,431.87346814814816,29.713151364764208,96.28
32.66880100000003,498.485255,42.06469700010606,-84.23848099975758,-129.74099046864586,-438.7121070633097,-129.74886088407317,-438.717407448736,7.188,501.17214716742734,6.338796296296303,2.4305524691358187,8.708561728395058,9.21174074074078,-2.982240740740739,26.450339506172966,1521.0953846153893,91.0,87.13415384617977,68.60000000000001,0.0,16.72991011787837,430.23190163285506,39.19088421573508,96.26
32.86680100000001,498.683255,42.06470400013627,-84.23846499975777,-128.4187890515349,-437.93286370046445,-128.43846438233302,-437.9010585274754,7.633,502.5696063325814,6.874369829369121,3.3738656928644173,6.876890511892638,4.504285160289979,-0.25277275077586836,20.254789296794684,1644.0068965517066,89.9,86.70258620689002,67.9,0.0,17.003281448849723,428.98723894111816,39.870005937654554,96.25
33.06495100000001,498.881405,42.064713000136344,-84.23844899975758,-127.09658760389081,-436.9309836919203,-127.10052277019467,-436.93628473890396,7.979,503.9681241789214,7.358958333333143,-1.8864583333334695,10.244270833333266,-10.24312499999992,2.522916666666939,-3.0847916666676736,1588.7857142858045,0.0,-21.783809523810728,0.1,0.0,9.913532967032378,429.1881600892416,23.244192307690515,96.23
33.26295099999999,499.07940499999995,42.06472200012129,-84.23843299974223,-125.77438490321444,-435.9291053673644,-125.778320114591,-435.93970713334005,7.978,505.5636450368601,2.1261242566897,-5.632120292368099,8.364881689792702,-8.022485133793998,9.985759415263802,-30.82120292368099,1711.6887096773453,14.9,13.619677419352723,12.600000000000001,0.0,-0.007365527488851913,431.2583300792863,-0.029258671952418363,96.23
33.460801000000004,499.27725499999997,42.06473000009036,-84.23841599972891,-124.36954478116684,-435.0385488111502,-124.37741351822322,-435.03854956197523,7.4350000000000005,507.16307915165413,2.4937840683844934,-7.960632433101793,5.055943384539557,-15.375681367689873,5.328735133796414,-54.10632433101793,1955.873949579721,44.900000000000006,53.63134453779214,35.9,0.0,7.168659574467606,430.92580286844714,16.67632211776181,96.23
33.66000100000002,499.476455,42.064736000045706,-84.23839799967996,-122.88206412454407,-434.37063378174884,-122.79943239978078,-434.4236435808352,7.168,508.7734267668523,4.249251052240645,-14.126123421639033,7.001872369398388,-23.461803664272878,8.481276306016117,-73.20730997771675,2649.064999999988,60.900000000000006,66.79633333334446,46.900000000000006,0.0,16.810173333332898,429.1916082962963,39.2888182716059,96.22
33.856851000000006,499.67330499999997,42.06473899998486,-84.23837699965169,-121.14667240869147,-434.03668055493,-121.44180106411306,-434.1055915189951,7.178,510.36477680727256,4.005564496162441,-14.491653255756338,7.611088759593898,-11.033789304284479,2.389112404061019,-59.31717628125912,2522.3048780487875,44.0,41.158373983741356,32.9,0.0,16.172322338830536,428.58469985126425,38.012818542390804,96.2
34.05495100000002,499.871405,42.06473799998486,-84.23835399971212,-119.24601284335527,-434.1480005554399,-119.23419029315036,-434.12679815420887,7.287,511.96623194065984,1.5598058986641528,-4.25118477438944,9.089116460801508,9.015572220820363,-0.678232921603017,-15.8085644063555,1862.673913043383,0.0,-14.253043478264681,0.5,0.0,3.602662215628089,430.2626885205344,8.395236021773439,96.19
34.252950999999996,500.06940499999996,42.06473699995456,-84.23833499906085,-117.6758448237457,-434.25932392788127,-116.49927953645827,-434.3441368369782,6.898000000000001,513.7624939774134,1.9923611111110204,0.643333333333551,8.751909722222244,10.054236111111756,-0.5022916666666939,16.124513888890366,1679.8108527131967,0.0,-0.1520155038708889,0.6000000000000001,0.0,-0.5601707075706186,431.8843626607318,-1.3258679525223154,96.19
34.45100000000002,500.267454,42.0647340000101,-84.23827299976745,-112.55237266508618,-434.5932777455593,-113.56761823391471,-434.5190649306161,10.204,515.5638492073277,-0.4979734754586099,6.642428111055954,9.379458353991058,27.736219633118548,-1.2427045116509958,56.80593207734236,1606.2360000000117,0.0,0.640999999997101,1.2000000000000002,0.0,0.18381179970254719,433.1064507631319,0.4292983151635137,96.19
34.648799999999994,500.46525399999996,42.064735000050455,-84.23824999977795,-110.65170897425571,-434.4819532530957,-110.80910679528871,-434.40774070422174,9.789,517.3629396570495,0.114941745166117,11.913499008428605,10.727871839365458,23.568396132870404,0.9637902825980214,73.72239216658483,1583.281333333301,13.0,16.2,11.5,0.0,2.04058348986645,433.73518559841744,4.729817696489652,96.19
34.84694999999999,500.66340399999996,42.064740000090524,-84.23822799982902,-108.8336862255001,-433.9253487926044,-108.57790856697986,-433.9094458414511,9.079,519.1652135327442,1.0056966800800409,8.26519114688011,9.748860663983992,19.012152917504086,-3.2492404426559944,72.49696177062398,1646.5075862069068,37.0,43.739724137936435,28.6,0.0,5.737145659637057,433.28202130434784,13.332737091986843,96.19
35.045799999999986,500.86225399999995,42.064749000121466,-84.23821099986843,-107.42885046029389,-432.9234653480597,-107.46426691995197,-432.9181643629988,8.474,520.9738542603844,2.879057071960281,13.241885856079438,9.373782878411916,23.01217121588084,-3.0,71.53326799007431,1749.5386666666545,55.0,62.06173333332177,42.1,0.0,10.086814264486911,432.7299133795838,23.493444995042758,96.18
35.24340000000001,501.059854,42.06476100015186,-84.23819799992914,-106.35456681382745,-431.5876219644724,-106.42146292599209,-431.57702067236744,8.416,522.9681376639425,4.104863523573264,10.790272952853472,9.00604094292802,26.68959057071979,-3.0,81.58488089330076,1892.6198319327862,70.9,74.68732773109288,53.800000000000004,0.0,13.174644466403002,431.02394025691694,30.78781591695564,96.17
35.44094999999999,501.25740399999995,42.06477600016161,-84.23819099993939,-105.77610453423618,-429.91782087951407,-105.74462400969034,-429.96552877841737,8.755,524.9652060019932,10.116992424243048,8.85974747474866,7.002287878787701,13.964156565659353,-6.243898989899464,48.90467171717913,1635.2026666666486,99.9,104.38026666659704,75.9,0.0,15.932220999999235,429.5393125359806,37.32728059553163,96.16
35.63895000000002,501.455404,42.064792000181804,-84.2381849999596,-105.28028066716821,-428.1366986313108,-105.29602101061126,-428.1207955316801,9.53,526.9668234706552,7.500381313131319,3.865848484848335,7.748474747474723,2.2393232323230574,-4.238560606060419,17.70881818181751,1749.2026666666827,99.9,101.69599999997605,75.9,0.0,20.677764903608576,427.5755251383399,48.68765217391299,96.14
35.83695,501.65340399999997,42.064810000202016,-84.23818099994949,-104.94972947381684,-426.13293638129676,-104.94972927624637,-426.0905293129136,10.408,528.9684409393166,7.623474747474723,0.8624166666664644,7.249618686868681,-1.2644898989901319,-0.4931363636362533,4.209580808080158,1898.2026666666486,99.0,100.59119999999186,74.10000000000001,0.0,21.077822918707156,426.65663217777785,49.75529422222209,96.12
36.03495000000004,501.851404,42.064830000201006,-84.23817599992965,-104.53653988673177,-423.90653649369966,-104.51686407780528,-423.9171381817076,11.301,530.9700584079784,7.107547738693185,-3.2537939698493075,7.121585427135623,-6.009105527638338,1.7659346733670922,-9.055391959799891,1954.7193846153568,38.0,31.125846153809043,29.200000000000003,0.0,17.679699604740584,426.0911523084531,41.783580613247594,96.10000000000001
36.23394999999999,502.05040399999996,42.06485000020321,-84.23816899988825,-103.95807333837543,-421.68013624858133,-103.92265771351315,-421.68013696449043,11.991,533.3750688299679,1.37805590690591,-4.5160435112560275,6.00611181381182,-9.012987604350117,6.9908322792822695,-27.30729825448581,1935.4559999999549,5.0,-6.250133333344839,5.4,0.0,-0.4887870775347916,428.5327111709015,-1.1467053254438762,96.10000000000001
36.43080000000003,502.247254,42.06487000018162,-84.23815799985873,-103.04905741456271,-419.45373865165124,-103.05692728386097,-419.5120487159352,11.584,535.7606475009438,2.374008348090261,-9.74479382747387,7.998016696180522,-13.245785479383608,4.002974955729218,-45.981406526692396,2099.640666666644,53.0,65.89240000000589,41.0,0.0,10.193074400000237,429.8779846703021,24.00306206216345,96.10000000000001
36.62900000000002,502.445454,42.06488800017171,-84.23814399981819,-101.89212781154357,-417.4499797545852,-101.86458161509466,-417.4711832638238,11.919,538.1625865031655,5.50578030303028,-11.125,8.247522727272738,-19.231007575757655,1.2574318181817878,-46.45293181818201,2150.6427272726974,76.0,84.71663636362933,58.5,0.0,17.009561353604255,428.5412023529412,39.95009258160265,96.08
36.827,502.64345399999996,42.06490500017174,-84.23812599977774,-100.40464785718258,-415.55753975145336,-100.34562246840483,-415.5522402347455,12.318,540.5621017526097,7.245045454545476,-11.117981060606091,7.506193181818155,-13.448803030303253,3.50412878787877,-32.18971969696996,2132.1655913978584,81.9,87.46752688171337,62.2,0.0,20.064999307958367,426.4873118379447,47.287443478260705,96.07000000000001
37.02494999999999,502.84140399999995,42.06492200017167,-84.23810399976774,-98.58662006224168,-413.6650997593952,-98.59055479560152,-413.68630290840065,13.101,542.9610110638598,5.7496186868687165,-8.956530303033682,9.371949494949732,2.046520202016585,4.740848484849196,-13.902383838391428,2260.1456287425012,81.9,80.51092215568758,62.2,0.0,20.60515245579565,425.1903142178222,48.66841405940585,96.06
37.22300000000001,503.039454,42.06493900019108,-84.23808099977873,-96.68595641133912,-411.7726575984804,-96.7056290477851,-411.762051495696,13.681000000000001,545.9510172705367,5.6212962496853915,5.248353888749063,8.372942360936328,17.236831109992504,1.7310697206142234,18.065021394412017,2403.662295081966,88.0,88.62780327868889,66.8,0.0,23.65351504950445,423.1405728910893,56.053901830776624,96.04
37.421851000000004,503.23830499999997,42.06495800031922,-84.23805899969598,-94.86792260372223,-409.6575633338193,-94.87973199817884,-409.6363623954045,14.352,548.9637590512547,4.514621864707395,4.771662021788732,7.752707752723592,13.258664808715492,-3.9924182923739435,37.7944071446669,2584.8033333333174,88.9,91.69083333337728,67.2,0.0,25.277395291809743,422.3266638655462,60.14677508650516,96.02
37.61920100000003,503.435655,42.06497900037926,-84.23803899975726,-93.21517587793166,-407.319836650436,-93.28207271657205,-407.2509265725662,14.853,551.9537595562801,7.870142045454537,9.730568181818148,8.375,15.196022727272634,-2.2456818181818106,47.86397727272704,2606.686206896522,91.0,88.83724137930439,68.5,0.0,26.52856597222241,421.25308090277736,63.26759970238098,95.99000000000001
37.81695100000002,503.633405,42.06500400039393,-84.23802299980302,-91.89297822696363,-404.5368350177688,-91.91658683000549,-404.5792412338193,15.562000000000001,554.9498203612898,6.75,5.244652777777713,8.373472222222203,2.7568750000000835,-1.2561111111111853,16.482430555555343,2698.94464285714,92.9,95.56749999998844,70.10000000000001,0.0,27.37326039603958,420.3955410396038,65.515059871351,95.97
38.014950999999996,503.83140499999996,42.06503000042393,-84.23800999980318,-90.81868957658854,-401.6425116776651,-90.7596635668029,-401.6584135026949,16.154,557.9496688537898,6.747326388888857,3.5,7.873090277777755,4.989305555555428,-3.2377777777776324,10.749236111111102,2808.7999999999256,94.0,96.78000000002983,70.8,0.0,29.119647234678457,419.46838264953044,69.81421552150267,95.95
38.213100999999995,504.02955499999996,42.06505800045271,-84.23799699983401,-89.74440346046242,-398.5255484741714,-89.74046805531813,-398.4725389408536,16.811,561.3452490639612,5.873575113236091,3.4947754151990016,7.249050075490728,1.5180485656761764,0.7537996980370898,10.504749622546361,2883.336666666652,92.9,89.21883333332377,70.7,0.0,29.816346534653405,418.04572930693075,71.64694405940581,95.92
38.411901,504.22835499999997,42.06508800048657,-84.23798599984795,-88.83539112781438,-395.18594470490086,-88.81571585606946,-395.1435391950797,17.457,564.7591588573854,5.447456284845339,2.133125316776494,7.016792321338087,6.228332488596016,1.7695007602635855,11.772750886974183,2840.9099999999617,0.9,-17.105000000008243,1.8,0.0,18.278832509884865,419.33724214426866,44.02646271604992,95.89
38.609200999999985,504.42565499999995,42.065120000454556,-84.23797599989395,-88.0090190338051,-391.6237082685416,-88.00901891083387,-391.7085219095927,17.649,568.1473097740982,-6.594232954547447,3.995681818182098,10.873920454545525,1.2705113636350354,6.2111363636388806,16.989204545455244,2832.6237288135844,0.0,-6.781186440679211,0.6000000000000001,12.0,-2.5408216939071466,424.1908906389295,-5.992177810796312,95.89
38.80720100000002,504.623655,42.065150000455105,-84.23796899993933,-87.43055965720896,-388.28410820736735,-87.42268974893356,-388.2682054787797,16.945,571.5474814999436,0.49676136363635803,3.018892045454578,10.628238636363642,6.080965909091049,-2.7564772727272837,14.626306818182035,2689.7107142857117,0.0,1.1025000000018272,1.0,0.0,-0.8918294611963726,427.0151020761247,-2.1285630252097674,95.89
39.004951000000005,504.82140499999997,42.06518000043939,-84.23796500001515,-87.10001556515674,-384.9445099567376,-87.11575599566949,-384.9339085884729,16.145,574.9433600796698,-0.24388888888881632,7.385312500000122,11.363541666666531,24.69729166666604,-4.235486111110939,43.675138888888,2525.1151999999997,0.9,1.1104799999998778,2.3000000000000003,0.0,-0.14955053974490046,429.19490554455444,-0.3600512182993826,95.89
39.202950999999985,505.01940499999995,42.06520900040671,-84.23796600009038,-87.18265937147316,-381.7162335946779,-87.19446592092518,-381.73743644420466,15.907,577.950126065658,1.7477192762002367,10.750760241266589,7.644386152297988,7.546374717261854,0.49923975873341225,19.351112088456173,2487.645000000042,1.9000000000000001,2.788166666668066,3.0,0.0,0.2630659999999664,430.63006468842684,0.6165707220573,95.89
39.402101000000016,505.218555,42.06523600039544,-84.23797200018251,-87.67849252178404,-378.7105948496358,-87.76506560615357,-378.68409139867174,15.406,580.9672455485389,1.001021314387229,11.01225577264675,13.992340142095781,22.722424511544816,0.2214031971575853,52.53370337477856,2466.494999999984,1.9000000000000001,1.003333333343881,3.2,0.0,0.3250608308605324,431.6196235294118,0.759746910528927,95.89
39.59935100000001,505.415805,42.06526200034874,-84.23798400025777,-88.67014981513532,-375.8162800481199,-88.7842660064047,-375.8639886918591,14.915000000000001,583.9555800602042,1.2417518939392267,13.89848484848279,12.124365530303017,15.845189393936254,-6.70051136363536,60.35282196968891,2309.496666666656,5.0,5.751666666671909,5.4,59.0,0.8331502946955005,432.12939772277224,1.939880198019688,95.89
39.79720100000003,505.613655,42.06528500031817,-84.23800100021214,-90.0749850659759,-373.25592345103587,-90.0316978359572,-373.30893198482397,14.294,586.9530045627798,-0.3798579545454629,-6.025369318181862,11.982727272727242,-14.468693181818129,2.9978409090909053,-17.610113636363828,2142.818045112779,3.9000000000000004,3.7181203007506363,4.3,59.0,0.9914672943507938,432.9529032194153,2.3103151635282275,95.89
39.99520100000001,505.811655,42.065306000303174,-84.23801500012128,-91.23190381094774,-370.91820512036094,-91.129590713799,-370.90760181439293,13.076,589.9527015630824,-1.4892045454545269,-11.875,7.996761363636358,-7.291022727272798,2.5,-43.06477272727284,1915.93076923077,0.9,0.4696923076922136,2.3000000000000003,0.0,0.3459901088031452,433.594562611276,0.8119668480949636,95.89
40.19310100000001,506.009555,42.06532600033191,-84.2380229999849,-91.89299325747925,-368.6918019217376,-91.79855207982146,-368.58578474045,12.032,592.3616206866484,1.007593663565766,-11.882593663565766,7.248101584108558,-16.75,2.515187327131532,-58.0322730701545,2055.3466666666077,16.900000000000002,20.50399999998234,13.700000000000001,0.0,1.5022295409181174,433.638247102526,3.4726207920780734,95.89
40.391951000000006,506.20840499999997,42.065348000319474,-84.23802199992393,-91.81035062903666,-366.2427633058013,-91.83396037718234,-366.26926837321986,11.912,594.7719237169514,3.002872178544141,-13.886488714176563,6.758137839208398,-16.75382957139219,6.493298250063672,-66.4837243215832,2221.8289855071503,38.900000000000006,44.70449275360527,30.400000000000002,0.0,8.915953914766856,432.93464697720503,20.685473997028666,95.88
40.589151000000015,506.405605,42.06536900030273,-84.23801699981837,-91.3971539582677,-363.9050451697065,-91.35386911598374,-363.942151045266,11.870000000000001,597.1622267472546,3.7601641414143154,-16.863819444444253,8.875,-17.719507575757053,4.747967171717137,-62.14632575757398,2267.822727272694,49.900000000000006,52.86454545453877,38.7,0.0,13.252304154302657,430.67261246290803,30.90841493570723,95.87
40.787351,506.60380499999997,42.06538900030324,-84.23800499980288,-90.4055016042358,-361.6786451128405,-90.46452701006973,-361.66804365692815,12.205,599.5646509896789,6.243655303030532,-14.100255681819073,8.858503787879382,-10.23984848484885,4.256344696969468,-36.72208333333434,2051.3202020201893,59.0,57.58515151515097,45.2,0.0,13.671302546180568,430.4814307958478,31.98737419673758,95.86
40.98520100000002,506.801655,42.065409000287865,-84.23799199974243,-89.33120794525462,-359.45224682459724,-89.29185691161308,-359.4681493189811,12.602,601.962832807861,4.999460227272726,-9.238664772727253,5.630397727272737,-8.241363636363621,5.480568181818148,-31.23056818181815,2089.3781250000056,59.0,63.224374999998915,45.0,0.0,14.056933201385455,429.5875336795253,32.94008011869431,95.85000000000001
41.183201,506.99965499999996,42.0654280003009,-84.23797499972919,-87.92636782907877,-357.33716537375017,-87.89882211226826,-357.3265642051881,12.805,604.5590667944467,4.872854992473655,-6.611057451078753,6.894305067737111,-6.217824887104814,0.9796224284997156,-26.675997240341072,2134.8295774647877,52.0,55.776197183096365,39.7,0.0,13.309143916915163,429.16200514342245,31.27995252225625,95.83
41.38260100000002,507.199055,42.06544800029008,-84.23795699974046,-86.4388921493546,-355.1107665777002,-86.43102230236914,-355.1637744217194,12.836,607.1770539681075,4.356793340111216,-3.336159125570594,11.372572445348162,1.3580261820067856,-3.7390760040667295,-9.217189883060888,2210.304918032784,0.0,-14.22836065573717,0.6000000000000001,0.0,1.6269935738996413,430.66213595450046,3.848104300544604,95.83
41.57910100000004,507.395555,42.065467000332895,-84.23793999978815,-85.0340570687949,-352.995681811872,-85.04192882689658,-352.9214693557682,12.303,609.7569661026328,0.6321496212123727,4.655981691920282,10.874523358585842,23.516205808081377,-1.5066729797982146,48.77859848484949,2058.4312499999423,0.9,0.2559375000258793,2.7,0.0,-0.8242770905480632,432.1889693372898,-1.9506783770399636,95.83
41.77735100000001,507.593805,42.06548900034847,-84.23792599989395,-83.87713955806572,-350.5466400779076,-83.98732364132037,-350.53603720528156,12.228,612.3598545538771,2.5152272727275817,12.743655303030174,10.743020833333192,27.715738636362943,-3.2563446969698258,56.24746212121207,2189.0893617021425,40.0,52.0687234042501,30.700000000000003,0.0,7.564963968411212,431.2249407425743,17.66990099009973,95.83
41.97535099999999,507.79180499999995,42.06551200036362,-84.23791899996971,-83.29868269223154,-347.9862783916829,-83.45214929076619,-347.9120654221979,12.743,614.9594606741615,5.512689393938937,11.489214015151903,9.369924242424425,20.899753787882396,-4.4708143939404446,55.538087121219746,2129.4843750001282,76.0,87.51187499990255,57.6,0.0,16.314976744184552,430.2641437407225,38.244646709549755,95.82000000000001
42.173351000000025,507.989805,42.06553600037705,-84.23791700000001,-83.1334100173406,-345.3145968963645,-83.08224876121338,-345.35170855493897,13.598,617.7544079413888,7.99305764883181,9.33713262999169,8.375631122833472,1.2575734740016622,1.2399020346644505,13.957083647323914,2221.5100000000602,85.0,87.41916666663164,64.5,0.0,20.799509648689078,428.11797482690406,48.89190846115762,95.8
42.372251000000006,508.18870499999997,42.065561000258754,-84.23791699981736,-83.13339492341004,-342.5316100652344,-82.7753085246942,-342.8708663814127,14.276,620.5654315634358,6.623372048743334,1.8587204874333336,8.496201447067778,2.7337204874333336,-0.7413175932977779,5.468526275704445,2349.2360655737684,88.9,94.41983606557568,67.10000000000001,0.0,23.501729970326373,425.9924425816024,55.53772488866831,95.79
42.569349999999986,508.38580399999995,42.065578000262946,-84.23790499996966,-82.14175643493778,-340.63916959859057,-82.40540610309452,-340.3423148644348,14.223,623.3510019248326,6.248732323232366,-1.88387373737344,7.628169191919086,-1.0025353535352686,1.2449292929294629,-1.7816919191908573,2458.3234482758676,88.0,86.0753793103522,66.8,0.0,24.17252825333978,423.92715269668525,57.336517367639395,95.77
42.76710000000003,508.583554,42.06560400028284,-84.2379019999596,-81.89384283558721,-337.74484738404595,-81.9371269549745,-337.64943209562875,15.031,626.1457727707854,6.001428030303085,-3.6302361111113117,8.251904040404114,-1.51142424242468,0.25095202020205665,-8.008568181818509,2545.5040000000276,87.0,83.37120000003145,66.2,0.0,25.230564077189662,422.65660874381797,59.980859347181095,95.74000000000001
42.96510000000001,508.78155399999997,42.06563200029263,-84.23789799993946,-81.56329081314419,-334.6278862940406,-81.45704423874362,-334.7233038726356,15.675,628.9440768289317,6.375952020201985,-4.997143939394045,8.746191919192059,-4.503808080807941,0.49904797979801485,-10.235719696970223,2690.1731250000043,84.0,85.5229999999931,64.0,0.0,25.03449686098655,421.1882630267063,59.68734302670623,95.72
43.16329999999999,508.97975399999996,42.065661000292934,-84.2378919999394,-81.06746527027765,-331.3996062602695,-81.08714069356986,-331.4473141147651,16.242,632.5303674554168,6.625602272727259,-4.2289204545459205,7.755420454545335,-5.444590909092134,0.24638636363644353,-6.497590909090962,2745.2023880596344,85.0,87.14931343289524,64.3,0.0,25.76834666666658,420.11292138203356,61.5558442250735,95.7
43.36130000000003,509.177754,42.06569000031225,-84.23788599992949,-80.57163891476038,-328.1713241098461,-80.57163897895829,-328.1448194152038,16.978,636.130003855781,6.746998489806081,0.125,8.859392146991617,5.967583689905667,-0.49639818776729633,-5.974787314371074,2875.0454237287568,85.0,88.58176271176208,64.5,0.0,26.7428600297177,419.32754323922734,64.05318375433414,95.67
43.55985000000004,509.376304,42.06572100032405,-84.23787899992912,-79.99317575792908,-324.7204027968377,-80.00104593518685,-324.7098007980896,17.544,639.7396392461457,6.119590828477299,0.11309982265005786,5.638522928806752,-0.7261996453001157,0.26190017734994214,-0.7683911831771834,2989.9486238532572,85.9,87.0,64.8,0.0,27.64888277227744,418.70207128281316,66.37296939078801,95.65
43.75735000000003,509.573804,42.06575300034387,-84.2378719999191,-79.41471180253926,-321.1581605903072,-79.41471192724418,-321.13165660543416,18.232,643.3301856555989,4.880070707070824,-2.6085202020198213,8.729717171716702,4.751267676767706,2.9721111111104666,-4.9873232323229395,3086.508000000045,92.9,97.31382857142601,70.4,0.0,29.83314553615992,417.72092198019766,71.83531663366547,95.62
43.955100000000016,509.771554,42.065787000343434,-84.2378639999192,-78.75361109515812,-317.37328063862094,-78.76541602193697,-317.42098879993995,18.919,646.925277060507,5.8769040404041135,0.6154797979794334,4.7580921717174816,4.9685833333321305,-2.4904797979794333,-2.507616161616453,3202.2926666667004,94.0,93.6216000000058,71.10000000000001,0.0,33.214050520059466,416.1151904309063,80.35184071322414,95.60000000000001
44.153099999999995,509.96955399999996,42.06582100035309,-84.23785599989912,-78.09250872019888,-313.5883995637485,-78.06102817121536,-313.59900082828284,19.591,651.1105915095784,6.3773800505049625,-1.8764280303029777,6.885948232322829,-3.245239898990074,0.0028560606059554756,-4.490479797980148,3322.7386666666243,94.0,92.52786666663056,71.2,0.0,33.76078732045564,415.1415621782178,81.78937771173838,95.57000000000001
44.351350000000025,510.167804,42.065856000373735,-84.237845999899,-77.26613281424699,-309.692197265517,-77.27793815249598,-309.6391884229097,20.281,655.3141961137795,7.0,-2.2531691919192642,9.749366161616146,-2.0076060606062343,0.7538030303031171,-2.0076060606062343,3426.0,94.0,94.1072000000027,70.9,0.0,34.65211341523348,414.0097703615651,84.19442080237732,95.54
44.549350000000004,510.36580399999997,42.06589300038257,-84.23783599988926,-76.43975611443395,-305.573356281659,-76.44762629510292,-305.58395843984573,20.984,659.5124998294497,6.99431983907487,-2.8718443550415946,9.61363967814974,-3.481066130249567,1.501262257983362,-3.502524515966724,3511.8148760330746,92.9,89.16370247933851,70.7,0.0,35.36891887072808,413.52582146050673,86.12405160652492,95.5
44.74799999999999,510.56445399999996,42.065931000385106,-84.23782499988852,-75.53074256868156,-301.34319599967796,-75.53467684477158,-301.3909015894581,21.595,663.7245858552976,5.871431651027315,-2.2454121227494053,7.375,0.24388283033254052,1.74796094344418,-3.99796094344418,3628.236923076886,92.9,97.38424615382986,70.4,0.0,36.05903999999987,412.80408444883835,87.96991992090913,95.47
44.94535000000002,510.761804,42.06596900040404,-84.23781399986869,-74.62172744577607,-297.1130338921239,-74.59418362990394,-297.07593297809484,22.194,667.9091072607911,4.998098484848441,-1.1192954545453244,7.377535353535412,-1.2538030303031171,1.2474646464645887,-3.49112626262606,3717.0,91.0,92.28159999998402,68.8,0.0,36.62042118685627,411.8103863501484,89.54021582591494,95.44
45.14335,510.95980399999996,42.066009000414674,-84.23780099987864,-73.54743960452866,-292.66023270820114,-73.58679149868982,-292.644335684661,22.924,671.7531609443469,4.640845959595429,-0.015212121211611519,7.895282828282149,-2.0076060606058057,0.7525353535352686,-1.7550707070705371,3823.5359999999755,91.0,90.89159999995486,68.60000000000001,0.0,36.946130232558055,410.85802533399317,90.5244718456209,95.4
45.34110000000004,511.157554,42.06605000021238,-84.23778899992921,-72.55579270887917,-288.0961352277424,-72.52037113358148,-288.0908106331349,23.462,675.5842340575551,7.740482201463911,-2.9890545316834984,11.852157283513387,-3.4733501640989526,1.2471446604391734,-2.75,3897.36933333335,89.9,88.71846666666751,68.10000000000001,0.0,37.18933478260864,409.6995486024691,91.28574229249003,95.37
45.73660100000001,511.553055,42.066092000632366,-84.23777499978921,-71.39885488657895,-283.42064847466247,-71.39885855374095,-283.41536164476037,24.182000000000002,683.2463996572848,3.530749690210925,-2.2126610904581625,11.155554522923588,-3.622608426269025,2.710464684014525,-2.013178438661825,3768.4812499997806,1.9000000000000001,-13.227499999987478,2.5,0.0,5.313569807598573,416.13204235700186,13.062166666666105,95.32000000000001
45.935851000000014,511.752305,42.06613400064041,-84.23776099978653,-70.24192841203028,-278.74520757921715,-70.25767008422324,-278.7346113780984,24.247,687.1065327435382,-0.432780708364243,-3.7247927656365913,12.356094574227443,1.1659758854553042,3.978993971363826,-2.9831951770910607,3736.9826086956464,0.0,-1.5213043478168673,0.4,0.0,-3.692037981009788,421.1307230044623,-8.834860188397917,95.32000000000001
46.13260100000002,511.949055,42.06617600060604,-84.23774699978787,-69.0850022698229,-274.0697714051086,-69.09287144787591,-274.1068727878103,23.562,690.918232541382,0.8424122917720351,-5.336487253912406,10.788512746087594,2.71444977284222,0.09480060575407956,-5.92889954568444,3610.931147540972,0.0,1.2103278688542374,0.6000000000000001,3.0,-1.4364304932735026,424.1217387543253,-3.4120573405832126,95.33
46.33060100000006,512.147055,42.066216000590906,-84.23773299978788,-67.92807601722653,-269.61697309005643,-67.9398809936077,-269.6063712963218,22.93,695.3070157283059,-2.8976359858988316,-0.6287805338692118,6.855666079072174,0.3160412994201085,1.2169793502899457,-9.164146310753859,3478.9449999999124,0.0,-0.5183333333625761,0.7000000000000001,22.0,-1.2074237623762134,426.9008278850919,-2.8446909361069084,95.33
46.52860100000004,512.345055,42.06625500056059,-84.23771899977272,-66.77114851159787,-265.2754964650393,-66.75934311552619,-265.28079759695856,22.125,699.7083494658019,-3.9821910828029017,-0.3772261146496373,6.995547770700726,-1.7143821656058038,1.7410955414014508,-9.004452229299275,3318.0906249999844,0.0,0.8498437499915124,0.7000000000000001,45.0,-1.0874578017663519,429.1772811572703,-2.5555365974283117,95.33
46.72660100000002,512.543055,42.06629200053031,-84.23770399975758,-65.53158341784018,-261.15665983550514,-65.51584311549954,-261.16726161549224,21.276,704.1096832032978,-3.386032196969829,-3.3220454545448193,8.350729166666376,-0.03089015151552199,1.9955871212120684,-12.192632575756887,3139.965891472884,0.0,-2.187209302331382,0.6000000000000001,50.0,-0.8922678217821256,430.442272,-2.0943584905659636,95.33
46.924600999999996,512.741055,42.066327000497736,-84.2376879997436,-64.20938082990149,-257.26046346168516,-64.2054459174253,-257.260463397089,20.281,708.5110169407936,-0.6769482976037908,-6.931522698613184,11.808883984867903,-0.9811097099622579,-1.9244388398490315,-11.759445145018871,2998.981666666675,0.0,0.04216666664676516,0.6000000000000001,8.0,-0.7346655138340055,431.12592841584143,-1.711518226600938,95.33
47.123500999999976,512.9399549999999,42.066360000471725,-84.23767099974133,-62.804541620324436,-253.58690635723207,-62.82028149525741,-253.5975082618544,19.246,712.9323567407326,-0.010686854696762338,-6.385686854696762,11.014961596575468,-6.160230420547196,2.42305464618331,-5.6068685469676245,2878.3300000000336,0.0,-0.06600000000674544,0.6000000000000001,0.0,-0.5978784313725438,431.62712386363637,-1.4064540513834793,95.33
47.320651000000055,513.137105,42.066391000438934,-84.23765399972756,-61.39970146069761,-250.1359900075991,-61.368220503599204,-250.13068850508895,18.412,716.1402224957033,-0.6094457725216752,-4.66855183693931,11.24377830900867,2.526019124312123,3.23133492702601,-7.9377830900867,2734.99482758622,0.0,0.2006896551706835,0.6000000000000001,44.0,-0.4970029600394519,432.89154832181674,-1.1588583415596663,95.33
47.518850999999984,513.335305,42.06642000042424,-84.23763599972729,-59.91222482740061,-246.9077116435787,-59.88467953727085,-246.87060620475157,17.568,719.3457213332638,-4.167601137799906,-1.3267161820483637,8.684668141593171,-7.022692793930773,-0.41475979772404026,-6.045461441213845,2530.767213114748,0.0,-1.2301639344243231,0.7000000000000001,106.0,-0.36243712871290906,433.04233490099006,-0.8428722772277988,95.33
47.71685099999996,513.5333049999999,42.066448000379154,-84.23761799975733,-58.42475069899382,-243.79075666228232,-58.4365559161169,-243.83846472081206,16.378,722.5479855604946,-3.6362439736108576,-2.477512052778285,12.55303856889051,3.552106064448907,-1.973014463333942,-1.335454199442517,2318.8063492064052,0.0,0.3225396825621392,1.5,120.0,-0.22575860373651485,433.19137361660074,-0.5255387673957691,95.33
47.91465099999999,513.731105,42.06647300034849,-84.23760199980303,-57.1025530433284,-241.0077600760431,-57.102553458489396,-241.01836168472732,14.99,725.7470151773957,-4.116287303995814,1.0618329539696512,12.379356348002093,12.347527819926745,-2.982574607991628,26.753376327761398,2062.8950000000355,0.0,-0.7720000000093982,5.800000000000001,93.0,-0.09314108910893851,432.93556851485147,-0.23219207920795815,95.33
48.11265099999997,513.9291049999999,42.066496000333,-84.23758899986377,-56.02826939921067,-238.44740180050763,-56.05581614961774,-238.43680036387988,13.398,728.9492794046265,-3.1431428210952284,7.629803810244112,10.902214231642843,12.990928589452386,-2.0181428210952284,46.396214988643045,1848.8983606557717,5.9,3.4118032786511527,5.800000000000001,57.0,0.11621029193460042,433.52805987135093,0.27547477744796905,95.33
48.310851000000014,514.127305,42.06651800030189,-84.23757999995472,-55.28453860897631,-235.99836526325674,-55.37111018391362,-236.01956784483082,12.138,731.365376343117,-2.879162455785725,7.381243683678588,10.506243683678587,9.558274381000151,-2.245837544214275,39.374873673571756,1791.0,5.0,5.024067796618322,5.300000000000001,0.0,1.1623036156513522,433.13012080237746,2.6930881624567817,95.33
48.50960100000003,514.326055,42.06653800031937,-84.2375769999848,-55.036628325992346,-233.77196331753964,-55.04843406010937,-233.7189551995041,11.649000000000001,733.7745889296117,2.2814761306524813,2.586843592965553,9.517814070351909,-1.795138190953054,-0.040081658291793776,15.677537688445799,1827.670312499979,5.0,4.701093749993689,5.4,0.0,1.0424710539336681,433.3582700296736,2.4293704253214683,95.33
48.70685099999997,514.5233049999999,42.06655900028786,-84.237576,-54.95399199324427,-231.43424682509334,-54.98940708981658,-231.46605106228276,11.466000000000001,736.1656187796036,3.4700659547735997,0.4315420854276444,8.039912060301866,0.9201758793962664,-1.4600879396981332,12.816520100503112,1773.3779411765258,8.9,10.475588235305183,7.7,0.0,1.3901385068758783,433.6281914398813,3.2341965346529107,95.33
48.904851000000065,514.721305,42.06657800030341,-84.23757599995449,-54.95398823179873,-229.3191650942407,-54.922505999187614,-229.25555487926283,11.366,738.5657399978483,3.5,-10.97350873860363,9.70837765957474,-21.941071428575082,4.11324088145986,-43.87051671733424,1855.0,14.9,16.21711864409043,12.600000000000001,0.0,2.5367892132613865,433.4849565281899,5.877121167163041,95.33
49.10260099999999,514.919055,42.066598000272386,-84.23757299984868,-54.70606671967262,-227.09276854772696,-54.59194943519461,-227.10867209410907,11.296,740.9628307600074,2.5284096628086132,-14.16477101157416,6.83522898842584,-22.257102415702153,9.35084927025478,-66.13919224961482,1927.6500000001174,26.0,30.79300000000235,20.700000000000003,0.0,4.128298714144053,432.9499482434439,9.566896142432798,95.33
49.30085100000002,515.117305,42.066616000242405,-84.23756299978788,-53.87968580041724,-225.0890118851686,-53.852139423789325,-225.1526231011083,11.01,742.9684435444553,3.605795483541899,-13.512803010972068,6.75,-11.19204516458101,3.8481564174525165,-52.006060219441345,1800.7362068965183,28.0,31.135172413797566,21.8,0.0,5.78695733202549,433.3693873392681,13.43614285714286,95.32000000000001
49.498851,515.315305,42.06663200021212,-84.23754899972728,-52.722754539214804,-223.30789525685105,-52.659793361335886,-223.35560224824093,10.959,744.9647131416725,3.0105587121211106,-8.95313446969622,6.381335227272666,-9.525340909090666,-0.6739772727280027,-29.38433712120843,1772.1884955752262,27.0,25.145575221248144,21.400000000000002,0.0,5.567810276679921,432.5667417202175,12.938183885318878,95.32000000000001
49.69685099999998,515.513305,42.06664600022635,-84.23753099972838,-51.235278018655485,-221.74941367250568,-51.22347399713341,-221.69110356871104,10.92,746.9609827388896,2.256095541401523,-3.1717324840783405,8.97866560509467,9.59354777069425,-1.4939044585984773,-1.9714713375886603,1708.185245901617,0.0,-6.058196721313064,1.5,0.0,2.883282943808382,432.8875172191983,6.695816437009947,95.31
49.89565099999999,515.712105,42.06666100024339,-84.23751299980223,-49.74780751077215,-220.0796117752148,-49.83044445256094,-220.05310807498014,10.558,748.9653180718533,-0.20891521197030727,10.64492518703372,10.721240648379215,13.438372817955461,-6.4178304239406145,59.968771820454705,1675.6150000000155,3.9000000000000004,3.561500000001554,4.3,0.0,0.02321364541824017,433.33921605731217,0.04305536332069515,95.31
50.09285100000005,515.909305,42.06667700024267,-84.23749999987868,-48.673525164312025,-218.2984918556454,-48.70894205042715,-218.33559756739731,9.98,750.953521933325,3.161246544357994,13.189774440814354,10.62816976627293,25.439362905252977,-6.743660467454142,78.05623272178997,1915.863157894961,52.0,64.82228070178616,38.6,0.0,7.643695716399666,432.1944584119102,17.743053598023764,95.31
50.29065099999997,516.1071049999999,42.06669300027244,-84.23749199996973,-48.01243197277588,-216.51736854199726,-48.09900472312647,-216.49086397274343,9.893,753.1497889468801,5.322896634614883,10.445492788462216,6.601141826924049,17.458413461540466,-6.75,65.81875000000306,1881.6440677967448,73.0,77.65271186431126,56.300000000000004,0.0,16.026238000989487,429.87433308605404,37.41661572700216,95.3
50.48885100000001,516.305305,42.066711000287874,-84.23749000004547,-47.847163052284365,-214.51360682351918,-47.93766868012906,-214.50300452009458,10.39,755.3556876669694,8.303881595557124,8.056302070183943,7.598330598333922,5.534473617771502,-1.868530674071459,10.827543549600335,1905.1145161290358,87.0,92.0961290322422,66.10000000000001,0.0,18.980881592039285,427.4768486392875,44.538574593796724,95.28
50.68685099999999,516.503305,42.066730000317946,-84.237493,-48.09507206344644,-212.39852347591125,-48.039979836467474,-212.36141690907675,11.278,757.559360454949,6.6538921394046655,-5.154181505978626,8.485553930297668,-8.272990333249057,1.938088272704288,-24.922157211906686,2091.8147540983828,104.0,104.06934426228332,78.2,0.0,23.9494670954964,425.5574828882302,56.46880563798251,95.26
50.885001000000045,516.701455,42.066751000318405,-84.23749299995451,-48.095068304349596,-210.06080342486314,-48.03997522328209,-210.11381351201533,11.959,759.7647026920112,8.740635834570579,-10.384364165429421,9.243632367507994,-13.259738732046598,7.747003467062585,-47.77771792967109,2583.5250000004103,106.0,107.1396666667706,79.80000000000001,0.0,28.959035363459485,423.215604898565,68.60144977734345,95.24
51.08285100000006,516.899305,42.06677200031665,-84.23748999981906,-47.84714434252776,-207.7230836205996,-47.68974423128718,-207.7707945725578,12.544,761.9667060309093,5.678321570083303,-13.446678429916698,7.161258667656646,-16.444545567113366,6.767062902426657,-56.84216815255343,2918.6203389831153,108.0,107.13067796616744,81.7,0.0,34.39733977216523,420.59443521545256,81.99554234769715,95.21000000000001
51.28180000000003,517.098254,42.066793000243585,-84.23747799986806,-46.855497317699694,-205.38537175378195,-46.89878195810725,-205.30585456753295,13.448,765.1656228202118,7.46844983656055,-9.690203671108197,7.49368996731211,-2.2439879305984096,2.325720392254679,-24.063696253451496,2459.428000000088,101.0,101.60200000000629,76.10000000000001,0.0,32.25164265872908,418.36238167575607,77.36561308874211,95.18
51.47885000000002,517.295304,42.06681700025283,-84.2374649998483,-45.7812070208848,-202.7136907243485,-45.808752095437384,-202.7242922378519,14.620000000000001,768.3504301337123,6.280201511334653,0.6213073047889157,6.280201511334653,6.050670025191291,2.0060403022669306,4.7993249370360545,2596.8184615384557,104.0,101.82630769232843,78.80000000000001,0.0,29.46809315068507,418.15262075899443,70.70687712031551,95.17
51.676600000000064,517.493054,42.06684200026228,-84.23744999984869,-44.541643210692506,-199.9306896730488,-44.54951387597687,-199.95719482626933,15.325000000000001,771.5465511499258,6.494307419600021,-2.42315016460028,6.738614839200041,-5.965370980001037,-0.9316890352002494,-1.0963003292005604,2710.3029508197988,104.0,101.62019672131993,78.30000000000001,0.0,31.644306958250983,416.4088307114624,76.1308686332368,95.14
51.87484999999998,517.691304,42.06686800028283,-84.23743499984849,-43.302079351177476,-197.0363673849434,-43.3060143304799,-196.9939600188517,16.234,774.7507533823604,6.745755961440795,1.186339421611927,7.733023845763181,-1.334880771184097,0.22877980720397573,7.105702688987034,2834.173999999975,77.9,74.08759999999359,59.400000000000006,0.0,31.042496007885642,415.73134901688184,74.90596544190835,95.11
52.07284999999996,517.8893039999999,42.06689600029166,-84.23741999985918,-42.06251639238949,-193.9194064017198,-42.05071090080393,-193.89820257417023,17.053,777.9509150066843,6.872825593134746,-1.4521630489644144,11.434767794042383,6.365186774354259,4.4260701665813675,9.706511862694922,2804.6460000000898,22.0,7.175200000107503,14.100000000000001,0.0,10.466424554462806,419.2928502970277,25.052918415846236,95.09
52.27170000000007,518.088154,42.06692500029419,-84.23740599986813,-40.90559087845977,-190.69112612037316,-40.885915821844705,-190.6805245068304,17.403,780.9670752321034,0.8584563178663477,5.36249136228919,8.137105133268527,7.2346668311932,-0.005649062191978843,15.22901776900122,2589.539636363516,0.0,-4.217454545439468,0.6000000000000001,102.0,-1.8411859683816205,423.506201363637,-4.345139130435521,95.08
52.46885000000003,518.285304,42.06695400028281,-84.23739299990909,-39.83130559964575,-187.46284738696687,-39.86278614398789,-187.4681487391542,16.594,783.9541964442244,-4.12867966436472,1.5917300098705778,11.786229022705893,2.61244323790587,-1.7085735439294165,8.903869693976453,2424.4196721311273,0.0,1.0535737704902,0.7000000000000001,145.0,-0.6369217391304797,426.0534695652178,-1.5274181818177819,95.08
52.66685000000001,518.483304,42.06698200025252,-84.2373839999394,-39.08756979845662,-184.3458907588581,-39.07576469183442,-184.393598832228,15.259,786.9541964442244,-5.105967088607798,6.391240506330276,11.752718987341742,5.923868354431193,-2.9728101265825693,22.69003544304129,2163.735081967214,0.0,-1.2807868852461437,1.5,150.0,-0.1050347696879779,428.1595658841007,-0.2647344229816352,95.08
52.86484999999999,518.681304,42.067007000232316,-84.2373779999899,-38.591748435104506,-181.56289300830196,-38.60748901106896,-181.5628931447643,13.797,789.9541964442244,-3.65047069271817,7.605896980461373,12.978774422734858,15.584440497331896,-0.05094138543633964,31.847175843690984,1908.004117647015,0.0,-0.5774117647097847,3.2,123.0,-0.04133372898120198,429.5794085106381,-0.09884314695692499,95.08
53.06284999999997,518.8793039999999,42.0670300002013,-84.23737700004027,-38.50911500770027,-179.00253646104943,-38.53272564298405,-179.0131380803553,12.345,792.9541964442244,-3.010716990659135,7.870713203736346,10.788581166372886,18.20713203736346,-0.737139611209038,30.034294370109233,1859.7640000000597,1.9000000000000001,1.9179999999701383,3.2,0.0,0.5389833992094023,430.4963385770747,1.2620999999996532,95.08
53.26155,519.078004,42.06705000018232,-84.23738100009116,-38.83966957143837,-176.77613857383108,-38.85147476770274,-176.76553693960992,11.275,794.9766644814878,1.3706138107425838,10.996867007673274,13.996741687980204,31.986214833762407,-1.9987468030693096,54.725186700772326,1815.1762162162229,14.0,17.121837837838125,13.200000000000001,0.0,1.6049023255806967,430.9430959327065,3.7297296387918744,95.08
53.459,519.275454,42.067068000151636,-84.23739000013141,-39.58341120327912,-174.77238198957934,-39.579476238013044,-174.78298379171372,10.497,796.9701021392364,-0.1164098441757846,9.87425302992833,9.38732500618257,27.970121197133164,-13.471615137276507,70.7089166460581,1820.6640000000193,35.0,39.70319999997672,27.6,0.0,6.73724975124387,430.3564981206728,15.70264933530287,95.08
53.65685000000002,519.473304,42.06708300013131,-84.23740300017172,-40.65770319820523,-173.10258425203216,-40.669507979644166,-173.10258567707,10.279,798.9675781614476,2.69743507296574,9.629570863220371,13.424580756863888,18.182834528814816,-4.173692802374076,57.25139747712038,1714.6399999999908,37.0,35.464000000006784,28.6,0.0,7.452002375061712,430.42119706349206,17.422415589541174,95.07000000000001
53.85485,519.671304,42.067096000101,-84.23742000020202,-42.062544723602024,-171.65542762603536,-42.09402662599695,-171.73494137432553,10.279,800.9665685703318,4.833754731263488,6.805802422408222,7.493883421652298,14.567933383801314,4.8253141559394805,50.87130961393092,1686.1920000000052,38.0,35.05213333332981,29.6,0.0,7.405111837543338,430.5589083052529,17.31,95.07000000000001
54.05284999999998,519.8693039999999,42.0671060000909,-84.23744000022222,-43.71529818311997,-170.54222875045014,-43.774327003294886,-170.58463261865714,10.285,802.965558979216,4.139753850038077,6.382376925019039,6.884835900025385,-4.371317849022681,0.0983590002538488,14.722938651865789,1700.120000000003,31.900000000000002,28.491999999997226,22.900000000000002,0.0,7.114061067194294,430.6300272000001,16.664728098766204,95.06
54.25085100000007,520.067305,42.06711500018168,-84.23746200030281,-45.53333181223554,-169.54033864509512,-45.50971686132455,-169.4343216326619,10.676,804.9637678072654,5.248581811165714,-5.110502958582847,11.743854515051424,-8.49527270388571,10.237078723954276,-38.18413300747424,1550.626315789575,0.0,-6.937368421042491,0.2,0.0,0.33169196205541296,431.7056838038637,0.7899504705294149,95.06
54.44900100000001,520.265455,42.067127000226584,-84.23748200021149,-47.186076055448574,-168.20449364633447,-47.09163411077195,-168.13028219733155,10.268,806.9634650521936,2.874619209466295,-16.24162260825849,9.245811304129244,-21.234768378651797,7.496953675730359,-71.99009944612366,1689.6830769230355,8.9,13.134153846151781,8.4,0.0,0.5403434093169326,431.90915590706874,1.2761390958761336,95.06
54.647601000000066,520.464055,42.06714200024315,-84.23749600015198,-48.34299739103823,-166.534691802039,-48.34693310777702,-166.57709861779983,9.914,808.9677036231902,2.7561296859175695,-13.488506838904557,7.873467578520608,-16.25,6.491571681863342,-68.71628672745337,1790.4174999997815,35.9,41.90050000001959,27.8,0.0,6.028490351312804,431.22731514101935,14.070745670464529,95.05
54.84500099999997,520.6614549999999,42.067158000257585,-84.23750600007577,-49.16936698837775,-164.75357019531742,-49.1575613201922,-164.7694722143998,9.812,810.9598319913393,4.747708333333521,-9.759166666665918,7.372708333333521,-16.257638888888263,3.762986111110049,-57.75687499999944,1805.0,59.900000000000006,68.06050000010029,45.5,0.0,12.02451782178177,430.39530841167783,28.14110539336926,95.05
55.04300100000006,520.859455,42.06717500028787,-84.237511,-49.582548674430775,-162.86112682420907,-49.55106866419462,-162.82402130022012,10.1,812.9580154609134,4.0,-12.738156731496597,6.628438368275182,-18.73013387218784,7.986246526899274,-59.93505304369101,1885.5199999998165,59.0,57.35599999994498,45.400000000000006,0.0,13.657724444444261,428.35874659090865,31.956331521738317,95.03
55.24100100000004,521.057455,42.0671940002881,-84.23751099995451,-49.58254491533393,-160.74604679870106,-49.614025844248005,-160.78315255648022,10.391,815.3471178536256,4.006592853548581,-8.866758933064274,7.745879466532137,-12.249175893306427,3.498351786612855,-38.72857322596711,1882.7157894736804,67.9,66.22631578947934,52.0,0.0,13.179440652819864,427.911318004012,30.80643750000258,95.02
55.43885100000006,521.255305,42.06721300030126,-84.23750799990962,-49.334628437649606,-158.63096533361642,-49.36217365608812,-158.60446022216723,10.857000000000001,817.7434842427249,5.998037242073856,-6.37745344740768,6.50122672370384,-12.000245344740769,3.000490689481536,-32.25637896325997,2017.7476923076981,66.9,66.93738461538491,51.1,0.0,15.23,427.341845598417,35.750562127236634,95.01
55.638000999999974,521.4544549999999,42.06723300031978,-84.23750199984772,-48.83879778518284,-156.40456327162582,-48.82699252662202,-156.36745838004114,11.421,820.1555962790599,5.748464467005202,-7.7519194162434975,6.378071065989596,-12.248464467005203,2.25,-40.989251269036416,2078.9058333333433,66.9,70.58641666667059,50.900000000000006,0.0,15.395981954887194,426.21380213293656,36.167677083333075,95.0
55.83500099999998,521.6514549999999,42.06725400028787,-84.23749199978788,-48.012416944608965,-154.06684682426516,-48.004546932655145,-154.13575758478547,11.96,822.5416674372732,5.251527777777653,-8.372326388889107,7.377291666666479,-11.73319444444582,2.25,-37.484722222223475,2128.325373134258,66.9,65.71955223883153,51.400000000000006,0.0,15.819790801186628,425.7711062003968,37.29748593981156,94.98
56.033000999999956,521.8494549999999,42.06727300028788,-84.23747799972729,-46.855485684580884,-151.9517668232774,-46.86335561041571,-151.9146604322279,12.468,824.9398506318224,5.748472222222347,-7.519479166665073,8.120798611111455,-6.298124999996063,2.261458333332396,-32.57180555554968,2302.501834862266,78.9,79.729357798114,60.2,0.0,18.16610252600225,426.0194892963336,42.83716699702654,94.97
56.23100100000005,522.047455,42.06729200027243,-84.237459999667,-45.3680040908262,-149.83668854266284,-45.356198175188155,-149.8207872082647,13.048,827.7316868257469,5.25229166666691,-13.865833333332361,6.74770833333309,-21.974791666663993,5.995416666666181,-55.962569444440476,2801.594999999702,80.0,81.11450000003899,60.7,0.0,23.523284017813708,424.3473241464617,55.80074332344512,94.95
56.42920099999998,522.2456549999999,42.067310000227494,-84.2374379995905,-43.54997079992365,-147.8329335451093,-43.50275006307064,-147.91774812455935,13.386000000000001,830.5370654527806,6.012196969697175,-10.849081439393503,5.99542613636356,-13.67681818181695,4.482720959595668,-43.607702020199625,2901.8045454545236,80.0,78.29515151515346,60.5,0.0,25.96230857427646,422.42102487636,61.71662759643809,94.94
56.62700100000001,522.443455,42.06732500021141,-84.23741099956206,-41.31875353298407,-146.16313533534935,-41.31481766050406,-146.20024137610963,13.938,833.3367823671475,8.994289579663189,-4.49505096904143,4.890227787564829,4.252284168134724,0.24923861062175853,-8.725635539896274,2441.739999999968,74.0,73.10450000003422,56.2,0.0,20.988388478583364,421.9565402184706,49.92878699106342,94.92
56.82565100000005,522.642105,42.06733900021186,-84.23738199953091,-38.92226086313668,-144.60465528549776,-38.87504034163723,-144.60465443787274,14.579,836.1485304209344,7.121184409686781,-2.8589745206844803,9.880723385469828,5.025182896067245,-0.00610494450115043,-0.6630045408586064,2546.5311475409794,74.0,74.71672131147777,55.900000000000006,0.0,20.332135442412465,421.4067844213649,48.445228486646926,94.9
57.02390099999997,522.8403549999999,42.067353000258684,-84.23735099955871,-36.36049788588951,-143.04617007294468,-36.38017465756006,-142.99316122073253,14.917,838.9546167620514,5.860880040579576,2.4040705046891078,11.746677656606959,13.264950545268684,-1.9725906670074125,27.800665736743873,2255.757894737061,0.0,-23.119473684172778,0.0,0.0,8.850183572488438,423.87801390400733,21.184737753610765,94.88
57.221051000000045,523.037505,42.06737000028794,-84.23732199963628,-33.96401419982558,-141.15372681652786,-34.0505860322253,-141.13782311206378,14.694,841.9369690544705,1.6312026515156406,11.122932449494787,10.747518939393744,17.7557891414146,6.227670454543693,42.985940656564544,2376.4033333333705,5.0,2.9403333333370347,5.4,0.0,-1.6283790202874338,425.88077789317543,-3.8212190900100396,94.87
57.41900100000004,523.235455,42.06738900034804,-84.23729799969736,-31.980717099206114,-139.03864012625462,-32.01219746532654,-138.9697291996672,14.358,844.9348488060984,3.496944444444122,10.493506944443759,9.987777777776488,19.456458333328737,-0.4938888888882439,38.71715277777431,2522.9603174604176,44.0,54.87412698404077,33.7,0.0,11.024101920236053,426.4456360099753,26.015483013297782,94.87
57.61725100000007,523.433705,42.067412000363625,-84.23727799974243,-30.327969033481292,-136.47827839098937,-30.320098528356052,-136.50478312864604,14.734,847.9372719470954,2.509176136363652,8.365284090909075,6.003238636363642,5.265113636363663,1.5,27.991363636363623,2578.2683333333443,60.900000000000006,64.66350000002309,46.400000000000006,0.0,17.009584070798113,425.38961219028715,40.14370366700111,94.86
57.815251000000046,523.631705,42.067436000376496,-84.2372609997741,-28.923132628253896,-133.80659695815808,-28.89558666510928,-133.82779964297333,15.062000000000001,850.9359089302845,4.628750940085241,6.117498119829517,6.773041489095053,8.736067936826247,1.5032150915016353,25.97106417648528,2617.0,62.0,62.59327868855629,47.300000000000004,0.0,18.062299656694307,425.6566573616603,42.77448517786547,94.85000000000001
58.014451000000065,523.830905,42.06746100039652,-84.23724599980173,-27.683571069292043,-131.02359472909484,-27.656025961634008,-130.98648863560302,15.365,853.9527194709481,5.493072519083236,4.383082061069558,12.113069338421129,5.518473282444705,2.2376844783701966,19.272321882954017,2657.0,46.0,42.65103448277755,35.4,0.0,15.492107231917387,425.3230452746167,36.68108461157614,94.83
58.21115100000003,524.027605,42.06748700039394,-84.23723299984849,-26.609286269613143,-128.12927501640786,-26.625027044602078,-128.1133728149115,15.223,856.5428963468677,3.2332334006561068,7.003556551375977,8.253048472607981,11.492886897248045,-1.73272532188811,26.497967684928014,2585.5299999999806,33.0,27.29499999997101,25.8,42.0,10.241125309559951,426.0795828797628,24.238663861386797,94.82000000000001
58.40915100000001,524.225605,42.0675130003639,-84.23722299990902,-25.782915376964713,-125.23495836005281,-25.818330631682905,-125.26676416974044,14.372,859.1434217055258,-0.8845328282831637,7.863083964646045,9.008579545454847,9.734747474746937,2.4990467171716837,25.97712121212041,2203.3484374999384,0.0,-12.287656249992057,5.2,84.0,3.053020276952206,427.2878286491834,7.274899109787619,94.81
58.607001000000025,524.423455,42.06753700033298,-84.23721699993946,-25.287092355429305,-122.56328180200768,-25.267413947664476,-122.60039273623619,12.752,861.7419769692158,-3.3682644730324407,4.743264473032441,11.253741959426423,5.764219445820403,2.2327869866384598,19.99625804057358,2144.1881355932114,0.0,-1.293050847467327,0.5,96.0,-0.914915929203495,429.1858395637088,-2.149217154189631,94.81
58.80520100000007,524.621655,42.06755900028613,-84.23721299998495,-24.95654575613818,-120.11424701755999,-24.751924902843847,-120.43229586796164,11.078,864.3451291211665,-1.1616835724886294,2.5366835724886294,12.479620237506317,10.422556902524004,-3.4062530925290586,18.770379762493683,1999.898076923027,0.0,0.24182692308107492,1.2000000000000002,40.0,-0.08415084075167627,430.6015659574475,-0.20518249258137222,94.81
59.00440099999997,524.8208549999999,42.06757800028993,-84.23721200001526,-24.873910671724985,-117.99916659498194,-25.04706586551744,-117.8560299215178,9.665000000000001,866.9614152395731,0.5124872999746176,3.8592551435102647,9.5,9.17073279146547,0.5358331216662939,23.601238252476296,1969.396491228071,0.0,-0.20947368421065232,2.0,0.0,0.11913113948912137,431.3910601187528,0.2805982187035869,94.81
59.20100099999996,525.0174549999999,42.06759700065103,-84.23721300045422,-24.956584535549588,-115.88404639737604,-25.782935066353573,-114.96171071392561,9.451,869.1521056636785,3.3742361111111734,0.21524305555839846,9.493888888889389,-9.054999999995502,8.733958333334645,-10.607708333324524,1965.3669421487384,8.9,11.83578512397079,7.7,0.0,2.6600834980236057,431.5740021739129,6.209117094861464,94.81
59.39915000000002,525.215604,42.0676400002121,-84.2372429999596,-27.43567134724463,-111.09733525856797,-26.554214486235814,-111.89776494955683,11.974,871.353538852246,3.1221439393938293,-11.13737626262674,7.5,-26.982863636362975,3.5009520202020568,-45.80426515151724,1962.239365079374,11.0,11.287238095248682,9.8,0.0,2.1752106246925886,431.4322935180603,5.061719085487043,94.81
59.59715,525.413604,42.06766100020201,-84.2372389999091,-27.105116815213993,-108.75961638211948,-26.924106673536215,-108.8974356007413,11.913,873.553316652468,2.377380050505141,-14.374047979797943,7.502380050505141,-22.467631313130084,3.7604722222226203,-59.98762373737327,1930.7486666666605,10.0,9.350800000003654,9.1,0.0,2.2398767082294317,431.2401850099009,5.213020594059333,94.81
59.79514999999998,525.6116039999999,42.06768100018071,-84.23722999986948,-26.36137523621903,-106.53321875275935,-26.554192717519115,-106.35829197086137,11.676,875.75309445269,2.994792817680141,-14.10085760924429,8.124526619789103,-13.975384229033393,6.497159718734622,-56.661951280773295,1849.3211764706186,7.9,6.771529411752511,7.300000000000001,0.0,1.7812480712166587,431.6170605244928,4.140716279070322,94.81
59.99435,525.810804,42.06769900016253,-84.23721699984765,-25.287084767948926,-104.52946077718053,-25.251669037003573,-104.59837202083658,11.351,877.9662042395804,1.625,-7.73753047232092,8.009758760792323,-7.47939817166065,5.730482478415353,-33.46421787709481,1899.2786206896617,0.0,-1.4196551724154425,0.6000000000000001,0.0,0.24313821782173825,432.3018074220682,0.5691809900987702,94.8
60.191250000000025,526.007704,42.06771500017193,-84.23720199985841,-24.047521815032695,-102.7483397304701,-24.043587486376577,-102.69532993628063,11.202,880.1547388444304,1.6239217171717122,-4.82432070707047,10.250539141414144,-2.638936868686349,1.2424520202019849,-24.94484595959453,1824.858842975205,0.0,0.7729586776845137,0.9,0.0,-0.04807619990103573,432.830710222662,-0.12655121227108435,94.8
60.38900000000007,526.205454,42.067732000191924,-84.2371879999091,-22.89059975017121,-100.85589750469524,-22.96536715103263,-100.77638412334288,11.022,882.35273813711,1.373474747474579,6.889871212122855,10.372712121211869,22.996949494949156,-0.5061010101016841,45.551858585864316,1699.395999999942,0.0,-0.6174666666298978,1.6,0.0,0.08213929273091522,433.29599346534707,0.2071612073231189,94.8
60.587000000000046,526.403454,42.06775100019176,-84.23717899996971,-22.14686645387229,-98.74081752269092,-22.229503769496056,-98.75141959842765,10.652000000000001,884.5535161899564,0.8814823232330393,11.753431818182197,9.628050505050842,21.987797979796632,-2.4961868686864475,62.48245959595766,1727.8053333334108,13.0,16.86106666668215,10.8,0.0,1.3852074729601342,433.95797898909814,3.195639246780457,94.8
60.78514999999999,526.601604,42.06777000019105,-84.23717600001007,-21.898957019943936,-96.62573760238274,-21.954048514575433,-96.65224228339042,10.508000000000001,886.7559614989033,3.001421568627505,12.858415032679108,10.61931372548998,17.96588235293988,-1.25,56.67418300653306,1715.0,14.9,16.012117647048093,12.600000000000001,0.0,3.122223065401915,433.4446309811695,7.24058592666,94.8
60.98404999999997,526.8005039999999,42.06778900018256,-84.23717700003043,-21.981596292092004,-94.5106585474025,-22.01307607892196,-94.53716269992509,10.541,888.9667430883536,3.380260020293677,8.458398021313647,9.124043632673876,8.95600710299834,-1.2423490613910158,36.616108574342775,1703.0,14.9,16.092285714288895,12.8,0.0,2.887452787370514,433.6395958164779,6.703537839171219,94.8
61.181250000000034,526.997704,42.067807000191905,-84.2371799999899,-22.229505711928148,-92.506897506791,-22.14293347409784,-92.46449024326247,10.386000000000001,891.1583024895225,4.746226010100992,-2.4105833333335,8.871226010100992,-2.5560707070709694,0.7521565656565757,1.5569873737364703,1718.0,17.900000000000002,19.025508196716295,14.700000000000001,0.0,3.077179640719151,432.9462476595744,7.144074220682299,94.8
61.37925000000001,527.195704,42.06782600018182,-84.23717899994949,-22.14686478277113,-90.3918186297804,-22.10751383877166,-90.3865178279997,10.329,893.3587470237717,3.876078282828288,-10.633626262626303,7.999460858585856,-15.506469696969727,1.268330808080894,-43.044209595959806,1812.284666666664,29.900000000000002,34.64086666666144,23.400000000000002,0.0,5.804414229248958,432.7005331487889,13.44484527928852,94.8
61.57724999999999,527.393704,42.06784400018192,-84.23717399990906,-21.73367349405179,-88.38805861822891,-21.7218675327259,-88.39866140181397,10.535,895.559191558021,4.126078282828288,-12.620147727272705,7.871226010100992,-17.0,5.501078282828288,-53.26078282828288,1802.7783606557032,33.0,31.726295081945295,26.0,0.0,6.793937258782787,432.38741092345674,15.772860545905505,94.79
61.77515,527.591604,42.06786200015101,-84.23716499985905,-20.98993105543206,-86.38430205928842,-20.919100110031984,-86.47971860950122,10.758000000000001,897.758524756647,4.375948905109525,-11.50711678832144,7.003795620438101,-16.978175182480918,5.741459854014272,-55.74051094890475,1871.0,33.0,31.42673333334125,26.3,0.0,6.834416443784073,432.1794070529965,15.8669481188119,94.78
61.97380000000004,527.790254,42.06787700017227,-84.23715099983787,-19.833003051878684,-84.71449969294866,-19.833003390147645,-84.65618940730474,10.728,899.9661929724489,4.621179376741683,-13.325331897641876,8.00095515581458,-11.143022548767119,3.484717506966731,-52.99115277424901,1806.7099999999587,47.0,51.187000000012425,36.1,0.0,8.761427412172223,430.51694542037535,20.38159525222627,94.78
62.171149999999955,527.9876039999999,42.06789400017163,-84.23713499984856,-18.510802503787296,-82.82205976416861,-18.573761725645245,-82.82205611400195,11.021,902.356367953127,3.635948232322004,-0.37071590909138974,8.253808080807653,16.695734848490936,-0.5,14.492383838384693,1912.9574603173512,80.0,85.165968253881,60.400000000000006,0.0,15.366169950247574,428.68247542800646,35.8518228346366,94.77
62.36925100000002,528.185705,42.06791100028786,-84.23711999977273,-17.271232394377424,-80.92960682541246,-17.271234505189078,-80.91370746657144,11.903,904.7590483654988,6.496761363636358,0.7591761363636522,9.247301136363632,2.5215909090909463,-0.4989204545454527,12.503238636363642,2014.854999999989,78.9,78.29799999998993,60.1,0.0,18.43684645864287,427.4781340931614,43.20139227340268,94.75
62.567251,528.383705,42.067930000302866,-84.23710499978799,-16.03166981255604,-78.81452515467402,-16.02773496243225,-78.81452565818691,12.441,907.1605037930302,5.750539772727274,2.88093750000001,8.620142045454537,7.491363636363621,-0.26079545454547315,13.26619318181821,2116.174999999919,80.0,80.90750000004302,60.5,0.0,18.79026250619122,426.4319683506688,44.24636386138645,94.74
62.76535100000007,528.581805,42.06795000033358,-84.23709099980289,-14.874744790679292,-76.5881217353683,-14.870809097427564,-76.58812112477243,13.008000000000001,909.5631720768394,5.880426136364148,4.25,7.506029040404609,5.515675505051983,-2.7536174242427656,17.02532196969936,2236.591666666794,84.0,83.8678333332748,63.800000000000004,0.0,20.093550000001038,425.56862063725447,47.4095654091143,94.72
62.96320099999997,528.7796549999999,42.06797200034621,-84.23707799983443,-13.80045873327071,-74.13908032965907,-13.796523350159429,-74.15498173377625,13.558,911.962808219955,7.001516197890533,4.240902812656801,8.75,8.728773229532536,-3.485848819688357,22.219676042189334,2360.076785714255,91.0,94.14357142856731,68.5,0.0,23.89028330856813,424.49376153465346,56.62361020306783,94.7
63.16250099999996,528.9789549999999,42.06799500039624,-84.23706699986285,-12.891447597286117,-71.5787147605323,-12.875707886426781,-71.5151042940239,14.304,914.9719436312884,7.364791772473707,2.0114842559670802,8.739153758253313,3.5574212798354004,-0.01020822752629342,14.855910360585295,2500.6901639344173,91.0,92.7381967212459,68.5,0.0,25.19583728981195,423.9966602373889,59.90669584569719,94.68
63.359351000000004,529.175805,42.068021000409075,-84.23705799992425,-12.147714365576489,-68.68439333142703,-12.179195527850805,-68.668491305791,14.875,917.9540675519071,5.369573863636498,4.27110164141362,6.623794191919222,14.743970959596108,-1.9843244949498826,35.47829545454599,2556.0,51.0,46.15850000000148,39.0,0.0,21.99019393336952,423.3394943592281,52.350658956693074,94.66
63.55735099999998,529.373805,42.06804800040899,-84.23705299998485,-11.734531426491188,-65.6787533405975,-11.777817523596987,-65.72116100571603,15.123000000000001,920.9536130753124,4.240353535353774,8.616559343434552,6.397910353534787,13.474678030303657,1.2114141414150956,30.95176767676887,2406.0548387097588,0.0,-15.686774193578188,0.4,0.0,0.4161425012481197,425.99022579051365,1.0299397233216583,94.65
63.75540100000006,529.571855,42.06807500039393,-84.2370520000303,-11.651897592761573,-62.67311501714573,-11.6794433995498,-62.720822401462314,14.841000000000001,923.95391605971,2.258882575758261,6.861676136362608,11.117386363635775,8.246193181817889,-6.737310606059627,20.98223484848348,2433.1644067792045,21.0,30.697796610163536,16.900000000000002,0.0,1.2274237623769901,427.7070472277231,2.899372772283607,94.65
63.95340100000004,529.769855,42.068101000407225,-84.23705400004525,-11.8171740067854,-59.77879353741798,-11.84078404175223,-59.74168501562926,14.904,926.9534615831153,4.000631916499042,4.222827590541168,9.624368083500958,7.459557344061272,-4.2310425050287215,17.41026785713595,2420.3655462185015,22.0,23.21352941177071,17.8,0.0,6.005656420426376,428.5125837462835,14.07815815567672,94.64
64.15230100000002,529.968755,42.0681280004094,-84.23705700003033,-12.065085542801647,-56.77315329505802,-12.072955714411297,-56.7678553744645,15.002,929.9521973578834,4.123604445566996,-1.162679969691101,9.494417782267986,-0.5683821672171833,-0.505582217732015,-0.38257767113535524,2485.630645161308,38.0,43.04870967749414,29.3,0.0,8.36229767211618,428.87468925742576,19.548350000003996,94.64
64.35015100000004,530.166605,42.068155000410634,-84.23705899995437,-12.230354444503545,-53.767513157897895,-12.309058635460325,-54.000761808193744,15.216000000000001,932.9348606744666,3.8756368821293266,-7.872452471482694,8.484077946766838,-12.783117870724976,-1.4643346007577187,-24.0891634981057,2513.842399999998,40.900000000000006,42.09600000000284,31.8,0.0,11.159854104846548,429.10616483679524,26.146688427299743,94.63
64.54740099999998,530.363855,42.068182000204814,-84.23705599993933,-11.982440432955856,-50.76189606978346,-11.89586306287711,-50.61875688112804,15.433,935.908478764918,3.9866761363641157,-7.399109848483981,5.389592803029778,-19.27410984848398,5.507613636363362,-41.54314393939239,2236.593333333365,0.0,-14.221999999990452,0.0,0.0,3.9702334322469843,429.81236566056333,9.364146884275291,94.62
64.94290100000006,530.759355,42.068209000362856,-84.23704799976565,-11.321325364439055,-47.75623847657016,-10.927815017006573,-47.22614762016404,15.139000000000001,941.8707903227081,1.8667141441665422,-13.723070968541261,8.127071463958364,-4.085577161255042,1.8370014862513075,-38.69057468416953,2468.7049999998394,47.0,55.18450000008483,36.0,0.0,11.366644202183071,430.4490281962335,26.683976721150554,94.61
65.33975100000004,531.156205,42.068257000365655,-84.23701699969529,-8.759554274776706,-42.41287816496964,-9.042886065561216,-43.14441232210625,15.367,946.9256437057278,5.622785784676017,-4.811998029071522,10.578501478196358,-0.08856861295931662,-0.7367147080561025,-10.685994087214565,2593.1037735847717,54.0,51.69301886795936,41.2,0.0,15.195577556109459,427.83781331024244,35.825585643562185,94.59
65.53665100000006,531.353105,42.068281000371194,-84.2369969997197,-7.106804501545852,-39.74119754842576,-6.725097120565181,-38.882442805548486,15.696,949.4232125188862,3.5540490294932705,0.7319290395766362,7.579483866901868,2.1927716158306545,3.1482606503656085,3.631194857575329,2283.610000000066,0.0,-16.7,0.6000000000000001,26.0,5.066349950144715,428.34438119742765,11.882183572486088,94.58
65.93265100000002,531.749105,42.06833000034805,-84.23695999977302,-4.049218096437904,-34.286520124960305,-4.509626650908989,-34.98094499343791,14.766,954.4462559419968,-4.647262818925054,2.212153207827407,11.02448910081756,3.388685905374727,1.9821897448599564,15.370875650234684,2045.6999999999775,0.0,-0.13999999999552706,1.0,122.0,-0.10718378378376663,430.8814491106718,-0.2542831594633776,94.58
66.13090100000005,531.947355,42.06835300031859,-84.23694499983313,-2.8096592208675775,-31.726163404483998,-2.900166471497249,-31.906394626125934,13.381,956.9609487668249,-3.3967377587073653,5.689134275619378,11.859783568904845,10.13261610298023,-3.4043538616875937,31.467409136804257,1834.7458015266848,0.0,0.8983206106739219,2.7,114.0,0.01977157107232882,432.29002609126997,0.04949827331033199,94.58
66.32865099999998,532.145105,42.068374000316986,-84.23693399987926,-1.900649548124054,-29.38844358281898,-1.7314403476462719,-29.0968915528545,12.18,959.1639794243152,-2.7613535876705986,6.118187847397641,9.788602198080035,10.986375694795282,-6.445502779181126,30.031790045477678,1812.0,5.9,7.400925925923587,6.300000000000001,0.0,0.8735593719332848,432.95343753709193,2.0454559841730298,94.58
66.527401,532.343855,42.068395000304164,-84.23692599995438,-1.2395550401406832,-27.05072501010534,-1.2907115991444411,-27.050724957976264,11.321,961.3728705584404,3.756803598388517,8.948707221942186,10.363849396074388,16.647414443884372,-5.026761449421468,45.22346502264483,1781.3081967213245,35.0,43.93459016393378,27.3,0.0,5.898682220036991,432.6915391111112,13.750592555832817,94.58
66.72465100000005,532.541105,42.06841500030302,-84.23692300001515,-0.9916472937543989,-24.82432513753679,-1.0388679410212505,-24.813723214910542,11.268,963.5650908160818,5.458751572327085,5.832496855345831,9.765864779874198,8.953069182389738,-0.12691823899358656,17.967088050313762,1814.0,35.0,37.813684210503894,27.6,0.0,8.12583524141366,431.9805509648687,18.917153618906944,94.57000000000001
66.92265100000003,532.739105,42.06843500028787,-84.2369240000303,-1.0742861349157333,-22.597926823982277,-1.0664162431371094,-22.587324275618545,11.691,965.7656465119645,4.279074917742314,2.331409769678479,9.017444950645388,4.3546697038723305,0.7325550493546117,7.726784358390049,1721.558333333583,0.0,-8.703333333347608,0.30000000000000004,0.0,1.6437934782616925,432.8780157608698,3.893613142293116,94.57000000000001
67.12065100000001,532.937105,42.06845400028759,-84.23692600003028,-1.2395613123481914,-20.482846855424555,-1.25530075282725,-20.4298385981394,11.492,967.9662022078471,-0.04189386254162386,-0.0798852396654528,11.575136317524974,-7.522051737257025,2.957259700735692,-10.403328683745059,1602.0983870967818,0.0,0.111451612896252,0.2,102.0,-0.4264666011786764,433.74866668316844,-1.007124257425833,94.57000000000001
67.31885100000005,533.135305,42.06847300024155,-84.23692799998491,-1.4048327424273153,-18.367771979962413,-1.3772861140968455,-18.44728664676414,10.774000000000001,969.9716105856392,-2.2140640798790194,-7.252395096057832,10.273252654195929,-14.385850606674534,3.7373167340749482,-38.768035894848026,1406.0,7.0,8.0,6.7,34.0,0.2662329517172771,434.0664193580248,0.6241649382717543,94.57000000000001
67.51755099999997,533.3340049999999,42.068489000197616,-84.2369269999088,-1.3221888633011407,-16.586656871110108,-1.231682792055183,-16.6714722135884,9.620000000000001,971.978681292709,2.7823919326459032,-11.057237999497003,10.3727412666499,-16.709342799698202,1.5406572003017986,-51.03316159839041,1465.889473684249,21.0,27.75578947369958,16.900000000000002,0.0,2.6307921820868394,434.43696744186036,6.104654455441921,94.57000000000001
67.7149,533.531354,42.06850200014141,-84.236920999899,-0.826362516004326,-15.139503128221463,-0.7515950247179122,-15.049385262647604,8.931000000000001,973.9721055351336,2.875,-10.39311634349051,6.959542936289043,-19.677534626037964,4.427534626037964,-55.15337950138395,1352.3678571428243,0.0,-4.7252857142870255,0.7000000000000001,0.0,2.364937233516182,434.3039798512642,5.524653968255683,94.56
67.91289999999998,533.729354,42.06851600014158,-84.23691099989887,1.3389947577256994e-05,-13.581023109217938,0.003948467000687276,-13.559819469845216,8.906,975.9721055351333,-0.913793016193484,-8.297274797571315,10.17491649797497,-13.639043522268574,4.011123481781486,-51.33898785425189,1317.0766666667373,0.0,-1.2923333333262723,0.8,0.0,-0.09548916378021939,434.1162636831683,-0.2261544554454045,94.56
68.11065000000002,533.927104,42.0685300001313,-84.23690099992929,0.8263867710453066,-12.022544253740364,0.7949052002087726,-12.038447136493307,8.415000000000001,977.9695802826084,0.22655417406755274,7.449893428064673,10.863277087033776,22.070071047959026,-3.8499467140323365,51.04461811723388,1304.861333333377,0.0,-0.3757333333409731,1.4000000000000001,0.0,0.10872770137525303,434.599000691358,0.2706463523573127,94.56
68.30865,534.125104,42.06854300014142,-84.2368939999899,1.4048448887374179,-10.57538312708914,1.3379478747832958,-10.52237485074522,7.931,979.3770832729919,-0.36379833206966083,9.100356330553254,10.506721000758203,29.870060652008064,0.4193479909015574,78.5340106140979,1121.1160655737744,2.9000000000000004,2.6928524590196004,3.6,0.0,0.3498184354758739,434.3889942857142,0.8167177459218666,94.56
68.50664999999998,534.323104,42.06855700011011,-84.23689300005006,1.4874775070139767,-9.016906612110063,1.4284511309985954,-9.085818037426911,7.3500000000000005,980.774401551044,-0.620460742236788,10.475034082302335,10.254539257763213,28.52723554657927,-4.654675586972548,87.34566523605079,1439.0761061947,51.0,61.270230088502046,39.5,0.0,7.0508069169953815,433.24031869565243,16.30599999999572,94.56
68.70644999999996,534.5229039999999,42.06856800011199,-84.23689800010182,1.074285282337068,-7.792386403220064,1.0664156044580504,-7.776484122400004,6.902,982.184422722533,3.1859799498729333,10.25413032581465,9.7582606516293,26.533042606517196,-4.50413032581465,89.71282706766816,1258.2968421052751,65.0,69.94063157894499,49.300000000000004,0.0,10.121394599901778,432.8677878578484,23.5139207940442,94.55
68.90289999999999,534.719354,42.06857900009091,-84.23690800012122,0.24790778396550914,-6.567868749974082,0.29119339824536505,-6.59967401475437,7.051,983.5708023979037,8.269849137930578,10.127564655172424,8.7705172413794,18.909008620690347,-1.5615517241381993,53.26426724138264,1291.0,77.9,85.41356097563482,59.0,0.0,10.994415833746032,431.61256304799616,25.596586046509493,94.54
69.10089999999997,534.9173539999999,42.068588000091026,-84.23692000016182,-0.7437466451442203,-5.565988736684062,-0.6965248595400142,-5.502377470649352,7.61,984.9681206759558,4.965462079358522,3.6712317930714864,6.558154193873335,11.443847312911117,0.2047689603207392,25.46723505777113,1414.6244067796915,85.0,90.2765423728023,64.2,0.0,13.744738370951676,430.44747127596474,32.10249341909955,94.53
69.29865000000001,535.115104,42.06859700009087,-84.23693600017167,-2.065948891346834,-4.564108754242113,-1.9774090711475265,-4.508449004557113,8.24,986.9541322346763,7.452545245984831,4.481921998470412,7.604662248279213,4.131065511089513,-0.9774024980880152,18.12202651032472,1546.3540000000107,92.9,98.56659999995975,70.0,0.0,15.627854977711142,429.8250620505201,36.558366319959276,94.52
69.49669999999998,535.3131539999999,42.06860600009035,-84.23695300019077,-3.470789491355208,-3.5622288121399492,-3.5514592365771707,-3.617888616477652,8.96,988.9584840209324,6.149618783135773,2.044761423883225,8.975381216864227,6.700762433728453,-1.0,20.700762433728453,1682.4719999999475,101.0,110.68760000002368,76.60000000000001,0.0,18.691026548671452,428.29478522255215,43.89328469184658,94.5
